id,split,official_split,tier,country,specialty,group_id,question,answer
24c2dfd2df3897989f3e3d3f4f0227b187f46fb9151a371d420629d0a96bbeb0,train,train,crowdsourced,NG,,0,Which mosquito-borne disease is a leading cause of death in Africa?,"Malaria, caused by the Plasmodium parasite, is a leading cause of death in Africa."
048665be6cd9131df29552367ed6c0babd13c28c10a35701085b94dd6327bfce,train,train,crowdsourced,NG,,1,What is a common traditional remedy for stomach ailments in Africa?,Drinking ginger or peppermint tea is a common traditional remedy for stomach issues in Africa.
22ccd202f44c10f1d4a42d5e737b64912d24b6b2a2a2a2b03d404f265851981f,train,train,crowdsourced,NG,,2,What is the most common gynecologic malignancy in African women?,"Cervical cancer is the most common gynecologic malignancy in African women, with high incidence rates attributed to persistent human papillomavirus (HPV) infection, limited access to screening programs, and sociocultural factors. Prevention strategies include HPV vaccination and cervical cancer screening."
38a71f650d2f05c944e41a4a89a2acfa19dbfd4a11b8669291dd68445fc1c14d,train,train,crowdsourced,NG,,3,What is the primary method used for diagnosing hemolytic anemia associated with thrombotic thrombocytopenic purpura (TTP) in Africa?,Measurement of ADAMTS13 activity and presence of ADAMTS13 inhibitors is the primary method used for diagnosing hemolytic anemia associated with thrombotic thrombocytopenic purpura (TTP) in Africa. This can be done using enzyme-linked immunosorbent assays (ELISAs) or functional assays.
3dab367ad95409be910b2bb7cc83e638b6cb7f5dac3c3275fe5189ed4712d0ed,train,train,crowdsourced,NG,,4,"How do cultural beliefs and social norms influence the prevalence and management of chronic diseases such as diabetes and hypertension in Africa, and what strategies can be implemented to promote preventive behaviors and improve disease management?","Cultural beliefs and social norms play a significant role in shaping perceptions of chronic diseases like diabetes and hypertension in Africa. Stigma, fear of diagnosis, and reliance on traditional healers may deter individuals from seeking early diagnosis and adhering to treatment regimens. Cultural dietary practices, physical activity patterns, and health-seeking behaviors also impact disease management outcomes. Strategies to promote preventive behaviors and improve disease management involve community engagement, culturally tailored health education programs, integration of traditional healing practices with modern healthcare services, training of community health workers, and decentralization of chronic disease management services to primary care settings. Empowering individuals and communities to make healthy lifestyle choices, addressing socio-economic inequalities, and strengthening healthcare systems are crucial for mitigating the burden of chronic diseases in Africa."
78b1291aaec5e1716a658dfa6fed3cc58782a4c87c73f268fda79edac5b81a9d,train,train,crowdsourced,NG,,5,What is the most common cause of pediatric pneumonia in Africa?,"Respiratory syncytial virus (RSV) is a common cause of pediatric pneumonia in Africa, particularly in infants and young children."
ee9839f503b4adce608c3a6d6a36d2e8b97cee86de9b918766ca1a94c0464cc5,train,train,crowdsourced,NG,,6,"Explain the diagnostic approach and management of common gastrointestinal disorders, such as peptic ulcer disease and gastroenteritis, in Nigerian patients.","Peptic ulcer disease is commonly caused by Helicobacter pylori infection or non-steroidal anti-inflammatory drugs (NSAIDs) in Nigeria. Diagnosis involves upper endoscopy and H. pylori testing. Management includes proton pump inhibitors, H. pylori eradication therapy, and avoidance of NSAIDs. Gastroenteritis is typically managed with rehydration therapy, antiemetics, and antibiotics in severe cases, with consideration of local antimicrobial resistance patterns."
ed8dcd8db10365f787bd64b4cc98629e9f18a7769bff80b900c94c26f963e643,train,train,crowdsourced,NG,,7,How does the prevalence of anemia vary across different age groups in Africa?,"Anemia prevalence varies across age groups, with higher rates observed among children under five, pregnant women, and elderly populations in Africa."
c5a15b201d3bfb15ac7b709966bd25d8fce0c550fabe3392ac915d30b9d26bf3,train,train,crowdsourced,NG,,8,What traditional remedies are used for pain management in African cultures?,"Traditional remedies may include herbal teas, topical ointments, and massage techniques using plants such as ginger, turmeric, or aloe vera."
0bfd988c5545a50fa4af467c34c9201b48480babbd04132f79c4e9dbf68c46d5,train,train,crowdsourced,NG,,9,What is the recommended first-line treatment for endometrial hyperplasia without atypia in African women who desire fertility preservation?,"Progestin therapy is the recommended first-line treatment for endometrial hyperplasia without atypia in African women who desire fertility preservation. Oral or intrauterine progestin regimens induce endometrial decidualization, promoting glandular apoptosis and regression of hyperplastic lesions."
e26ac625f258940e1ba6a2cc4b4e411bed25030050471e1930544441e2a87877,val,train,crowdsourced,NG,,10,"Among African communities, what mitochondrial disorder is associated with Alpers syndrome and may present with refractory seizures and liver dysfunction?","Alpers syndrome, a mitochondrial disorder prevalent in some African populations, manifests with refractory seizures and progressive liver dysfunction, posing significant health challenges."
b8d4236654e6b588451a8046bc8809d7fb0e949df48495144dc7a02becb20d23,train,train,crowdsourced,NG,,11,What is the recommended first-line treatment for uncomplicated acute bacterial exacerbation of chronic bronchitis in adults in Africa?,Oral antibiotics such as amoxicillin-clavulanate or doxycycline are the recommended first-line treatments for uncomplicated acute bacterial exacerbation of chronic bronchitis in adults in Africa.
d49c29a599fc99ab02bdbb32c191d3dc1ae4fc25acc2eaf851c71e694ba749a3,train,train,crowdsourced,NG,,12,What is the recommended first-line treatment for uncomplicated acute bacterial rhinosinusitis in adults in Africa?,Amoxicillin-clavulanate or doxycycline are the recommended first-line treatments for uncomplicated acute bacterial rhinosinusitis in adults in Africa.
0597f0b40f48ab45e8497344c53fe3bfc189ea3d74408de2b1efdff25ce9d4d5,train,train,crowdsourced,NG,,13,How does the prevalence of cervical cancer differ in Africa compared to developed countries?,Cervical cancer is more prevalent in Africa due to limited access to screening programs and human papillomavirus (HPV) vaccination.
cedf0938d331ff278110936828a994bb2439ed2d8a4c39c3817bf4a6f8e0f0c8,train,train,crowdsourced,NG,,14,What is the primary cause of testicular pain and swelling in young African men?,"Epididymo-orchitis, commonly caused by sexually transmitted infections (STIs) or urinary tract pathogens, is the primary cause of testicular pain and swelling in young African men. Prompt diagnosis and treatment with antibiotics are essential to prevent complications such as testicular abscess or infertility."
bd21b00b00b61466146ba162972fda08ebacbab2152daa8fed239f6de95d6a65,train,train,crowdsourced,NG,,15,What are the common causes of road traffic injuries in African populations?,"Common causes of road traffic injuries in African populations include inadequate road infrastructure, unsafe vehicles, speeding, and lack of enforcement of traffic laws."
982ea662d777728397aec0116c6d1040c56700ba7024a5c2bd4ab14d7aef8fcd,train,train,crowdsourced,NG,,16,What role do traditional healers play in mental health care in African communities?,"Traditional healers may provide counseling, spiritual support, and herbal remedies for mental health conditions, complementing modern psychiatric care."
28c2b08ef63827e65991a68e4570df38ba804e457e50c4bcebd10b541341dbf8,train,train,crowdsourced,NG,,17,What is the primary cause of blindness in adults in Africa?,"Cataracts are the primary cause of blindness in adults in Africa, accounting for a significant proportion of visual impairment in the region. Factors such as limited access to cataract surgery, inadequate eye care services, and age-related risk factors contribute to the high prevalence of cataract-related blindness."
ea7a114d8932992983356534f0daa10bf0818e7a369c9163546be7d3c3ba0644,train,train,crowdsourced,NG,,18,How does the prevalence of counterfeit drugs impact healthcare in Africa?,"Counterfeit drugs can lead to treatment failure, drug resistance, and adverse health effects, undermining efforts to combat infectious diseases and improve healthcare outcomes."
e0e4bdaafc6d7a0c65e0a3490d0b4ef9cc80b59fd7cb94ef7fd67065167baa3f,train,train,crowdsourced,NG,,19,How does the presentation of HIV/AIDS differ in Africa compared to developed countries?,"In Africa, HIV/AIDS often presents at a more advanced stage due to limited access to testing and treatment, leading to higher rates of opportunistic infections and mortality."
bdd8b555fc028a44f4b0984e56352dca78b5d19bfa42f23e1c153e706d7f028f,train,train,crowdsourced,NG,,20,How do some African communities manage symptoms of bedsores?,Applying honey or shea butter topically to affected areas is a traditional method used to promote wound healing and alleviate symptoms of bedsores in Africa.
41254290dc7c3f439d5867ea38e31ce854a9d5cade9de54fe8707063978a0b51,train,train,crowdsourced,NG,,21,Which condition is characterized by the presence of cystic dilatation of the Bartholin's gland duct and can cause pain and discomfort in the vulvar region of African women?,"Bartholin's gland cyst is characterized by the presence of cystic dilatation of the Bartholin's gland duct, leading to the formation of a painless or tender mass in the vulvar region. This condition can cause discomfort during intercourse and may require drainage or marsupialization for symptomatic relief."
5d12a9f642c9c1d4836d5fc4a07aa28e90737f9356c86efef3151eaec95b3eb2,train,train,crowdsourced,NG,,22,"Which disease, caused by a virus, is a common cause of liver cancer in Africa?","Hepatitis B virus (HBV)
Reason: Chronic infection with the Hepatitis B virus (HBV) is a common cause of liver cancer in Africa, highlighting the importance of vaccination and early detection."
938ee4eb49f7a380845acf1a2b1b148f065681148b3ec59d17f5f8f8dff8f25a,val,train,crowdsourced,NG,,23,Which medication is commonly used for the treatment of visceral leishmaniasis in Africa?,"Sodium stibogluconate is commonly used for the treatment of visceral leishmaniasis in Africa, particularly in areas where other medications may not be readily available."
de854a69ae5887cd7531c3d37a3b2923ab22180c653f2e8121693c463f1b463c,train,train,crowdsourced,NG,,24,"Among African communities, what bone fracture is commonly seen in individuals involved in traditional woodcutting or carpentry activities?","Rib fractures, prevalent among African woodcutters and carpenters, require appropriate management to ensure optimal healing and prevent complications such as pneumothorax."
38f52d90cfcc4c4a7777d939e4ba4a902b09903ce87e981125b53f50467a9073,train,train,crowdsourced,NG,,25,How do traditional healing practices and herbal remedies contribute to the management of chronic pain conditions in elderly populations in rural communities across Africa?,"Traditional healing practices and herbal remedies play a significant role in managing chronic pain conditions among elderly populations in rural communities across Africa, providing alternative or complementary approaches to conventional medical care and addressing cultural preferences and accessibility issues."
5ada5efb7e44bab181a235db51c0e06865e9fd2a7cc1bdbd76c603a1a8caa2bc,train,train,crowdsourced,NG,,26,What are the challenges in diagnosing and managing ototoxicity in African populations receiving treatment for infectious diseases like malaria and tuberculosis?,Challenges include limited access to audiometry for monitoring ototoxicity and difficulties in distinguishing ototoxicity from disease progression.
2b7ab65e9815953feb1cae3a408081f444bb3b814b0f20aedfc04e1e597e8b42,train,train,crowdsourced,NG,,27,"What is the primary mode of transmission of Trypanosoma cruzi, the causative agent of Chagas disease, in Africa?","Trypanosoma cruzi is primarily transmitted through the bite of infected triatomine bugs (also known as kissing bugs) in Africa, particularly in rural areas where housing conditions are poor."
c3e977d70cae0ba35c3b87382ba0f0a1ced1d156249693e701a95078f5a67fdd,train,train,crowdsourced,NG,,28,What is the primary cause of acute pancreatitis in Africa?,"Gallstones is the primary cause of acute pancreatitis in Africa because gallstone disease is a major risk factor for the development of acute pancreatitis globally, including in Africa. Gallstones can obstruct the pancreatic duct, leading to inflammation and injury of the pancreas, which can result in acute pancreatitis. Gallstone-related acute pancreatitis is particularly common in regions where gallstone disease prevalence is high, such as Africa. Other causes of acute pancreatitis, such as alcohol consumption and hypertriglyceridemia, may also contribute to the burden of the disease, but gallstones are the most common etiology in Africa."
e4ebc5d46ba679899e3d9e2968da492268352797ad79b2e3bf3ab91907c761b5,val,train,crowdsourced,NG,,29,What are the common causes of maternal mortality in rural African communities?,"Common causes of maternal mortality in rural African communities include lack of access to skilled birth attendants, inadequate prenatal care, and delays in seeking care."
18877e50fa2736a051c2e015052770a0c5aec628629ce7aac6d82c44843aa8b8,val,train,crowdsourced,NG,,30,What are common traditional remedies for treating skin infections in Africa?,"Plant-based remedies like aloe vera, neem, and baobab oil are commonly used for treating skin infections in African traditional medicine."
47008a2891972af27884aac926569bd715583c354ff248e698ff229e42641db6,val,train,crowdsourced,NG,,31,"What is the name of the viral infection, transmitted through the saliva of infected animals, that causes acute encephalitis and is endemic in certain regions of Africa, posing a risk to humans through exposure to infected domestic and wild animals?","Rabies, a preventable viral disease caused by lyssaviruses. In Africa, dogs are the primary reservoir and source of transmission to humans, highlighting the importance of canine vaccination and post-exposure prophylaxis for individuals bitten by potentially rabid animals."
90eb23eb17c83b78f7a43c21af7e28cf4357c3f4e0b8327613a0c2f8f0d6ab53,train,train,crowdsourced,NG,,32,How does the lack of access to mental health services contribute to the high rates of substance abuse among youth in African countries?,"Limited access to mental health services leads to untreated mental health disorders, increasing the risk of self-medication through substance abuse among youth."
aca7c2d824834a69e5a1e97cdf6d979ed31f3d75bac6ece037cc8027f99bd5d6,val,train,crowdsourced,NG,,33,What are some common causes of acute kidney injury (AKI) in African settings?,"Common causes of acute kidney injury (AKI) in African settings include severe dehydration from diarrheal diseases such as cholera, infectious diseases such as malaria and HIV/AIDS, nephrotoxic medications, traditional herbal remedies containing potentially toxic substances, and obstetric complications such as postpartum hemorrhage and preeclampsia. Limited access to clean water, sanitation, and healthcare services further compound the risk of AKI in resource-limited settings."
4405a3a4839ccea03e824965efdb33cd738d37919c1fac0ba63351097b1d1bc0,train,train,crowdsourced,NG,,34,What is the most common type of cancer affecting women in Africa?,"Cervical cancer is the most common type of cancer affecting women in Africa, with human papillomavirus (HPV) infection being the primary risk factor. Limited access to screening programs and HPV vaccination, as well as cultural and socio-economic barriers, contribute to the high incidence and mortality rates of cervical cancer in the region."
12a94ceef4bfb0670632fe604f738dc9bdb6cbd4239c0e6babe5a6d6726fdbd1,train,train,crowdsourced,NG,,35,How does the lack of access to clean water impact health in African communities?,The lack of access to clean water contributes to the spread of waterborne diseases like cholera and typhoid fever.
d7c308d29efff650fe4c58394d6033eb0be1bab0c3d1e8ed914f737d4f82bdff,train,train,crowdsourced,NG,,36,What is the primary cause of death in African children under the age of five?,Malaria is the primary cause of death in African children under the age of five. Children in this age group are particularly vulnerable to severe malaria due to their developing immune systems and lack of acquired immunity to the disease. Prompt diagnosis and effective treatment are critical in reducing malaria-related mortality in young children.
bf9784a147a19ab8987bde3afcec7e7c664e9055ec4c67a64127396fd526bdb5,train,train,crowdsourced,NG,,37,What are the cultural attitudes towards organ donation and transplantation in African societies?,"Cultural beliefs surrounding death, spirituality, and the body may influence attitudes towards organ donation and transplantation, affecting donation rates and access to life-saving treatments."
34e81247011305ec3f02306fcaa0516af1983287c378ce89c760d797792b3f07,train,train,crowdsourced,NG,,38,What is the recommended first-line treatment for severe anemia due to African tick-bite fever in Africa?,Antibiotic therapy with doxycycline or tetracycline is the recommended first-line treatment for severe anemia due to African tick-bite fever in Africa. This bacterial infection is caused by Rickettsia africae transmitted through the bite of infected ticks.
536842c6ebec884b27f314921ec7874117044a048b497b122bafb674303f8f72,train,train,crowdsourced,NG,,19,How does the presentation and management of HIV/AIDS differ in Africa compared to developed countries?,"In Africa, late presentation of HIV/AIDS is common, and management often faces challenges such as limited access to antiretroviral therapy, stigma, and comorbidities such as tuberculosis."
b863296e4319ddb0dfc67efb9bbbf4ef112439e5a5960db8dcd25b657c30d045,val,train,crowdsourced,NG,,39,How do cultural attitudes toward aging affect healthcare-seeking behaviors among older adults in African communities?,"Cultural attitudes that value respect for elders may influence healthcare-seeking behaviors among older adults, with some preferring traditional healers or home remedies over modern medical interventions."
4e6a5cd0f1f4a1924a1002ec35f32f1e0dde74ff0a7edd6ba701d720534ef2db,train,train,crowdsourced,NG,,40,Describe the histopathological findings in African cases of endemic cutaneous anthrax affecting the skin.,"African cases of endemic cutaneous anthrax affecting the skin typically exhibit necrosis, edema, and the presence of Gram-positive bacilli within affected tissues. Histopathological features may include dermal necrosis, hemorrhage, and a mixed inflammatory infiltrate composed of neutrophils, macrophages, and lymphocytes."
8c4429f82fa07d897f2a20ac00f0e4ba10889bfaadf17bed731819927a0f4d74,train,train,crowdsourced,NG,,41,What is the primary cause of scrotal swelling and discomfort in African men?,"Hydrocele, characterized by the accumulation of serous fluid in the tunica vaginalis surrounding the testis, is the primary cause of scrotal swelling and discomfort in African men. This benign condition may be idiopathic or secondary to underlying conditions such as filariasis or trauma."
cd98084d9d6903f5f03d682bcca9407c54a08f63418a69377f7f481e233f9ae7,train,train,crowdsourced,NG,,42,"How does the stigma surrounding certain diseases, such as leprosy, impact patient care and treatment outcomes in African societies?","Traditional medicine is often deeply rooted in African cultures and may be used alongside modern healthcare practices, but varying perceptions of efficacy and safety can impact healthcare-seeking behavior and treatment outcomes."
d97372d30e163a60c6f14a33e92d1edca68417d6640a176a0bb18c90cd6c97db,train,train,crowdsourced,NG,,43,How does the prevalence of parasitic infections like schistosomiasis and soil-transmitted helminths impact child development and school attendance in Africa compared to developed countries?,"Parasitic infections are more prevalent in Africa and can lead to malnutrition, anemia, and cognitive impairment, affecting child development and school attendance rates."
c7bacaf2e0e0988b19380b8c7622ceb3c0c001c2605b5455565c9a2464b24489,train,train,crowdsourced,NG,,44,What histopathological findings characterize African cases of endemic schistosomal appendicitis affecting the appendix?,"African cases of endemic schistosomal appendicitis often exhibit submucosal inflammation, granulomatous reaction to Schistosoma eggs, and eosinophilic infiltration within the appendiceal wall. Histopathological features may include mucosal ulceration, fibrosis, and the presence of calcified eggs within the appendiceal lumen or submucosa."
00bdc6694e7c0e6493c593dafce4145cd81d232379e39da695f8f7c0701082ab,train,train,crowdsourced,NG,,45,What is the recommended first-line treatment for uncomplicated filarial elephantiasis in Africa?,Diethylcarbamazine (DEC) is the recommended first-line treatment for uncomplicated filarial elephantiasis in Africa due to its effectiveness in killing microfilariae and reducing lymphatic inflammation. Mass drug administration (MDA) programs have been implemented to control and eliminate lymphatic filariasis in endemic areas.
ac309a5d0e9408cf3c2e986e51016232af62c18c0f2418fbb7eb6a1fe02e143d,train,train,crowdsourced,NG,,46,What are some common dietary practices in African cultures?,"Common dietary practices include the consumption of staple foods like grains, vegetables, and legumes, as well as traditional dishes prepared with locally sourced ingredients."
becfd6d450806c56df35aa5c48e8d8372ff54b4d9d51cb4511ffe2e284418855,train,train,crowdsourced,NG,,47,Which endemic infection in Africa is associated with the development of hemolytic anemia and acute liver failure?,"Yellow fever, caused by Yellow fever virus transmitted through the bite of infected mosquitoes, is associated with the development of hemolytic anemia and acute liver failure in Africa."
e3eeb71a2ae65ee6b140648d75f028b994b8188968e3df88bd5c63ff0ba32dd7,train,train,crowdsourced,NG,,48,"Clinical Scenario: A 35-year-old woman presents with fever, headache, and joint pain after returning from a trip to a rural area in Nigeria. On examination, she has hepatomegaly and splenomegaly. A blood smear reveals the presence of Plasmodium parasites. Question: What is the most likely diagnosis, and what is the recommended treatment for this patient?","The most likely diagnosis is malaria, specifically Plasmodium falciparum malaria, given the patient's symptoms and travel history to a malaria-endemic area in Nigeria. The recommended treatment for uncomplicated P. falciparum malaria in Nigeria is Artemisinin-based combination therapy (ACT), such as Artemether-Lumefantrine (AL). ACTs are preferred due to their high efficacy, rapid parasite clearance, and reduced risk of drug resistance development compared to monotherapy. Additionally, prompt treatment is essential to prevent progression to severe malaria, especially in areas with high transmission rates like Nigeria.
Reason: Malaria, particularly caused by P. falciparum, is endemic in Nigeria, and individuals returning from malaria-endemic areas are at risk of infection. The patient's symptoms of fever, headache, joint pain, and findings of hepatomegaly and splenomegaly are consistent with malaria infection. Prompt diagnosis and treatment with an effective antimalarial drug such as ACT are crucial to prevent complications and reduce morbidity and mortality associated with malaria."
9d6b8ffa7bc4527e412c4e36e6c46b45754f36cea48726aa4d090997e815acf1,val,train,crowdsourced,NG,,49,What are the challenges in diagnosing and managing nasopharyngeal stenosis in African populations?,Challenges include limited access to diagnostic imaging and otolaryngologists with expertise in managing this condition.
22e70513d3df921f4e9c609e95e2c195c7bce68ebf1feb07e1d484115481b3dd,train,train,crowdsourced,NG,,50,"A 30-year-old woman presents with fever, headache, and joint pain for the past week. She reports recent travel to Nigeria, where she participated in outdoor activities. On examination, there are multiple erythematous papules and nodules on her lower extremities, some of which have a target-like appearance. What is the most likely diagnosis, and what is the recommended next step in management for this patient?","The most likely diagnosis is Lyme disease, likely acquired during outdoor activities in Nigeria. The recommended next step in management is to perform serological testing, such as enzyme immunoassay (EIA) or western blot, to confirm the diagnosis of Lyme disease. Additionally, the patient should be started on antibiotic therapy with doxycycline, amoxicillin, or cefuroxime for appropriate treatment of the infection."
d3b0de0ca57d4c82b7b98fa7dd219b599c81b6d00b3c160ad2f210b787262e7b,train,train,crowdsourced,NG,,51,"Clinical Scenario: A 35-year-old man presents with a history of fever, headache, and muscle pain for the past week. He reports recent travel to Nigeria, where he spent time in rural areas. On examination, there are multiple erythematous papules and nodules on the skin, particularly on the lower extremities. Some of the lesions are ulcerated and tender to touch. Question: What is the most likely diagnosis, and what is the recommended next step in management for this patient?","The most likely diagnosis is cutaneous leishmaniasis, likely acquired during travel to Nigeria. The recommended next step in management is to perform a skin biopsy of one of the lesions to confirm the diagnosis. Additionally, the patient should be started on treatment with antimonial drugs, such as sodium stibogluconate or meglumine antimoniate, to eliminate the parasite and resolve the skin lesions.
Reason: Cutaneous leishmaniasis is a parasitic infection caused by protozoa of the Leishmania species, transmitted through the bite of infected sandflies. The patient's symptoms of fever, headache, and muscle pain, along with the presence of multiple erythematous papules and nodules on the skin, are consistent with cutaneous leishmaniasis. Travel to Nigeria, particularly rural areas where the disease is endemic, increases the likelihood of acquiring the infection. Confirmation of the diagnosis is essential through skin biopsy, which demonstrates the presence of Leishmania parasites in the tissue. Treatment with antimonial drugs is effective in eliminating the parasite and resolving the skin lesions, preventing further complications and promoting healing."
740fbf4af90e1e7f97751b73b26e4f28925bc426beb4e02af7ced75fc7e5dcf9,train,train,crowdsourced,NG,,52,What is the recommended treatment for severe acute malnutrition in African children?,"Ready-to-use therapeutic food (RUTF) is the recommended treatment for severe acute malnutrition in African children, along with supportive care and management of complications."
17996d0f5a270325b061342a892ed8cd0a6a6286a9d0cdfc632be73f0459e4dd,train,train,crowdsourced,NG,,53,What is the primary method used for diagnosing hemolytic anemia associated with paroxysmal nocturnal hemoglobinuria (PNH) in Africa?,"Flow cytometry is the primary method used for diagnosing hemolytic anemia associated with paroxysmal nocturnal hemoglobinuria (PNH) in Africa. This test detects the absence or deficiency of glycosylphosphatidylinositol (GPI)-anchored proteins on the surface of red blood cells, a characteristic feature of PNH."
ab5ac94d2b0efff4d6091174211b1176b209013d2e00f1b5f7b3e5877f5bc474,val,train,crowdsourced,NG,,54,What is the primary mode of transmission of Ebola virus in African outbreaks?,"The primary mode of transmission of Ebola virus in African outbreaks is through direct contact with the blood, secretions, organs, or bodily fluids of infected individuals. Ebola outbreaks often occur in communities where there is close contact with infected individuals, such as during caregiving or traditional burial practices."
2342ec590eb00ad9e85675aa297f1a984cf7c2481bb118f348f9e20fc560138b,train,train,crowdsourced,NG,,55,What indigenous African plant is used to manage symptoms of chronic fatigue syndrome?,Drinking tea made from dried leaves of the licorice plant (Glycyrrhiza glabra) or consuming licorice root supplements is believed to help boost energy levels and alleviate symptoms of chronic fatigue syndrome in Africa.
2fe8bd28a12cd26de1471e731fceacc067a979b425360dced5128e81f44aaccf,train,train,crowdsourced,NG,,56,What role do traditional healers play in managing chronic illnesses like hypertension in African societies?,"Traditional healers may provide herbal remedies, dietary advice, and spiritual support to individuals managing chronic conditions, complementing conventional medical treatment"
4d4d7504bd8d57d6b1deb1fe123cc527e2a79e97e3f29d0a0ae262ba57dd38f1,train,train,crowdsourced,NG,,57,What is the primary cause of chronic kidney disease (CKD) in Africa?,"Hypertension is the primary cause of chronic kidney disease (CKD) in Africa, contributing to renal parenchymal damage, glomerular sclerosis, and progressive loss of kidney function. Factors such as uncontrolled hypertension, genetic predisposition, and limited access to healthcare contribute to the high burden of CKD in the region."
a077c86a387203b836d2e00835d24606ee59e5138884834aa0863cd80313c10a,train,train,crowdsourced,NG,,58,What histopathological findings characterize African cases of endemic Dracunculiasis (Guinea worm disease) affecting the skin and subcutaneous tissues?,"African cases of endemic Dracunculiasis affecting the skin and subcutaneous tissues often exhibit inflammatory infiltrates, fibrosis, and the presence of Dracunculus medinensis larvae within subcutaneous nodules or ulcers. Histopathological examination may reveal granulomatous inflammation, necrosis, and varying degrees of tissue destruction in affected areas."
aa4fa9f36a22f1af3a60e72c58c702daa6974ef7a9212b591a9742fe81c97e49,train,train,crowdsourced,NG,,59,"How does the prevalence of cervical cancer in Africa correlate with access to screening and vaccination programs, and what challenges exist in implementing comprehensive cervical cancer prevention strategies?","Cervical cancer is a leading cause of cancer-related deaths among women in Africa, largely due to limited access to screening and vaccination programs. Disparities in healthcare infrastructure, resources, and awareness contribute to low screening rates and late-stage diagnosis. Challenges in implementing comprehensive prevention strategies include limited funding, infrastructure constraints, shortage of trained healthcare personnel, cultural barriers, and vaccine hesitancy. Efforts to address these challenges require multi-sectoral collaboration, investment in screening and vaccination programs, community outreach, and advocacy for policy reforms to prioritize cervical cancer prevention and control."
5ba01d6c291ce962047e9bc64022872cd99afcaa4246dc78eab4adc75cf543bd,train,train,crowdsourced,NG,,60,What indigenous African plants are commonly used to support immune health?,"Plants such as African potato, moringa, and baobab fruit are often used in Africa to support immune health through teas, extracts, or added to meals."
b14d807b8b1fd174cf4ce9cf5545272fd520b9d2a10d99b35d7fbdffe4beb8b0,train,train,crowdsourced,NG,,61,What is the first-line treatment for uncomplicated ascariasis in non-pregnant women in Africa?,Oral albendazole is the first-line treatment for uncomplicated ascariasis in non-pregnant women in Africa due to its effectiveness in killing Ascaris lumbricoides worms and reducing the duration and severity of symptoms. Treatment should be administered under medical supervision and monitored for potential adverse effects.
4b0181cf8ba6b58ba976170de264350d5c0285221a3a0342fdc72d801fd5d9e3,val,train,crowdsourced,NG,,29,What are the leading causes of maternal mortality in Africa?,"Leading causes include complications during childbirth, hemorrhage, infections, and hypertensive disorders."
c503a4899c44494e13710967a24baefe9cf47309a0ccdd6e06a998586ca747f8,train,train,crowdsourced,NG,,62,What is the management approach for a patient presenting with advanced Kaposi sarcoma in an African setting?,"The management approach for advanced Kaposi sarcoma in an African setting typically involves a combination of chemotherapy, radiation therapy, and supportive care."
7dbd2ede61e35635de1be62fef3b9d75cbc1b2540b8634ea54ead6f5bbcf381e,train,train,crowdsourced,NG,,63,What are common mental health challenges faced by African communities?,"Common mental health challenges include depression, anxiety, post-traumatic stress disorder (PTSD), and substance abuse, often exacerbated by factors such as poverty, conflict, and stigma."
ef17d2dadc591a2ed41bc4950a24296d1c0c6be77dedca3d47d63481e068a59a,train,train,crowdsourced,NG,,64,What are some unique challenges in managing HIV/AIDS in Africa?,"Challenges include limited access to antiretroviral therapy, stigma surrounding the disease, and higher rates of mother-to-child transmission."
57b32ba11a419108bcbb9507d660a555a7232ae5bfeb50eb3afb369c6318c44f,val,train,crowdsourced,NG,,65,What is the primary cause of chronic liver disease in adults with hepatitis B virus (HBV) infection in Africa?,"Chronic hepatitis B virus (HBV) infection is the primary cause of chronic liver disease in adults in Africa, leading to progressive liver inflammation, fibrosis, and cirrhosis. Factors such as vertical transmission, unsafe medical injections, and limited access to HBV vaccination contribute to the high prevalence of chronic HBV infection and its sequelae in the region."
176cbdbfa97530ec4c8ca747e5a1732172ce541f6e25cddd46b03a096da40b9d,val,train,crowdsourced,NG,,66,How does the management of skin infections differ in African populations compared to Western populations?,"Management of skin infections in Africa may involve basic hygiene practices, topical medications, and traditional remedies due to limited access to healthcare services."
73a7d69fe9e4c0777661c07f10dbda14953ce29eb9d669c65172a560ab1b9e47,val,train,crowdsourced,NG,,67,What cultural practices influence the prevalence of HIV/AIDS in certain African regions?,"Practices such as polygamy, female genital mutilation, and lack of comprehensive sex education can contribute to the spread of HIV/AIDS in some African communities"
ecc809469b0df36cc42b2384a4ce33aef05f65593d45d7d67c53a3efb46be9ad,train,train,crowdsourced,NG,,68,What is the primary cause of iodine deficiency disorders in regions like Africa?,"The primary cause of iodine deficiency disorders in regions like Africa is the lack of iodine-rich foods in the diet and limited access to iodized salt. This leads to conditions such as goiter and cretinism, which are preventable with adequate iodine supplementation, common in developed countries."
5aae671211654927ec58d6af97f257a5c03425296fc93826ff8f7a6de18d41d5,train,train,crowdsourced,NG,,69,"How do cultural beliefs and social norms influence perceptions of disability in Africa, and what challenges do individuals with disabilities face in accessing healthcare, education, and employment opportunities?","Cultural beliefs and social norms play a significant role in shaping perceptions of disability in Africa, with attitudes ranging from acceptance and inclusion to stigma and discrimination. Traditional beliefs about the causes of disability, such as spiritual or supernatural factors, may lead to social isolation and marginalization of individuals with disabilities. Inaccessible infrastructure, limited educational opportunities, and discriminatory practices in healthcare and employment sectors further exacerbate the challenges faced by people with disabilities. Lack of awareness, inadequate funding, and policy gaps contribute to barriers in accessing essential services and participating fully in society. Efforts to address these challenges require a rights-based approach that promotes disability rights, inclusive policies, accessibility standards, inclusive education, vocational training, and economic empowerment initiatives for people with disabilities. Changing societal attitudes, promoting diversity and inclusion, and ensuring the full participation of people with disabilities in decision-making processes are essential for achieving disability-inclusive development in Africa."
7020f6e87a36e15795c8a130640bbdbe1c93d74e43cf10cb862da1a07bebff17,train,train,crowdsourced,NG,,70,What traditional African remedy is used to relieve symptoms of eczema?,Applying shea butter or coconut oil topically to affected areas is a common practice in Africa to moisturize the skin and alleviate symptoms of eczema.
39616000f365a9741500465489a71f76a79287ddc068d279f332396efba1c15c,train,train,crowdsourced,NG,,71,"In African populations, what nutrient deficiency is commonly associated with marasmus and may result from inadequate intake of protein and calories?","Protein-energy malnutrition, exacerbated by dietary factors prevalent in certain African regions, increases the risk of marasmus and requires nutritional intervention for prevention and management."
789f21611bade4212c3b1fa78f6a730616631df9dac36e81e44149c2263e6af4,train,train,crowdsourced,NG,,72,Describe the histopathological changes seen in African cases of hepatosplenic schistosomiasis.,"Hepatosplenic schistosomiasis in Africa is characterized by periportal fibrosis, portal vein hypertension, and splenomegaly. Histologically, it presents with a ""pipestem"" fibrosis pattern surrounding portal tracts, along with congestion, fibroblastic proliferation, and occasional granulomatous inflammation."
e5d19d253ca9d8f1bcdf87577d7a6c03be4f41f32999b886cf700c98290ae2cb,train,train,crowdsourced,NG,,73,What is the leading cause of death among older adults (65+) in Africa?,Stroke is the leading cause of death among older adults (65+) in Africa.
58c00437618b249c961e5c22dbe7afaeddb6bb4f81affbedd698776c3e6724f3,train,train,crowdsourced,NG,,74,"Which herbal remedy, commonly used in some African cultures, is associated with the development of drug-induced immune thrombocytopenia?","Certain herbal remedies, such as Ginkgo biloba, commonly used in some African cultures, have been associated with the development of drug-induced immune thrombocytopenia, emphasizing the importance of patient education and awareness."
7cd3540a9aeae9f07d5fd4f5608bb9e869f91e3addf677263c6fe8520eeba660,train,train,crowdsourced,NG,,75,What is the recommended first-line treatment for uncomplicated acute exacerbation of asthma in children in Africa?,"Inhaled short-acting beta agonists (SABAs) such as albuterol or salbutamol are the recommended first-line treatments for uncomplicated acute exacerbation of asthma in children in Africa, with consideration for inhaled corticosteroids in severe cases."
74b872966b621f958ff9018df2618c3b1e5bd61da5ab6d5d5f97cab2b6734e9a,val,train,crowdsourced,NG,,76,"What are the socio-economic determinants influencing access to education and healthcare for children with disabilities in East Africa, and how can inclusive policies and programs promote their rights and well-being?","Socio-economic determinants such as poverty, discrimination, and lack of accessibility hinder access to education and healthcare for children with disabilities in East Africa. Inclusive policies and programs, including inclusive education, community-based rehabilitation, and disability-inclusive healthcare services, can promote their rights and well-being by addressing barriers to participation and fostering social inclusion."
5c8f5afcae223dec6dfea19089a4e1b14dd8fe16a4772dee6004dc0d05d85052,val,train,crowdsourced,NG,,77,How does the presentation of tuberculosis (TB) differ in African populations compared to Western populations?,TB in African populations may present with more advanced disease due to delayed diagnosis and limited access to healthcare services.
835fa60d3594e916f10ec58e9cddf6ff09eb6fdd9e863208ff30857980476481,val,train,crowdsourced,NG,,78,What are common traditional remedies for treating coughs in Africa?,"Herbal teas made from plants like eucalyptus, African ginger, or rooibos are often used to treat coughs in African traditional medicine."
2f035cfa81b698972c25db2f31a1c1af798d7091b07e7786692668cc2cf562d9,train,train,crowdsourced,NG,,79,What histopathological findings are associated with African cases of endemic cutaneous diphtheria affecting the skin?,"African cases of endemic cutaneous diphtheria affecting the skin typically exhibit pseudomembrane formation, dermal inflammation, and the presence of Corynebacterium diphtheriae within affected tissues. Histopathological examination may reveal epidermal necrosis, neutrophilic infiltrates, and varying degrees of tissue destruction in affected areas."
fd9437f90dbd9be0f6a1b8b358fb39aee627f220f8615e1f2b39ce3e50904fe2,train,train,crowdsourced,NG,,80,What is the primary cause of end-stage renal disease (ESRD) in young adults in Africa?,"The primary cause of end-stage renal disease (ESRD) in young adults in Africa is Sickle cell disease.
The reason sickle cell disease is the primary cause of ESRD in young adults in Africa is because individuals with sickle cell disease are at increased risk of developing renal complications, including chronic kidney disease (CKD) and ESRD. Sickle cell disease is a genetic disorder characterized by the presence of abnormal hemoglobin, known as hemoglobin S, which leads to the formation of sickle-shaped red blood cells. These abnormal red blood cells can block blood flow to the kidneys, leading to ischemia, infarction, and ultimately, kidney damage. Over time, recurrent episodes of vaso-occlusion, hemolysis, and chronic kidney injury can result in the progression to ESRD. Therefore, sickle cell disease is a significant contributor to the burden of ESRD in young adults in Africa."
709b1f579ea439079bdcdb515d254c9b47906164dcb1fa845b9ace451fc93e19,val,train,crowdsourced,NG,,81,Describe the common causes of maternal mortality in Nigeria and initiatives to reduce maternal deaths.,"Common causes of maternal mortality in Nigeria include hemorrhage, sepsis, hypertensive disorders, and obstructed labor. Initiatives to reduce maternal deaths include improving access to skilled birth attendants, emergency obstetric care, antenatal and postnatal care services, strengthening health systems, community mobilization, and advocacy for women's rights and empowerment."
b803a72f5c8846ab28cdaa5ca2542aa4ecedef604dbf231a87123b3166f432eb,train,train,crowdsourced,NG,,82,What are the unique challenges in managing epilepsy in African populations?,"Challenges in managing epilepsy in Africa include limited access to antiepileptic drugs, healthcare services, and cultural beliefs about the condition."
695522a53e2f1117e7fd6fa8ab4691726b4b418df6201c707cce68c3105577ef,train,train,crowdsourced,NG,,83,What is the role of traditional medicine in the treatment of ear infections in African communities?,"Traditional medicine is sometimes used for ear infections in Africa, but it may delay appropriate medical treatment and lead to complications."
a08d3813c96052683159d955fe189cd86687dbfe3136bb76bf67c84c399b3f31,val,train,crowdsourced,NG,,84,What is the primary vector for the transmission of sleeping sickness in Africa?,The tsetse fly is the primary vector for the transmission of sleeping sickness in Africa.
2f701ce1cc38aa80f658e65a38de541939cd76e43e4fc712adcbe0c9b494a718,val,train,crowdsourced,NG,,29,What is the primary cause of maternal mortality in adolescents in Africa?,"Complications of unsafe abortion, including hemorrhage, sepsis, and uterine perforation, are the primary cause of maternal mortality in adolescents in Africa. Factors such as limited access to safe abortion services, restrictive abortion laws, and social stigma contribute to the high incidence of unsafe abortions and maternal deaths among adolescents."
1b7dc2495dfc924ccd9550380149c53405a0c085d55e100c0fabda2036f9e4b9,train,train,crowdsourced,NG,,85,What traditional practices are used for wound care in African villages?,"Remedies may include the application of natural antiseptics like honey or turmeric, as well as the use of medicinal plants with anti-inflammatory properties."
547f5ec8e4b7bebed1ec557f080faca2509f5d6746045089d9b9ba21b3fb2742,val,train,crowdsourced,NG,,86,What histopathological features characterize African cases of endemic leishmaniasis affecting the bone marrow?,"African cases of endemic leishmaniasis affecting the bone marrow often show hypercellularity, histiocytic proliferation, and the presence of Leishmania amastigotes within histiocytes or macrophages. Histopathological examination may reveal erythroid hyperplasia, myeloid expansion, and varying degrees of granulomatous inflammation in affected areas."
cc67d57ccc6256ac726099cb825d61c02c53be8283ddcbdb890b7c3e5bec39a4,train,train,crowdsourced,NG,,87,"How does the prevalence of malnutrition in Africa compare to other regions, and what are the contributing factors?","Malnutrition is more prevalent in Africa than in many other regions, partly due to food insecurity, poverty, limited access to healthcare, and recurrent droughts."
37f769c91157a478c23ab6595d93077b2a92295eeabe2e863f6a7a930706690c,train,train,crowdsourced,NG,,88,What are the common causes of skin infections in African populations?,"Common causes of skin infections in African populations include bacterial infections (such as impetigo and cellulitis), fungal infections (such as tinea), and parasitic infections (such as scabies)."
d70ed300753e10a2f10ab2fc59de388d9de8f6c644a1b15d901e344a4f51e2df,train,train,crowdsourced,NG,,89,What are the common causes of snakebite envenomation in African populations?,Common causes of snakebite envenomation in African populations include encounters with venomous snakes in rural areas where access to healthcare is limited.
fcef69ee5e4ca8f7e9e2e79eaa40b6a2eaa2e4f5a2ed43ab0aba2836ca10b5fc,train,train,crowdsourced,NG,,90,What is the most common etiology of acute diarrhea in African children under five?,"Rotavirus is the most common etiology of acute diarrhea in African children under five, highlighting the importance of rotavirus vaccination in diarrhea prevention strategies."
b722cfa38b2ff425d052f2583a09558534ccde71f6224ce1b8f774c6e190ef3e,train,train,crowdsourced,NG,,91,What is the first-line medication for treating uncomplicated acute otitis media in children in Africa?,Amoxicillin or amoxicillin-clavulanate is the first-line medication for treating uncomplicated acute otitis media in children in Africa due to their efficacy against common pathogens.
f21581566953029532d4a58caa4b16c4b09d5e4039c422c6909ce431b042c0a2,train,train,crowdsourced,NG,,92,What indigenous African plant is used to manage symptoms of irritable bowel syndrome (IBS)?,Drinking tea made from dried leaves of the peppermint plant (Mentha piperita) or chewing on fresh peppermint leaves is believed to help alleviate symptoms of IBS in some African cultures.
3dd77f94d1676e9659471ccd54d85c53aecf7a71498d39d90d14ab5265281ecd,train,train,crowdsourced,NG,,93,What local remedies are used in Africa for promoting kidney health?,"Africans may use herbs like dandelion root, nettle leaf, and parsley to support kidney health, as well as consuming traditional foods like okra and watermelon, which are believed to have diuretic properties."
f5f32485d73357cef34687e162f3437f80d0a2164fe8d88b75d2c1785dcc09ee,train,train,crowdsourced,NG,,94,"How do cultural beliefs and traditional healing practices influence the prevalence and management of leishmaniasis in rural communities in North Africa, and what challenges do healthcare providers face in diagnosing and treating the disease?","Cultural beliefs and traditional healing practices impact the perception and management of leishmaniasis in rural North African communities, often leading to delayed diagnosis and treatment. Healthcare providers face challenges such as lack of awareness, limited diagnostic tools, and inadequate access to treatment, hindering effective control of the disease."
ded41157bde890e9955659a36952bba5d21de0cca60fae9bc75ffd3c7c6ab528,train,train,crowdsourced,NG,,95,What local practices are used in Africa for promoting healthy digestion and gut health?,"Africans may consume fermented foods like kimchi or fermented porridges made from millet or sorghum, as well as herbal teas made from plants like mint or chamomile to promote healthy digestion and gut health."
e5ea6c0f31a2a960ec9afbcf6582e634a8f60dd2049ac3876547dec3b941c30a,train,train,crowdsourced,NG,,96,How does the management of domestic violence differ in African populations compared to Western populations?,"Management of domestic violence in Africa may involve community-based interventions, legal reforms, and support services, but access to these services may be limited."
ac1df50c4056cb9b31c51be32dc4b66ab03609f627c36ac68b88988bb522c841,val,train,crowdsourced,NG,,97,What histopathological findings are typical in hepatocellular carcinoma cases related to chronic hepatitis B infection in Africa?,"Hepatocellular carcinoma associated with chronic hepatitis B infection in Africa often presents with trabecular growth pattern, pleomorphism, and frequent intratumoral lymphocytic infiltrates. Additionally, the presence of ground-glass hepatocytes and viral inclusion bodies may be observed."
8ecfe8746629a683396025a6b16715b690b579b970ac8a4bd7bbbfe0ee57d9dc,train,train,crowdsourced,NG,,98,What is the primary route of transmission for HIV/AIDS in Africa?,"The primary route of transmission for HIV/AIDS in Africa is through unprotected sexual intercourse, particularly heterosexual transmission. Other modes of transmission, such as sharing contaminated needles among injecting drug users and mother-to-child transmission during childbirth or breastfeeding, also contribute to the HIV/AIDS epidemic in Africa."
accea96eaf4c5ee642a4f5394c347d9cb447e7fa1153bcab6926a9f253adf8b7,train,train,crowdsourced,NG,,99,What is the diagnostic test of choice for malaria in Nigeria?,"Rapid diagnostic tests (RDTs) or microscopy of blood smears.
Reason: Rapid diagnostic tests (RDTs) are the preferred diagnostic method for malaria in Nigeria due to their ease of use, rapid results, and reliability in detecting malaria antigens. Microscopy of blood smears is also commonly used, especially in healthcare facilities with laboratory capacity."
c41df11774ba6301232adcafb5517e78793cd7b39400440583ab998bd3f9d2af,train,train,crowdsourced,NG,,100,What cultural factors contribute to the underreporting of gender-based violence and hinder access to support services for survivors in African communities?,"Cultural norms surrounding gender roles and family honor may discourage survivors from reporting incidents of gender-based violence and seeking support services, perpetuating cycles of abuse."
30030ac44feb7a354dbb1e9a367ff78c0ee6569020d05bd96fcf0ec34344978b,train,train,crowdsourced,NG,,101,What traditional practices are common during the postpartum period in Africa?,"Practices such as maternal rest, massage, and dietary modifications are common during the postpartum period in many African cultures."
95c393142e5d20ea483954538f6fb34286a04d5bf3a05b5876f157700384ec3e,train,train,crowdsourced,NG,,102,"Which fungal infection, prevalent in Africa, affects the lungs and can spread to other parts of the body?","Histoplasmosis, a fungal infection caused by the inhalation of spores from the soil contaminated with bird or bat droppings, is prevalent in Africa. The disease primarily affects the lungs, causing symptoms such as cough, fever, chest pain, and shortness of breath. In severe cases, histoplasmosis can disseminate to other organs, leading to systemic illness and potentially fatal complications."
6127177f4c763025f6bed3110f8f5bd7f9f836436d4e90068676193c8e3ba3c3,train,train,crowdsourced,NG,,103,"How does the prevalence of substance abuse, including alcohol and drug use disorders, vary among different population groups in Africa, and what interventions are effective in addressing substance abuse?","Substance abuse rates vary by age, gender, socioeconomic status, and cultural factors. Effective interventions include substance abuse prevention programs, access to addiction treatment services, and community-based support groups."
36dcab86f6241d925daa9ff4b95a1678e9de7ae77ef835ea05654f6d776db669,train,train,crowdsourced,NG,,104,How can communities address the impact of climate change on health in Africa?,"By implementing adaptation strategies such as early warning systems for extreme weather events, promoting sustainable agricultural practices, and improving access to clean water and sanitation, communities can mitigate the health effects of climate change."
e2bfc911ee4a2b3b0e6693f316883e1388a78a2051e25eb730e13d7bd01fe408,train,train,crowdsourced,NG,,105,How do cultural beliefs about disability influence access to education and employment opportunities in Africa?,"Stigma and discrimination may limit access to educational and employment opportunities for people with disabilities, while cultural beliefs about the causes of disability may affect societal attitudes and perceptions."
0d79b147666f8f148e8d1b427df2e710a7d837ace72b093b2b705e6ae2e610ab,train,train,crowdsourced,NG,,106,What indigenous African remedies are used for promoting liver health?,"Africans may use herbs like milk thistle, dandelion root, and African bitter leaf to support liver health, as well as consuming traditional foods like bitter melon and dawa dawa (fermented locust beans)."
72428d2181ab20403b7a02415d264886dc3a9c79dd28b83fcdd7ef24a4ea388a,train,train,crowdsourced,NG,,107,What are the main challenges in managing and preventing HIV/AIDS in Africa?,"Challenges include limited access to antiretroviral therapy, stigma surrounding the disease, inadequate healthcare infrastructure, and the high prevalence of other infections that can complicate HIV management."
8d65a505040e3b5e59b225ae411c86517a75ec3c91bfafc4866a298196cd3002,train,train,crowdsourced,NG,,108,How does the management of tuberculosis differ in HIV-positive individuals in Africa compared to those in developed countries?,"In Africa, where HIV and tuberculosis co-infection rates are high, there is an increased emphasis on screening for and treating both conditions simultaneously."
b2e226434bb0c5eb9ad2fbcf1ee2c87929a857b78a0de655068ab215de3da86d,val,train,crowdsourced,NG,,109,"What are the challenges in providing palliative care for patients with cancer in African settings, and how can these challenges be addressed?","Challenges include limited access to pain management medications, shortage of palliative care specialists, and cultural beliefs about cancer and end-of-life care. Addressing these challenges requires improving access to medications, training healthcare providers in palliative care, and raising awareness about the importance of palliative care."
45ac75a3ac78cec638072180e1e899587d38d0975f1ca83545678a9c8d0e6a27,train,train,crowdsourced,NG,,110,Outline the steps involved in the diagnosis and treatment of tuberculosis in a resource-limited setting like Nigeria.,"Diagnosis of tuberculosis (TB) in Nigeria typically involves sputum smear microscopy, chest X-rays, and clinical evaluation. Treatment consists of a combination of first-line anti-TB drugs including isoniazid, rifampicin, pyrazinamide, and ethambutol for the intensive phase, followed by continuation phase therapy. Directly Observed Treatment, Short-course (DOTS) strategy is used for ensuring adherence to treatment. Challenges include limited diagnostic facilities, drug resistance, and high rates of HIV co-infection."
52ef5dd2d14be0554d5ec2045bd002c0dcec18e6d0ef5b349ba1e8ce32f7d97a,train,train,crowdsourced,NG,,111,What are the risk factors for neonatal mortality in Africa?,"Risk factors for neonatal mortality in Africa include prematurity, low birth weight, infections, and lack of access to healthcare services."
ed5e21c0ffd91e42adcb4be672c9d8c70ad25cbd621f4975e8a1af549c09acd3,train,train,crowdsourced,NG,,112,What is the primary method used for diagnosing hemolytic anemia associated with sickle cell disease in Africa?,Hemoglobin electrophoresis or high-performance liquid chromatography (HPLC) is the primary method used for diagnosing hemolytic anemia associated with sickle cell disease in Africa. This test identifies the presence of abnormal hemoglobin S (HbS) and other hemoglobin variants.
0aa0eda39877683110cdeda3f39ed0cb28cccba1735189638752a853ddae0fcf,train,train,crowdsourced,NG,,113,What is the primary etiology of hepatocellular carcinoma (HCC) in Africa?,"Hepatitis B virus (HBV) is the primary etiology of hepatocellular carcinoma (HCC) in Africa because HBV infection is highly endemic in many parts of Africa, particularly sub-Saharan Africa. Chronic HBV infection can lead to the development of liver cirrhosis, which is a major risk factor for the development of HCC. Additionally, HBV is a well-established oncogenic virus, directly contributing to the development of HCC through its integration into the host genome and induction of cellular changes that promote carcinogenesis. Therefore, in Africa, where HBV prevalence is high, it is the leading cause of HCC."
c9c702b36b62e3dac7eac9ebab5d321ccd85d0b4930e44fa892f906c38cccffb,train,train,crowdsourced,NG,,114,"How does cultural stigma surrounding certain diseases, such as HIV/AIDS or mental illness, impact diagnosis and treatment in African communities?","Stigma can lead to delays in diagnosis, reluctance to seek treatment, and social isolation for individuals affected by these diseases."
2de309ff3aef454a73d7115d5ab1ec62a7c4b9e9796408f8528ff4bff8d78994,train,train,crowdsourced,NG,,115,What are the main causes of maternal mortality in Africa?,"Main causes include hemorrhage, infections, hypertensive disorders, and complications during childbirth, often exacerbated by limited access to healthcare facilities."
06a56cc69f8e4c84fdb2ea35ba2613d7a8aa7f61eb735d17782bce4499bed900,train,train,crowdsourced,NG,,116,How does the prevalence of malnutrition and food insecurity impact child development and educational outcomes in African countries?,"Malnutrition and food insecurity negatively affect cognitive development, school attendance, and academic achievement, perpetuating cycles of poverty and inequality in education."
f1ad14894cef9d9254c071af5c471d829ecfc607b52763a2ef703f16d81e5ae9,train,train,crowdsourced,NG,,117,How does the etiology of cervical cancer differ in African women compared to other populations?,"In African women, cervical cancer is primarily caused by persistent infection with high-risk human papillomavirus (HPV) types, often exacerbated by limited access to screening and vaccination programs."
41f44c77daa69e61fe2e2f533e82572a61ad3af01fa1dcc7324e074ce9df3130,val,train,crowdsourced,NG,,118,What are the unique cultural beliefs and practices surrounding mental health in various African communities?,"Cultural beliefs and practices surrounding mental health in Africa vary widely, influencing help-seeking behavior, stigma, and the acceptance of Western psychiatric treatments."
a997b0f1c95e699a7ba3f817673d5a05be04dd64d60dd19bdc78fc7c774b32e3,train,train,crowdsourced,NG,,119,What are the primary causes of malnutrition in African children?,"Primary causes include inadequate dietary intake, poor access to nutritious food, infectious diseases, and socio-economic factors such as poverty and food insecurity."
35d642a92d42424d9aa1c5e584cec62d114b4469174ee251b4109962c89d7ca4,val,train,crowdsourced,NG,,120,"What are the unique cultural beliefs and practices surrounding mental health in Africa, and how do they influence help-seeking behavior?",Cultural beliefs such as the attribution of mental illness to spiritual causes and stigma surrounding mental health can lead to delayed help-seeking and underutilization of mental health services.
1ad6c3478b34a9892ff4ae61ae7d2880390f1c0050b476e34c0681eb400cd92e,train,train,crowdsourced,NG,,121,What are some traditional childbirth practices in African cultures?,"Traditional practices may include birthing at home attended by traditional birth attendants, the use of herbal remedies, and specific rituals or ceremonies."
996c774031087fd44f61072c67430f121625a89bc560be0748572bd12f14b972,train,train,crowdsourced,NG,,122,"Among African communities, what bone fracture is commonly seen in individuals engaged in agriculture and may result from falls or crush injuries?","Rib fractures, prevalent among African agricultural workers, often result from falls or crush injuries and require appropriate management to prevent complications."
fdbc0381c13aea6afe749e194da617f9560e21cda67c6b15780b21df5e337241,train,train,crowdsourced,NG,,123,What is the primary cause of sickle cell disease in Africans?,"Sickle cell disease is primarily caused by inheriting two abnormal hemoglobin genes (HbS), one from each parent. This genetic mutation results in the production of abnormal hemoglobin molecules, leading to the characteristic sickle-shaped red blood cells. The prevalence of sickle cell disease is higher in populations where malaria is endemic, such as in Africa, due to the genetic adaptation of carrying one sickle cell gene, which confers resistance to malaria while minimizing the risk of sickle cell disease."
7571f450a4820407b51324515aa0c73cbc60a3e60de9b0e89a961a396cdc5eab,train,train,crowdsourced,NG,,124,What is the most common cancer among women in Africa?,Cervical cancer is the most common cancer among women in Africa.
ae62ba2e00fd4d5c6b0822b5c6d2663c1040dfabcece7836e6352898360e3705,train,train,crowdsourced,NG,,125,"Discuss the epidemiology, clinical features, and management of rheumatic heart disease (RHD) in Nigerian patients.","Rheumatic heart disease (RHD) remains a significant cause of cardiovascular morbidity and mortality in Nigeria, particularly among children and young adults with a history of untreated or inadequately treated streptococcal pharyngitis. Clinical features may include cardiac murmurs, dyspnea, palpitations, and signs of heart failure. Diagnosis involves clinical assessment, echocardiography, and laboratory tests (e.g., antistreptolysin O titers). Management includes secondary prophylaxis with long-term penicillin or other antibiotics, symptomatic treatment (e.g., diuretics, beta-blockers), and interventions for valvular disease (e.g., surgical repair or replacement)."
77c6610cb73fa6ecec6107c77cb6488f2a2fbccec75848d216c8796ac8c89b8b,train,train,crowdsourced,NG,,126,"In African patients, what neurological disorder is associated with cerebral malaria and may present with coma and focal neurologic deficits?","Cerebral malaria-related encephalopathy, caused by severe Plasmodium falciparum infection prevalent in Africa, can manifest with coma and focal neurologic deficits, requiring urgent medical intervention."
ee0bbb7c319b9a32638992265e2a2c6e987be50edda412cd4f447914a5d3dac8,train,train,crowdsourced,NG,,127,How do socioeconomic disparities impact access to early childhood development programs and services in African countries?,"Socioeconomic disparities limit access to early childhood development programs, resulting in unequal opportunities for cognitive stimulation, health promotion, and school readiness."
ef1c59588e2632083638645e9108441ec6efb1357d848b6f83f80f2ec787524a,train,train,crowdsourced,NG,,128,How does the lack of reliable electricity affect surgical services in Africa?,"Inadequate access to electricity can disrupt surgical procedures, hinder the use of essential medical equipment, and compromise patient safety in African healthcare facilities, highlighting the importance of sustainable energy solutions."
36db2661b473c2ef43f0c51358f4f1f7ba291df4a60028638366ea5a10a008a1,train,train,crowdsourced,NG,,129,What are some common indigenous methods used in Africa for wound healing?,"African communities often use natural substances like honey, shea butter, or extracts from plants like aloe vera and marula tree to promote wound healing."
6f56a62e12dff90abbae01002b5d0535ed2302e54bbd443c452b88ecfda7ad37,train,train,crowdsourced,NG,,130,What cultural practices contribute to the prevalence of dental fluorosis in African communities?,"Practices such as using fluoridated water for cooking and drinking, as well as consuming certain traditional foods and beverages high in fluoride, can contribute to dental fluorosis in areas where fluoride levels are naturally elevated."
ad5ef8017988bb2bd11f918c5e7845e963eb6a5c1d5549a57fcac3187997faea,train,train,crowdsourced,NG,,131,How do religious beliefs and practices impact surgical care in Africa?,"Religious beliefs may influence treatment decisions, perceptions of illness, and attitudes towards surgery, with some patients seeking spiritual guidance or relying on prayer as part of their healing process."
58a272dcc96d3b2c05918e16183b36f9223f549ef12ccf2fea0b859f33271f84,train,train,crowdsourced,NG,,132,What is the third leading cause of death in Nigeria?,"Diarrheal diseases are the third leading cause of death in Nigeria, with an estimated 148,000 deaths annually. The disease is responsible for approximately 9% of all deaths in the country. Diarrheal diseases are a significant public health challenge in Nigeria, with children under five years of age being the most vulnerable. The diseases are caused by various factors, including poor sanitation, contaminated water, and inadequate hygiene practices."
41c22f276d472cfcd290587742c7369a784cc4cc991bf2b6519de635c138ab6c,train,train,crowdsourced,NG,,133,How does the prevalence of malnutrition differ between urban and rural areas in Africa?,"Malnutrition rates are often higher in rural areas compared to urban centers in Africa due to disparities in access to food, healthcare, and sanitation."
42ddd4c370113341eaaa0f09c8e68522e89e3a1f9794ed60e2e5496fe509875e,train,train,crowdsourced,NG,,134,"How does the prevalence of substance abuse, including alcohol and tobacco use, vary among different population groups in Africa, and what are the associated health risks?","Substance abuse varies by age, gender, socioeconomic status, and cultural factors, contributing to a range of health problems including addiction, mental health disorders, and chronic diseases such as cancer and liver disease"
ff0d723c37ca853423565ec3fc894bec49fc2a5fd0a03ffd33e274dc80fd2669,train,train,crowdsourced,NG,,135,What is the recommended first-line treatment for severe anemia due to tuberculosis (TB) in Africa?,"Treatment of the underlying tuberculosis infection with a combination of antibiotics such as isoniazid, rifampicin, ethambutol, and pyrazinamide is the recommended first-line treatment for severe anemia due to tuberculosis (TB) in Africa."
41bb16252c601271a7b7b5399360ac52171de7f24e667bfa99d8a6c1d7f5df7d,train,train,crowdsourced,NG,,136,What is the most prevalent parasitic infection in Africa?,"Malaria is the most prevalent parasitic infection in Africa. It is caused by Plasmodium parasites transmitted through the bite of infected Anopheles mosquitoes. Malaria remains a significant public health challenge in Africa, particularly in sub-Saharan Africa, where the burden of the disease is highest."
6707a35b139b976f970b954ea01b16a06310147e5ed50a871abcaf6094e6a823,val,train,crowdsourced,NG,,137,What is the most common cause of anemia in African children under five?,Malaria is the most common cause of anemia in African children under five due to the destruction of red blood cells by the malaria parasite.
3ea5ea937ddcb1acfdab7f97f7b334fff06081e022ecdf93bbdbb90cb913398a,val,train,crowdsourced,NG,,29,What is the primary cause of maternal mortality in Africa?,Postpartum hemorrhage is the primary cause of maternal mortality in Africa.
a4e5a90a848a0f1d43f5fd11856bf414d4faccac37447aefbf7eef13d350506e,train,train,crowdsourced,NG,,138,What histopathological features are associated with African cases of endemic gnathostomiasis affecting the skin and subcutaneous tissues?,"African cases of endemic gnathostomiasis affecting the skin and subcutaneous tissues often exhibit inflammatory infiltrates, eosinophilic abscesses, and the presence of larvae (Gnathostoma spp.) within the dermis or subcutaneous tissue. Histopathological examination may reveal granulomatous inflammation, fibrosis, and varying degrees of tissue necrosis in affected areas."
01cf151cedef62f95466ee92d4b6eeda3ac53950ee6ff6f046fb0ba56dd170e1,train,train,crowdsourced,NG,,139,"Clinical Scenario: A 55-year-old male presents with pain and swelling in his left leg. He reports recent travel to Nigeria, where he spent several weeks visiting family in a rural area. On examination, his left leg is warm, erythematous, and tender to palpation. There is also mild swelling and palpable cord-like structures along the course of the left superficial veins. Question: What is the most likely diagnosis, and what is the recommended next step in management for this patient?","The most likely diagnosis is acute deep vein thrombosis (DVT) secondary to venous thromboembolism (VTE), likely triggered by prolonged travel and possibly exacerbated by factors such as dehydration and immobility during the trip to Nigeria. The recommended next step in management is to perform a compression ultrasound of the left lower extremity to confirm the diagnosis of DVT. Additionally, the patient should be started on anticoagulant therapy, such as low molecular weight heparin (LMWH) or direct oral anticoagulants (DOACs), to prevent thrombus propagation and reduce the risk of pulmonary embolism (PE).
Reason: The patient's symptoms of pain, swelling, warmth, erythema, and palpable cord-like structures along the course of superficial veins in the left leg are highly suggestive of acute deep vein thrombosis (DVT), a common complication of venous thromboembolism (VTE). The recent travel to Nigeria, combined with prolonged immobility and possible dehydration during the trip, increases the risk of DVT. Compression ultrasound is the preferred diagnostic modality for confirming the diagnosis of DVT due to its high sensitivity and specificity. Early initiation of anticoagulant therapy is essential to prevent thrombus propagation, reduce the risk of complications such as pulmonary embolism (PE), and promote optimal outcomes for the patient."
7142e4fac514d5738d38f589ef0998db4d28776c9b19ea966ec7eb48e3dcd409,train,train,crowdsourced,NG,,140,How does the prevalence of hypertension vary across different African regions?,"Hypertension prevalence varies across African regions, with higher rates observed in urban areas compared to rural settings, likely due to lifestyle factors such as diet, physical inactivity, and stress."
3c54a3631b7d58413ce566a715ac8c09781b140fac6aa71ab53ccfff08f35c6a,train,train,crowdsourced,NG,,141,"Which parasitic infection, commonly found in Africa, is transmitted through the bite of infected tsetse flies and can cause a severe neurological disorder known as African sleeping sickness?","African sleeping sickness is caused by the protozoan parasites Trypanosoma brucei gambiense and Trypanosoma brucei rhodesiense, which are transmitted through the bite of infected tsetse flies (Glossina species) in sub-Saharan Africa."
0fca8fa3e7f9e40bc768d7f3d9268a372a89a408368e63556e9cca58e4ccd578,train,train,crowdsourced,NG,,142,What are the main challenges in combating malaria in Africa?,"Challenges include drug resistance, inadequate healthcare infrastructure, limited access to mosquito control measures, and socio-economic factors such as poverty and displacement."
81edb4f1dd4e3ca8cd004dbaa64328f3998cbbb4bb0911549f98d265e676eaad,train,train,crowdsourced,NG,,143,How can traditional medicine contribute to the management of chronic pain conditions in African communities?,"Traditional medicine modalities such as acupuncture, herbal medicine, and massage therapy may offer alternative approaches to managing chronic pain alongside conventional treatments."
22f51f758e78a950cf725408b8cb7bcea6a177fba84138bb86950284d9c998c0,train,train,crowdsourced,NG,,144,How does access to palliative care differ between regions in Africa?,"Access to palliative care services varies across regions in Africa, with urban areas often having better access to hospice facilities and pain management services compared to rural areas."
45b57aa17fe680ae3f5a1dc5006012206b7e35c4a580d2ef9a12cdd75402c4e0,train,train,crowdsourced,NG,,145,"In African patients, what liver condition is frequently linked to hepatobiliary flukes infection and may result in biliary obstruction and cholangiocarcinoma?","Hepatobiliary fluke-related cholangitis, prevalent in certain African regions, can lead to biliary obstruction and increase the risk of cholangiocarcinoma."
5a373b84b381b22d7d9575c560d1fcefa0fa8876b8ebaf9cbc21539e77c080f3,train,train,crowdsourced,NG,,146,"What is the primary mode of transmission of Mycobacterium ulcerans, the causative agent of Buruli ulcer, in Africa?","Mycobacterium ulcerans is primarily transmitted through contact with contaminated water sources in Africa, particularly in rural areas where there is frequent exposure to stagnant or slow-flowing water."
1601a1458430e478e603399590fdc8e597209c83ac9e361a290a6a78244709c7,train,train,crowdsourced,NG,,147,What are the common causes of liver disease in African populations?,"Common causes of liver disease in African populations include viral hepatitis (such as hepatitis B and C), alcohol use, and herbal medicine toxicity."
69822b65f2ca31b41daa3efce4126f3592603d90964868edf49ae1c1271d9c55,train,train,crowdsourced,NG,,148,What is the primary mode of transmission of schistosomiasis in Africa?,"Contact with freshwater contaminated with Schistosoma parasites, typically during activities such as swimming, bathing, or fishing, is the primary mode of transmission of schistosomiasis in Africa."
00789382897ea32950c82a449405aa6cb6e70491fa537b35db5262bf66fdf846,train,train,crowdsourced,NG,,149,How do cultural perceptions of disability influence access to healthcare and social support in African societies?,"Cultural perceptions of disability can vary widely across African societies, impacting access to healthcare, education, employment, and social support services for individuals with disabilities, often leading to stigma, discrimination, and social exclusion."
12504ce238a5fe41c10b8504fed6195333f06feccb69e8eb714ea63944414f13,train,train,crowdsourced,NG,,150,How does the prevalence of infectious diseases like tuberculosis differ between urban and rural areas in Africa?,"Infectious diseases like tuberculosis often have higher prevalence rates in urban areas of Africa due to overcrowding, poor sanitation, and limited access to healthcare compared to rural areas."
b3dbd84d32fd1fe3c43bae3082a47fb0435e0187d51ea3b1ea0f295c537c61d9,train,train,crowdsourced,NG,,151,What antidotes are available in Nigeria for brown recluse spiders venom,"There is scant evidence for the use of dapsone or antivenom.[9] Also, note that dapsone is harmful in patients with G6PD deficiency,[10] and can also cause deadly hypersensitivity reactions.[11] Steroids may be beneficial as they have been shown to decrease hemolysis and help prevent renal failure. If the infection is severe, consider hyperbaric oxygen therapy and surgical excision after the wound is well demarcated may be a consideration.[2] Early surgical debridement is not advisable"
fd67020f6e9513a51bf3bb9de6e821fc2d9d6de2e8c724985ffee9ba64ce486e,train,train,crowdsourced,NG,,152,What is the recommended first-line treatment for uncomplicated acute pharyngitis (strep throat) in children in Africa?,"Penicillin or amoxicillin are the recommended first-line treatments for uncomplicated acute pharyngitis (strep throat) in children in Africa, with macrolides (e.g., azithromycin) as alternatives in cases of penicillin allergy."
da048b4b2fac8ea50a19b65426a5a0aaf78a4a25d365bb412ccc5f720ee5c8d6,train,train,crowdsourced,NG,,153,"Explain the pathophysiology, clinical manifestations, and management of diabetic nephropathy in Nigerian patients.","Diabetic nephropathy is a common complication of diabetes mellitus in Nigeria, characterized by progressive decline in kidney function and development of proteinuria. Clinical manifestations may include edema, hypertension, and signs of chronic kidney disease (e.g., elevated serum creatinine, decreased glomerular filtration rate). Diagnosis involves clinical assessment, laboratory tests (e.g., urine albumin-to-creatinine ratio, serum creatinine), and renal imaging studies. Management includes glycemic control, blood pressure control (e.g., ACE inhibitors, ARBs), lifestyle modifications (e.g., dietary sodium restriction), and renoprotective therapies."
30fbdc384f592f9484529f6005591c3bc285252c3793c2b6667fdff82b5ce431,train,train,crowdsourced,NG,,154,What is the primary cause of acute gastroenteritis in children in Africa?,"Rotavirus is the primary cause of acute gastroenteritis in children in Africa, accounting for a significant proportion of diarrheal illnesses and hospitalizations. Factors such as limited access to rotavirus vaccination, poor sanitation, and overcrowded living conditions contribute to the high burden of rotavirus-related gastroenteritis in the region."
2db65994645321d35de98e172b87fddcb3b6ecd357178021a2c32989596c467c,val,train,crowdsourced,NG,,155,How does the prevalence and management of congenital malformations differ between regions with high and low folic acid supplementation rates in African countries compared to developed nations?,Regions with low folic acid supplementation rates in African countries may have higher rates of neural tube defects and other congenital malformations. Public health initiatives promoting folic acid supplementation and prenatal care are essential.
d882b9b63c1d11556ddbc13737d76659e37b67f8c117f9e7842172c7ef4445f0,train,train,crowdsourced,NG,,156,What is the recommended first-line treatment for severe anemia due to HIV/AIDS in Africa?,"Antiretroviral therapy (ART) to suppress HIV viral replication is the recommended first-line treatment for severe anemia due to HIV/AIDS in Africa. Additionally, treatment of opportunistic infections and supportive care with blood transfusions may be necessary."
512c122b0629d818f50e82d9b011db1517a8824d2b4e822670726740c01b5b7a,train,train,crowdsourced,NG,,157,What histopathological features are associated with African cases of endemic cutaneous leishmaniasis affecting the skin?,"African cases of endemic cutaneous leishmaniasis often exhibit granulomatous inflammation, with the presence of Leishmania amastigotes within macrophages or histiocytes. Histopathological findings may include epidermal ulceration, epithelioid cell granulomas, and mixed inflammatory infiltrates consisting of lymphocytes, macrophages, and plasma cells."
5064044329f8babbde0cc1e280f8f813e524080c6b3755b2541a95198a662906,train,train,crowdsourced,NG,,158,What is the first-line treatment for uncomplicated trichuriasis in Africa?,"Albendazole is the first-line treatment for uncomplicated trichuriasis in Africa due to its effectiveness in killing Trichuris trichiura, the causative helminth. Mass drug administration (MDA) with albendazole has been implemented as part of deworming programs to control and eliminate soil-transmitted helminth infections in endemic areas."
dacac36034d5831073cbc0e3c6e67f8a2ad7f4e968195c19a2680d6a4b4b5a57,train,train,crowdsourced,NG,,159,What are the common causes of hearing loss in African populations?,"Common causes of hearing loss in African populations include infections (such as otitis media and meningitis), noise exposure, and genetic factors."
d81f44513c62b0053eb4e60253d83b9fa596201c2ce0757a3259354a9e186b63,train,train,crowdsourced,NG,,160,What is the recommended first-line treatment for aplastic anemia in Africa?,"Hematopoietic stem cell transplantation (HSCT) from a matched donor is the recommended first-line treatment for aplastic anemia in Africa, although supportive care with blood transfusions and immunosuppressive therapy may be used in certain cases."
c859bab9dea224aa1a3f6c7df0bde13e3e221bd017531d739381af6f0a1f1039,train,train,crowdsourced,NG,,161,What is the first-line treatment for uncomplicated cholecystitis in Africa?,"Cholecystectomy, or surgical removal of the gallbladder, is the first-line treatment for uncomplicated cholecystitis in Africa. Prompt surgical intervention is necessary to alleviate symptoms, prevent complications such as gallbladder rupture, and reduce the risk of recurrent attacks."
7234bfebc1538d0e476fc3a139ba677a1a50753f738a4e0819ef59b8bcda5e23,train,train,crowdsourced,NG,,162,"How does the lack of access to safe drinking water and sanitation facilities contribute to the burden of waterborne diseases, such as cholera and typhoid fever, in African communities?","Inadequate access to safe drinking water and sanitation facilities increases the risk of waterborne diseases, leading to outbreaks, increased morbidity and mortality, and strained healthcare systems."
2ef5e21520a449167ef5542f83327c49452c463e895f54c849fe726ece8cd3b9,train,train,crowdsourced,NG,,163,Which medication is commonly used for the treatment of African trypanosomiasis (sleeping sickness) caused by Trypanosoma brucei gambiense?,"Suramin or pentamidine is commonly used for the treatment of African trypanosomiasis caused by Trypanosoma brucei gambiense, depending on the stage of the disease and the presence of central nervous system involvement."
763a85791e65e19604c424b63eb231bcd98884569ef460489851a11df9a037ed,train,train,crowdsourced,NG,,164,What is the first-line treatment for uncomplicated scabies in Africa?,"Permethrin cream is the first-line treatment for uncomplicated scabies in Africa due to its effectiveness in killing Sarcoptes scabiei mites and reducing pruritus. This topical scabicide is well-tolerated and requires a single application, making it suitable for the treatment of scabies in resource-limited settings."
4ad9abe8167651a069df53ede77cce2808cca0aefc0b76554f65ad43fcdaecc6,train,train,crowdsourced,NG,,165,Explain the impact of conflict and humanitarian crises on health systems in African countries.,"Conflict and humanitarian crises disrupt healthcare delivery, damage infrastructure, displace populations, and lead to shortages of essential medicines and healthcare personnel, exacerbating health inequalities and increasing morbidity and mortality rates."
0eb1d2bc2adcf982ce3476d8885139042518412ee6ee7f5cee9bf8c0b6995658,train,train,crowdsourced,NG,,166,What is the primary cause of postpartum hemorrhage in Africa?,"Uterine atony, characterized by inadequate uterine muscle contractions after childbirth, is the primary cause of postpartum hemorrhage in Africa. Factors such as prolonged labor, multiparity, and uterine overdistention contribute to the development of uterine atony and excessive postpartum bleeding."
cc755c95da6efeb5200fabb73a25eaef8e91ed1dd58d47d58ef16e85b3927eea,train,train,crowdsourced,NG,,167,"The burden of vector-borne diseases varies across different ecological zones in Africa, with higher transmission rates in regions with suitable environmental conditions for vector breeding.","Traditional dietary practices may contribute to inadequate intake of essential nutrients during pregnancy, leading to increased risk of maternal and fetal complications."
a285d0f76dde77a8ae000f89232216f5b6c3737b53be06778f3177002bc4ec5b,train,train,crowdsourced,NG,,168,What are the unique challenges in managing diabetes in African populations?,"Challenges in managing diabetes in Africa include limited access to insulin, glucose monitoring devices, and healthcare services, as well as cultural beliefs and dietary practices."
28ed54901ab14f4892fe74fbb92099c610a36e5ccce588dd5298af9e9bba1cbf,val,train,crowdsourced,NG,,65,What is the primary cause of chronic hepatitis in adults in Africa?,"Hepatitis B virus (HBV) infection is the primary cause of chronic hepatitis in adults in Africa, leading to progressive liver inflammation, fibrosis, and cirrhosis. Factors such as vertical transmission, unsafe medical injections, and limited access to HBV vaccination contribute to the high prevalence of chronic HBV infection in the region."
322677b292162fa52c16226cfd9f03e314f5fd2a8638309a6dd0962c140fd06d,train,train,crowdsourced,NG,,169,What are the common causes of non-communicable diseases (NCDs) in African populations?,"Common causes of NCDs in African populations include hypertension, diabetes, cardiovascular diseases, and cancer, often related to lifestyle factors and genetics."
39a7d94c2ebf183b097af99039d0c9c383d9253b2e6922f6c542f790c9c7dc08,train,train,crowdsourced,NG,,170,How does the prevalence of obstetric fistula affect surgical services in Africa?,"Obstetric fistula, a childbirth injury resulting in urinary or fecal incontinence, requires specialized surgical repair and rehabilitation services. Efforts to address obstetric fistula include prevention programs, surgical camps, and training for healthcare providers."
6f690f45bd7e1892230b48fe2da718d203d8c1c4ca0155d3839be31defe64d7e,train,train,crowdsourced,NG,,171,Which condition is characterized by chronic inflammation of the joints and is a leading cause of disability in elderly African individuals?,"Osteoarthritis is characterized by chronic inflammation of the joints, leading to cartilage degradation, subchondral bone remodeling, and joint pain in elderly African individuals. Risk factors include aging, obesity, joint injury, and genetic predisposition."
f4ce14e32f6a03d0552c0373743c1ae0e28a60fb1d3d9c4a3fcd2f3e1f18dd34,train,train,crowdsourced,NG,,172,"Among African populations, what liver condition is frequently associated with autoimmune hepatitis and may require corticosteroid therapy for management?","Autoimmune hepatitis, though relatively rare, can affect individuals in African regions and necessitates corticosteroid therapy to suppress immune-mediated liver injury."
8dbb8965ebcd75412019ebb0687ec201a63a23dd67d36c3fa18c164ebf3ebd22,train,train,crowdsourced,NG,,173,Discuss the impact of substance abuse and addiction on public health in Africa.,"Substance abuse and addiction contribute to a range of health problems, including mental health disorders, infectious diseases such as HIV/AIDS and hepatitis, violence, accidents, and social disintegration. Prevention and treatment programs are essential to address this growing public health issue."
0d9471ea904d3985ba2948e3cd69fc30dfa7d11db3bb57da3bc457d5fe8c0381,train,train,crowdsourced,NG,,174,How does the prevalence of parasitic infections like schistosomiasis differ across African countries?,"The prevalence of parasitic infections varies across African countries, with factors such as climate, geography, water sanitation, and socio-economic conditions influencing transmission rates."
ecad68cae2082f9ea113382c77a00311c1afa2dfe16c618db738eb53ccc10af3,train,train,crowdsourced,NG,,175,What is the prevalence of cervical cancer in Africa?,"Cervical cancer is a leading cause of cancer-related deaths among women in Africa, often due to limited access to screening and vaccination programs."
a123db21ce728c300ab9058acc2ff6160fcce7ccb40e50108f0965d16d43d8aa,train,train,crowdsourced,NG,,176,What are the cultural factors influencing the management of mental health disorders in African communities?,"Cultural factors such as beliefs in witchcraft, spiritual possession, and traditional healing practices can influence the management of mental health disorders in African communities."
a8e18cb43d1121a96d0e5e2405d4a7a19212a2c6b02c5aa4d367511883fd85ae,train,train,crowdsourced,NG,,177,What is the primary cause of death from vector-borne diseases in Africa?,Malaria is the primary cause of death from vector-borne diseases in Africa.
7cc376bc850cffff9a1b7486c6df069f587d707693034a2520a160f0d052333d,train,train,crowdsourced,NG,,178,What is the leading cause of death among children under 5 years old in sub-Saharan Africa?,"Malaria.
Malaria is the biggest killer of young children under the age of 5 in the sub-Saharan Africa region.
There are a few key reasons why malaria is so deadly for these young children:
High malaria transmission rates in this region means more children are exposed to the malaria parasite carried by mosquitoes.
Many communities lack access to insecticide-treated bed nets to prevent mosquito bites and medicines to treat malaria infections promptly.
Young children's immature immune systems make them more vulnerable to severe complications from malaria, like anemia and brain involvement.
Poor nutrition and other illnesses like HIV/AIDS further weaken children's ability to fight malaria effectively.
To save more young lives, sub-Saharan Africa needs better access to malaria prevention tools, rapid testing, effective medications, and improved overall healthcare access for children at risk."
f03af5e41df5225f7af0a2c5f61d78e2173b046b41724ca090d726b1c96139d4,train,train,crowdsourced,NG,,179,"Describe the prevalence and impact of malnutrition on maternal and child health outcomes in Nigeria, and interventions to address malnutrition in this population.","Malnutrition among mothers and children in Nigeria is a significant public health concern, leading to increased morbidity and mortality rates, as well as long-term health consequences. Interventions to address malnutrition include improving maternal nutrition through antenatal care services, promoting exclusive breastfeeding and appropriate complementary feeding practices, micronutrient supplementation, treatment of severe acute malnutrition with therapeutic foods, community-based nutrition programs, and social safety net programs to alleviate poverty and food insecurity."
509b6f041c20e9edd5d36b1decdfaed150765648f9ec06cecb245cf9e99a6c35,train,train,crowdsourced,NG,,180,What are some indigenous African remedies for promoting dental health?,"Africans may use chewing sticks made from plants like neem or miswak for oral hygiene, rinse with saltwater or herbal mouthwashes made from plants like sage or thyme, and consume foods like fibrous fruits and vegetables for dental health."
8023dbdc750ac068bf27adcf7b62b409611b43d81fc914c83cf87332b4795d94,train,train,crowdsourced,NG,,181,Which infectious disease is a leading cause of blindness in Africa,"Onchocerciasis, or river blindness, is a leading cause of blindness in Africa."
b806268b1cfbbd055088a76eaa70a694bf6483155624c0a4f4b0de5630a6b3c1,train,train,crowdsourced,NG,,182,What is the most common cause of acquired thrombocytopenia in Africa?,"Human immunodeficiency virus (HIV) infection is the most common cause of acquired thrombocytopenia in Africa, often due to immune-mediated destruction of platelets."
b7d95d33b68ea30719155730dd00be232e2b08e77adb1f2a69f9df0c3b7f2f91,train,train,crowdsourced,NG,,183,What is the primary cause of death from vaccine-preventable diseases in Africa?,Measles is the primary cause of death from vaccine-preventable diseases in Africa.
b4418185aed1d59f4fdf4978d728b09bb1b4bb13ae208dfefa2d4703da8f9d0e,train,train,crowdsourced,NG,,184,How does access to emergency medical services differ between regions in Africa?,"Access to emergency medical services varies widely across regions in Africa, with urban areas generally having better-equipped facilities and quicker response times compared to rural areas."
b760427ee0a520cf0bdf58213bc797fe5829f6aa937767bb58b69f1daa6de646,train,train,crowdsourced,NG,,185,How does the prevalence of food insecurity impact nutritional status and child development in African countries compared to developed nations?,"Food insecurity is more prevalent in African countries, leading to higher rates of malnutrition, stunting, and developmental delays among children compared to developed nations."
d1173d0153347c4240c210711b1c0d8ac40d0fbd183c5a30ba82c328b9948f68,train,train,crowdsourced,NG,,186,What is the prevalence of female infertility in Africa?,"Female infertility rates vary across Africa, influenced by factors such as infections, pelvic inflammatory disease, and cultural practices like female genital mutilation."
03b691bd1ed0adafd7f85607b95025c2eef24595da6ac2244252e1ca9540a5c1,train,train,crowdsourced,NG,,187,What are common traditional remedies for managing arthritis and joint pain in African cultures?,"Remedies may include herbal teas made from plants like devil's claw and ginger, as well as the application of topical treatments containing ingredients like menthol or camphor."
7524f3c41967889f1bf86d86b2f3859371d49ffb5d728ccd3262655e1e294033,train,train,crowdsourced,NG,,188,What is the first-line treatment for uncomplicated leishmaniasis in Africa?,Sodium stibogluconate is the first-line treatment for uncomplicated leishmaniasis in Africa due to its effectiveness in killing Leishmania parasites and promoting lesion healing. This pentavalent antimonial compound has been used for decades as a mainstay therapy for cutaneous and visceral leishmaniasis.
9a19fad92783351d1d926eac64898ea4bfe46bc07f81904e438aeb8327c86ef3,train,train,crowdsourced,NG,,189,"Which parasitic infection, prevalent in Africa, is transmitted through the bite of infected blackflies?","Onchocerciasis, commonly known as river blindness, is a parasitic infection prevalent in Africa. It is caused by the filarial worm Onchocerca volvulus and is transmitted through the bite of infected blackflies of the genus Simulium. The larvae of the parasite migrate through the skin and eyes, leading to severe itching, skin lesions, and ultimately, blindness if left untreated."
4121778bde2bfde70913cf00c328121a1a231bddd2382393618049b1d183de50,train,train,crowdsourced,NG,,190,What is the primary cause of visual impairment in children in Africa?,"The primary cause of visual impairment in children in Africa is Uncorrected refractive errors.
The reason uncorrected refractive errors are the primary cause of visual impairment in children in Africa is because refractive errors, such as myopia (nearsightedness), hyperopia (farsightedness), and astigmatism, are highly prevalent and often go undetected and untreated. Uncorrected refractive errors can significantly impact a child's ability to learn and perform daily activities, leading to decreased academic performance and impaired quality of life."
52eb5dd6e7fac830432462208c75ff48d8804b6c03b91a4a444e9161f2fe26a2,train,train,crowdsourced,NG,,191,How does the management of sickle cell disease differ between African countries and developed nations?,"In African countries, access to comprehensive care, including genetic counseling and hydroxyurea therapy, is limited. Moreover, early diagnosis and management of complications such as malaria and acute chest syndrome are crucial due to higher disease burden."
005adc63b5bb8d827c3013120d140eb83e469a2889aceb387711464312b5ac04,val,train,crowdsourced,NG,,192,What are the key differences in the etiology of malnutrition in African children compared to those in developed countries?,"In Africa, malnutrition is often due to factors such as food insecurity, limited access to clean water, and poor sanitation, whereas in developed countries, it may be more related to dietary choices and eating habits."
0e9a307e60a431941fbc97b622857231ff0832a93eca85861df3666b603742d8,train,train,crowdsourced,NG,,193,Discuss the impact of gender-based violence on women's health in Africa.,"Gender-based violence leads to physical injuries, psychological trauma, sexual and reproductive health problems, and increased risk of HIV/AIDS transmission among women in Africa, highlighting the need for comprehensive support services and legal protection."
de5e6895e96b9807efa55339899b5249b76f685148ae8190ab5a510a493a550c,train,train,crowdsourced,NG,,194,What is the prevalence of child marriage in Africa?,"Child marriage prevalence varies across African countries, with higher rates reported in regions such as West and Central Africa."
0094fccfc90b117ff522037c2a4d86487101046e47480ae01000e35a55ac7148,train,train,crowdsourced,NG,,195,"What is bilharzia, and what are its etiology, progression, management, and prognosis in an African context?","Etiology: Bilharzia, also known as schistosomiasis, is caused by parasitic worms of the genus Schistosoma, which are transmitted to humans when they come in contact with contaminated freshwater in areas such as lakes, rivers, and streams."
5b7bb174f9f26f24290cc1a0d16edbd86a776aa52785ba402a0f7090e5fb3ae6,val,train,crowdsourced,NG,,196,How does the presentation of schistosomiasis differ in Africa compared to developed countries?,"In Africa, schistosomiasis often presents with severe complications such as liver and kidney damage due to factors such as poor sanitation and limited access to healthcare, leading to higher morbidity rates."
49e48710b3bbf37f3bb9a37289ebcb375122bd90cfd271ec5fd5a4b8ec814765,train,train,crowdsourced,NG,,197,Which endemic infection in Africa is associated with the development of hemolytic anemia and liver dysfunction?,"Babesiosis, caused by Babesia parasites transmitted through the bite of infected ticks, is associated with the development of hemolytic anemia and liver dysfunction in Africa. This tick-borne disease can cause severe complications, especially in immunocompromised individuals."
b87a3326e8e7508adf3be06c513984d6a600adc050d484439dcef3cdbc652389,train,train,crowdsourced,NG,,198,What are the common causes of malnutrition in elderly populations in Africa?,"Common causes of malnutrition in elderly populations in Africa include poverty, limited access to nutritious food, and chronic diseases."
bd4aeda99987b7e1eed02c560da348f395873f76c5b40c8a7c7cfa4850d2049c,train,train,crowdsourced,NG,,199,How do certain African cultures traditionally support individuals experiencing substance abuse issues?,"Traditional methods for addressing substance abuse issues in Africa may involve participation in community support groups, engaging in spiritual ceremonies or rituals, and seeking guidance from traditional healers who use holistic approaches to addiction recovery."
ae8aadf8dd585e18d00248c9e354eb8b8303c0c117a0dc661064fb7ec602d8ca,train,train,crowdsourced,NG,,200,What is the recommended first-line treatment for uncomplicated trichomoniasis in pregnant women in Africa?,"Metronidazole is the recommended first-line treatment for uncomplicated trichomoniasis in pregnant women in Africa due to its effectiveness in killing Trichomonas vaginalis, the causative protozoan. This nitroimidazole antibiotic is safe to use during pregnancy and helps reduce the risk of adverse pregnancy outcomes associated with untreated trichomoniasis."
08e8631aeb29eb6ad4c910c9dfb5e04668e5b80efc7da83137f17a55d27f2493,train,train,crowdsourced,NG,,201,Describe the epidemiology and control measures for cholera outbreaks in Africa.,"Cholera outbreaks are common in Africa, particularly in areas with poor sanitation and hygiene. Control measures include oral rehydration therapy, vaccination campaigns, and improving access to clean water and sanitation facilities."
89d13f4ffc285bd68e991c4d386ab02b9ed9eb10d1835af8be64a5c644de40b2,train,train,crowdsourced,NG,,202,How do certain African cultures traditionally support individuals with albinism and address associated health challenges?,"Traditional methods for supporting individuals with albinism in Africa may involve using natural sunscreens like shea butter or coconut oil, wearing protective clothing and hats, and seeking guidance from traditional healers for skin and vision care."
b615ba8e4a6c0898be3934f79fc06c37eb953ac99cf498663a282aac1bd2e82b,train,train,crowdsourced,NG,,203,What are effective strategies for promoting HIV/AIDS awareness and prevention in African communities?,"Strategies may include comprehensive sex education, access to HIV testing and counseling, promotion of condom use, and addressing stigma and discrimination associated with the disease."
ce7cdd75652b4efaf87609d1bff54ecafeea79445a19b81f9f5df8b651b46ae1,val,train,crowdsourced,NG,,204,Describe the impact of waterborne diseases such as cholera and typhoid fever on public health in African countries.,"Waterborne diseases pose a significant burden on public health in Africa, leading to outbreaks of diarrheal illnesses, dehydration, and death, particularly among children and vulnerable populations. Contaminated water sources, poor sanitation, and inadequate hygiene practices contribute to the transmission of these diseases."
0fbc78aff8a79aecfaa89b101311687099fd563e8d7931aecca4e546aa17ac78,train,train,crowdsourced,NG,,205,How does the prevalence of parasitic infections such as schistosomiasis differ between urban and rural areas in Africa?,Parasitic infections like schistosomiasis are more prevalent in rural areas of Africa due to limited access to clean water and sanitation facilities.
ec222a898bdd9bc522d2adbec312eac3676eb344aa7c1d12a1b95618ddfab4ea,train,train,crowdsourced,NG,,206,What is the primary method used for diagnosing hemolytic anemia associated with thiamine (vitamin B1) deficiency in Africa?,Measurement of thiamine levels in blood or erythrocytes is the primary method used for diagnosing hemolytic anemia associated with thiamine (vitamin B1) deficiency in Africa.
51158c9cc3d66de81e719d897301dc82ff67f79ca4129f59b05a20976d347180,train,train,crowdsourced,NG,,207,What are the key differences in the management of sickle cell disease in Africa compared to developed countries?,"In Africa, management of sickle cell disease includes challenges such as limited access to healthcare, high prevalence of malaria, and lack of availability of hydroxyurea, which is a standard treatment in developed countries."
4f23273a8119836fec30f3360e7998f51f3f06428e32f310953ce9dc4e93377d,train,train,crowdsourced,NG,,208,What are the unique challenges in managing malaria in Africa?,"Challenges include limited access to healthcare, high costs of medication, resistance to antimalarial drugs, and lack of mosquito control measures."
0cdc42690335a6cf283ade288ef6563303a06471165646d2256bbbfee3238362,train,train,crowdsourced,NG,,209,What is the primary cause of anemia in pregnant women in Africa?,"Iron deficiency is the primary cause of anemia in pregnant women in Africa, resulting from increased iron requirements during pregnancy and inadequate dietary intake. Factors such as parasitic infections, poor maternal nutrition, and limited access to iron supplementation contribute to the high prevalence of iron deficiency anemia in this population."
c37a3e887395bef304d65e8688b16fa71f60c9552db0ee800ddf92bed7321a26,train,train,crowdsourced,NG,,210,What are the common causes of drowning in African populations?,"Common causes of drowning in African populations include lack of swimming skills, inadequate water safety measures, and natural disasters."
8e0389560ef00643378102ab3d919cf6b5f8f80d2546afd1fe8334a30d6925e9,val,train,crowdsourced,NG,,211,How can traditional dance and physical activity be used to promote health and well-being in African communities?,"By incorporating traditional dance and physical activities into health promotion programs, communities can encourage physical fitness and social cohesion."
3d098bbc330bf0c9d8c46d82ce93d16756215dc725c1150ff728f30300d5251c,train,train,crowdsourced,NG,,212,What is the most common histologic subtype of ovarian cancer in African women?,"Serous carcinoma is the most common histologic subtype of ovarian cancer in African women, characterized by the presence of malignant epithelial cells with papillary architecture. High-grade serous carcinoma is particularly aggressive and is often diagnosed at an advanced stage, posing challenges for treatment and prognosis."
3ded7ea6abe1499a8bf3524ae8b7091195f177bce11bfd5baaf642d9dac4c3fc,train,train,crowdsourced,NG,,213,What is the primary cause of blindness in adults aged 50 and above in Africa,"Cataracts are the primary cause of blindness in adults aged 50 and above in Africa, leading to clouding of the lens and visual impairment. Factors such as aging, ultraviolet radiation exposure, and limited access to cataract surgery contribute to the high prevalence of cataract-related blindness in this population."
f4c109804800163566ef387cef03fab5735442d067543c780f829e224abcad81,train,train,crowdsourced,NG,,214,How is malaria managed in endemic regions of Africa?,"Malaria in Africa is managed through a combination of strategies, including vector control measures such as insecticide-treated bed nets and indoor residual spraying, prompt diagnosis using rapid diagnostic tests or microscopy, and effective treatment with artemisinin-based combination therapies (ACTs). Additionally, preventive measures such as intermittent preventive treatment in pregnancy (IPTp) and seasonal malaria chemoprevention (SMC) are implemented in high-risk populations."
c5df5a20f47748ae4817ecc6f8b4672a6805e40048935d039feea41ac67102be,val,train,crowdsourced,NG,,215,What is the prevalence of mental health disorders among refugees in Africa,"Mental health disorders, including depression, anxiety, and post-traumatic stress disorder (PTSD), are prevalent among refugees in Africa, often stemming from experiences of conflict, displacement, and trauma."
109fbcd210a6024723ffac85b63e8e6630a58e0feac4fd22b2f43e74d0478043,train,train,crowdsourced,NG,,216,"Which disease, transmitted by the Anopheles mosquito, is a major health burden in Africa?","Malaria, transmitted by the Anopheles mosquito, is a major health burden in Africa. The disease is caused by Plasmodium parasites and manifests with symptoms such as fever, chills, and flu-like illness. Malaria disproportionately affects populations in Africa, particularly children under five years of age and pregnant women."
224938d3d2c9a314bb02dbfe4cc492882d60acdad67da0c85a748c01f5bb3c1e,train,train,crowdsourced,NG,,217,How does access to mental healthcare differ between urban and rural areas in Africa?,"Access to mental healthcare services is often more limited in rural areas compared to urban centers in Africa, where there may be a shortage of mental health professionals and facilities."
54186e87fee23a9e64880a9aced443ffe7ae4845093d787d15fb5340386201dc,train,train,crowdsourced,NG,,218,What is the primary strategy for preventing malaria transmission in Nigeria?,"Vector control measures, including the use of insecticide-treated bed nets and indoor residual spraying.
Reason: Vector control measures are the cornerstone of malaria prevention in Nigeria, targeting Anopheles mosquitoes to reduce their breeding sites and interrupt malaria transmission. Insecticide-treated bed nets and indoor residual spraying are effective interventions that can significantly reduce malaria incidence."
950d813262bef0068f9194f3c6cfa27c03fbd46e35d78c28a2b2c933794f596e,train,train,crowdsourced,NG,,219,What are the challenges in providing palliative care for patients with advanced cancer in African countries compared to developed nations?,"Limited access to opioid analgesics, palliative care services, and trained healthcare providers pose challenges in African countries. Community-based palliative care initiatives and training programs are essential to improve end-of-life care."
e2f5f0bc6a8cfd97b2e1458337564431d6276263f3c895be0752cdca5baa6b64,train,train,crowdsourced,NG,,220,How do some African communities manage symptoms of hay fever?,Drinking nettle tea or consuming extracts from the leaves of the nettle plant (Urtica dioica) is a traditional method used to reduce allergic reactions and alleviate symptoms of hay fever in Africa.
1309de71611a20f6323fdadf43b9619ecf43c50114c6dce91d8f824243a8711d,train,train,crowdsourced,NG,,40,Describe the histopathological findings in African cases of endemic cutaneous leprosy affecting the skin.,"African cases of endemic cutaneous leprosy often exhibit granulomatous inflammation with the presence of acid-fast bacilli (Mycobacterium leprae) within macrophages or histiocytes. Histopathological features may include epithelioid cell granulomas, perineural inflammation, and varying degrees of fibrosis and necrosis within affected tissues."
d2922ece7ce8bfc3354816afeccc96c2154da77c24b42693050406c84cd8b9b5,train,train,crowdsourced,NG,,221,Discuss the role of community-based interventions in improving maternal and child health outcomes in rural African communities.,"Community-based interventions in rural African communities play a vital role in improving maternal and child health outcomes. Through the engagement of community health workers, these interventions provide essential prenatal, childbirth, and postnatal care, promote immunization, nutrition, and family planning, and raise awareness about maternal and child health issues. By addressing barriers to healthcare access and empowering communities to take ownership of their health, these interventions contribute to reducing maternal and child mortality and improving overall well-being."
8c09479c2e8e1cdb0051ee172d598ffb685ebabddbfbc8c3f67a5e6a2ffbc7f6,train,train,crowdsourced,NG,,222,How does sickle cell disease impact heart health in African populations?,"Sickle cell disease can impact heart health in African populations through various mechanisms. Chronic anemia and hypoxia increase cardiac workload, leading to left ventricular hypertrophy and diastolic dysfunction. Sickle cell crisis and hemolysis can precipitate acute heart failure and arrhythmias. Pulmonary hypertension due to chronic hemolysis and vaso-occlusive crises further strain the right heart, leading to pulmonary vascular remodeling and right heart failure."
1d8e2b70b339dd42cbfb2132fab76b27cf7d970b97a37c73579a25726dd1ce40,train,train,crowdsourced,NG,,223,"What is the primary mode of transmission of Trypanosoma brucei gambiense, the causative agent of sleeping sickness, in Africa?","Trypanosoma brucei gambiense is primarily transmitted through the bite of infected tsetse flies in Africa, particularly in rural areas where human-fly contact is common."
e8f052b70f0d58814da6f31e673a07c39227a2bb8d9ef06ec53c468d35d7277a,train,train,crowdsourced,NG,,224,What are the challenges in providing care for individuals with mental health disorders in rural areas compared to urban centers in African countries compared to developed nations?,"Limited access to mental health services, trained providers, and stigma surrounding mental illness pose challenges in providing care for individuals with mental health disorders in rural areas of African countries. Integrating mental health services into primary healthcare and community-based interventions are essential for improving access to care."
806fd804b997420a43e85593c5ecd50e7eaa5d7d6611be35ae27acfb49b3a7e2,train,train,crowdsourced,NG,,225,What are common traditional remedies for treating menstrual disorders in Africa?,"Herbal remedies like ginger, turmeric, and moringa are commonly used for treating menstrual disorders in African traditional medicine."
8942df87b09307400c4f7cc58cf5e880315f7648d7d530c5a9e4d3297d024bcb,train,train,crowdsourced,NG,,226,"How does the prevalence of diabetes differ in urban vs rural areas in Africa, and what are the contributing factors?","Diabetes prevalence is higher in urban areas due to changes in lifestyle, including diet and physical activity, as well as increased access to processed foods."
75260be3e57c25ebaafd727cc24f0a002ac0e488e1236616a6f7baffbe9d1cab,train,train,crowdsourced,NG,,227,How do cultural beliefs about the supernatural influence perceptions of epilepsy and seizure disorders in African communitie,"Cultural beliefs about epilepsy may include attributing seizures to supernatural causes or possession, which can lead to stigma and social isolation for individuals with the condition."
09a27ece38f04c8a37ce5ace49f2c6f3ad78e6df061f150e1411d7efba442bdd,train,train,crowdsourced,NG,,228,What is the most common etiology of chronic kidney disease in Africa?,"Chronic kidney disease in Africa is most commonly caused by hypertension, diabetes mellitus, and chronic glomerulonephritis."
671dc657ba910d5a91e92e6e1b92839c61e61756ade7aafe5f85b27636955ecd,train,train,crowdsourced,NG,,229,"How does the prevalence of vaccine-preventable diseases, such as measles and polio, vary across different regions of Africa, and what factors contribute to these variations?","Variations in vaccine coverage, healthcare infrastructure, and population density contribute to differences in the prevalence of vaccine-preventable diseases across Africa."
351211cb247cb20b3f3390563cc9332229827d39f75b1c9543ea28e0a28e8777,train,train,crowdsourced,NG,,230,How do traditional healers contribute to healthcare in Africa?,"Traditional healers play a significant role in providing healthcare services, especially in rural areas where access to modern medicine is limited."
269c286e813169b05b8dc9c4aefe282c7d3b16f81a8c88fe6d3b806047bbd683,val,train,crowdsourced,NG,,231,Which endemic infection in Africa is associated with the development of autoimmune hemolytic anemia (AIHA)?,"Epstein-Barr virus (EBV) infection, a common viral infection in Africa, is associated with the development of autoimmune hemolytic anemia (AIHA). EBV can trigger the production of autoantibodies that attack red blood cells, leading to hemolysis."
cad54e9dbbe4ae74a7292868207deada42d88e74e88bb48a83806cbca42a6660,val,train,crowdsourced,NG,,29,What is the leading cause of maternal mortality in Nigeria?,"Postpartum hemorrhage is the leading cause of maternal mortality in Nigeria, accounting for approximately 25% of all maternal deaths. The condition is caused by excessive bleeding after childbirth, which can lead to shock, organ failure, and death if not treated promptly. Postpartum hemorrhage is a significant public health challenge in Nigeria, with inadequate access to healthcare, poor maternal health, and lack of skilled birth attendants being some of the contributing factors."
50de7eefcf5e15160fdd172c20bc8470168a48628031296904aea5357f528d65,train,train,crowdsourced,NG,,232,"In certain African regions, what traditional practices are used for wound healing?","Some traditional practices for wound healing include using poultices made from plants like aloe vera or marigold, as well as applying honey or shea butter to the affected area."
a5b43f89cd56754e5cfb422f48667ad8f8e7acc75c2a178df4a446aab162a9d1,train,train,crowdsourced,NG,,233,What is the first-line treatment for uncomplicated toxoplasmosis in non-pregnant women in Africa?,Oral pyrimethamine plus sulfadiazine is the first-line treatment for uncomplicated toxoplasmosis in non-pregnant women in Africa due to their effectiveness in killing Toxoplasma gondii parasites and reducing the duration and severity of symptoms. Treatment should be administered under medical supervision and monitored for potential adverse effects.
adf098b93dcbf1155b487e31eea775f3c4131280cf20bc90163d38f02e076dc8,val,train,crowdsourced,NG,,234,Explain the impact of neglected tropical diseases (NTDs) on public health in Africa and strategies for their prevention and control.,"Neglected tropical diseases (NTDs) have a significant impact on public health in Africa, affecting millions of people and perpetuating cycles of poverty and disability. These diseases, including schistosomiasis, lymphatic filariasis, soil-transmitted helminthiasis, and others, disproportionately affect marginalized populations with limited access to healthcare and sanitation.
The impact of NTDs includes chronic disability, reduced productivity, and stigmatization, leading to social and economic burdens on affected communities. NTDs also contribute to malnutrition, impaired child development, and increased susceptibility to other infectious diseases.
Strategies for prevention and control of NTDs in Africa include:
1. Mass drug administration (MDA) campaigns: Regular distribution of preventive chemotherapy to at-risk populations helps reduce disease burden and transmission.
2. Improved access to clean water and sanitation: Enhancing infrastructure and promoting hygiene practices reduce exposure to NTD-causing pathogens.
3. Vector control: Targeted interventions to control disease vectors, such as insecticide-treated bed nets for malaria and snail control for schistosomiasis, help prevent transmission.
4. Health education and community engagement: Promoting awareness, addressing misconceptions, and mobilizing communities empower individuals to adopt preventive measures and seek treatment.
5. Integration of NTD control programs with other health services: Leveraging existing platforms, such as maternal and child health programs, improves access to NTD interventions and maximizes resources.
Overall, a comprehensive and integrated approach, supported by political commitment, funding, and partnerships, is essential for effectively preventing and controlling NTDs in Africa and achieving sustainable improvements in public health and well-being."
9b7abde61a23d6bdcc2cf764b4ad433f3049d5e3945252b268cf04f4085c6078,val,train,crowdsourced,NG,,235,What are common traditional practices for promoting infant health in African communities?,"Practices may include breastfeeding, babywearing, massage, and the use of traditional remedies like herbal baths or massages believed to promote infant well-being."
4875f182a79f45f25e1a020a20ceb7c92bc4f3f21feb2c0f9e7bfad4618a165f,train,train,crowdsourced,NG,,236,"How does the prevalence of sanitation-related diseases, such as diarrheal diseases and soil-transmitted helminthiasis, vary between urban and rural areas in Africa, and what interventions are effective in improving sanitation and hygiene practices?","Sanitation-related diseases pose significant health risks in both urban and rural areas of Africa, but the prevalence may vary depending on access to clean water and sanitation facilities. Urban areas may face challenges with inadequate sanitation infrastructure, leading to higher transmission rates of diarrheal diseases and soil-transmitted helminthiasis. Effective interventions to improve sanitation and hygiene practices include investment in water and sanitation infrastructure, promotion of handwashing with soap, construction of improved sanitation facilities, community-led total sanitation programs, behavior change communication campaigns, and integration of water, sanitation, and hygiene (WASH) initiatives into health and development programs. Empowering communities to take ownership of sanitation improvements and addressing socio-economic barriers to access are critical for sustainable sanitation interventions."
984a14f6c29c76124be02e45bd279772eb4efaf7a55fec54136be8071a2e757b,train,train,crowdsourced,NG,,237,How do some African cultures manage symptoms of oral thrush?,Gargling with saltwater or chewing on fresh garlic cloves is a traditional method used to reduce fungal growth and alleviate symptoms of oral thrush in Africa.
1dd726de60a8d06e449b0b4bb22fedc5c355ddddd299ab8c892b8ed202ee7800,train,train,crowdsourced,NG,,238,What indigenous African plant is used to manage symptoms of indigestion?,Chewed ginger root or ginger tea is often consumed to alleviate symptoms of indigestion in many African cultures.
35a28925e4570473cfdf8b681f78488097c06ce39fabcfe349e37b02a7a8fba0,train,train,crowdsourced,NG,,239,Describe the role of traditional birth attendants in maternal and child healthcare delivery in Africa.,"Traditional birth attendants play a significant role in assisting with childbirth, providing prenatal and postnatal care, and promoting maternal and child health practices in communities where access to skilled birth attendance is limited"
40adb2e9cb6e4b78908f0a743dd7a0cf704df3be30e11dfdca726dd77b0daf87,train,train,crowdsourced,NG,,240,What is the primary cause of blindness in onchocerciasis-endemic regions of Africa?,"Onchocerciasis, or river blindness, is the primary cause of blindness in onchocerciasis-endemic regions of Africa."
c1f2712143aaf623828c5772c1e83c7150f51c2155f12eab389ab75aa8ff4fd8,train,train,crowdsourced,NG,,241,What is the primary cause of chronic cough in adults with bronchiectasis in Africa?,"Mycobacterium tuberculosis is the primary cause of chronic cough in adults with bronchiectasis in Africa, particularly in individuals with prior TB infection and structural lung damage. Factors such as delayed diagnosis, drug-resistant TB strains, and comorbidities contribute to the persistence of TB-related cough in bronchiectasis patients."
923fec9c596400633a764e7b65ba9925a4e27ac0a694c66d933204056787f003,train,train,crowdsourced,NG,,242,"What are the challenges in diagnosing and managing chronic liver diseases, such as hepatitis B and hepatitis C, in African healthcare settings, and how can these challenges be addressed?","Challenges include limited access to diagnostic tests, shortage of hepatologists and gastroenterologists, and financial barriers to accessing treatment. Addressing these challenges requires improving laboratory capacity, training healthcare providers in liver disease management, and increasing access to affordable medications."
9f68bafb2bf438dd7ea4ba316a624d3c196b1af75506c6dded7103c1c73f8d66,train,train,crowdsourced,NG,,243,Explain the role of traditional healers in managing kidney diseases in African communities.,"Traditional healers play a significant role in managing kidney diseases in African communities, often serving as the first point of contact for patients. They diagnose and treat kidney ailments using herbal remedies, rituals, and spiritual interventions based on indigenous knowledge and cultural beliefs. Collaboration between traditional healers and conventional healthcare providers can enhance patient care by integrating traditional and modern approaches, improving access to culturally sensitive care, and promoting health education and preventive measures."
8719fbd832df0d1030b4affae06d4a595bad58e5854457cda604bdc6a032687e,val,train,crowdsourced,NG,,244,What is the primary cause of maternal mortality during childbirth in Africa?,"Postpartum hemorrhage, characterized by excessive bleeding following childbirth, is the primary cause of maternal mortality during childbirth in Africa. Factors such as uterine atony, retained placenta, and trauma contribute to the high incidence of postpartum hemorrhage-related deaths in the region."
d4fa7e2dd23d3860d93beadc167ccba8e1b26ea544bc56ae5fc95fea3d99098d,train,train,crowdsourced,NG,,245,What is the primary cause of neonatal sepsis in Africa?,"Group B Streptococcus (GBS) is the primary cause of neonatal sepsis in Africa, transmitted vertically from mother to newborn during childbirth. Inadequate maternal screening, limited access to intrapartum antibiotic prophylaxis, and delayed diagnosis contribute to the high incidence of GBS-related neonatal sepsis."
20eef2bf6ad4c6f9cec49a367e3f7e879d70a86012d3fa22139b24247474d824,train,train,crowdsourced,NG,,246,What is the main cause of acute bacterial meningitis in Africa?,Streptococcus pneumoniae is the main cause of acute bacterial meningitis in Africa.
3ad25c520d6b10e5567256d7c8420720855fddc2c31ccdbe9c2035411b943719,val,train,crowdsourced,NG,,247,Describe the role of international aid and partnerships in improving healthcare outcomes in Africa.,"International aid and partnerships play a crucial role in providing financial resources, technical expertise, and capacity building to strengthen healthcare systems, improve access to essential medicines, and address health disparities in Africa."
9ace93c6265b878414a63919f1458229327dd228cccc3f5d982682162fa6742f,train,train,crowdsourced,NG,,248,Which condition is characterized by the progressive loss of bone density and increased fracture risk in elderly African individuals?,"Osteoporosis is characterized by the progressive loss of bone density and microarchitectural deterioration, leading to increased fracture risk, particularly in elderly African individuals. Risk factors include aging, female sex, low body mass index, vitamin D deficiency, and estrogen deficiency in postmenopausal women."
59054ed31f6b4a66afa0610c673926dc206cb715ea843a89deefcebccfeb5af6,train,train,crowdsourced,NG,,249,What traditional African practice is employed to alleviate symptoms of altitude sickness?,Drinking tea made from dried leaves of the coca plant (Erythroxylum coca) or chewing on coca leaves is a traditional method used to alleviate symptoms of altitude sickness in some African societies.
de5dd591b59b145162c896260ce1bbf6d1fab2cd2b7ce8dc556bcec82661130f,train,train,crowdsourced,NG,,250,What is the prevalence of substance abuse disorders among youth in Africa?,"Substance abuse disorders, including alcohol and drug abuse, are a growing concern among youth in Africa, influenced by factors such as peer pressure, unemployment, and urbanization."
449c25ec17ba5d9b9e6ec969a34ca139f6669d60b80213ff4b21a4aff884b26c,train,train,crowdsourced,NG,,251,What indigenous African plant is used to manage symptoms of urinary retention?,Consuming pumpkin seeds or drinking pumpkin seed tea is believed to help strengthen the bladder muscles and alleviate symptoms of urinary retention in some African cultures.
3c6004ab06ba47666e86cbf6d7877617cb351bb60351c59da3f8dce72a70dd76,train,train,crowdsourced,NG,,252,How does the prevalence and management of perinatal asphyxia differ between regions with high and low rates of skilled birth attendance in African countries compared to developed nations?,Regions with low rates of skilled birth attendance in African countries may have higher rates of perinatal asphyxia due to delays in emergency obstetric care. Training birth attendants in neonatal resuscitation and improving access to emergency obstetric services are essential for preventing perinatal deaths.
6625a5b6a6a0d676d7a074bc1e71815e68beca1108132fe97265d87c3c566338,train,train,crowdsourced,NG,,253,What is the most common etiology of acute febrile illness in adults in Africa?,"Malaria is the most common etiology of acute febrile illness in adults in Africa, particularly in regions where the disease is endemic."
dc82576fd2c0d695f6666342342bc90326ecbff2a5a65846b21f8cdad8f9435e,train,train,crowdsourced,NG,,254,What is the most common type of cancer diagnosed in elderly African individuals?,"Prostate cancer is the most common type of cancer diagnosed in elderly African individuals, with a higher incidence rate compared to other racial and ethnic groups. Risk factors include aging, family history, African ancestry, and genetic mutations such as BRCA2."
1cd549d05307e61d92bec75f4b949cc5445374566384f81b67bfcfdeb371c67e,train,train,crowdsourced,NG,,255,Which medication is commonly used for the treatment of Chagas disease in Africa?,"Benznidazole or nifurtimox is commonly used for the treatment of Chagas disease in Africa, although access to these medications may be limited in some regions."
b0b19f31dc66bf89bf68e7c75e3d241ef19f4e833e7c1fa13f8e877596195626,train,train,crowdsourced,NG,,256,How do some African cultures manage symptoms of insomnia?,Drinking tea made from dried valerian root or lavender is a traditional remedy used to promote relaxation and improve sleep in African communities.
6be9c2e469777d7194d8ffa544f07f1e0a73a06d5be6095da77750411b53112a,train,train,crowdsourced,NG,,257,What is the primary cause of maternal morbidity in Africa?,"Obstetric hemorrhage, including antepartum, intrapartum, and postpartum hemorrhage, is the primary cause of maternal morbidity in Africa. Factors such as uterine atony, placental abruption, and retained placenta contribute to the high incidence of obstetric hemorrhage and maternal morbidity in the region."
51fd931d9ec22352f3b27969494627c6dd7b96fef248537972ac151bfad59c6a,train,train,crowdsourced,NG,,258,What is the leading cause of death among adolescents in Africa?,Road traffic injuries are the leading cause of death among adolescents in Africa.
5ba0bc699e406b9dbe15908c5cb8f277f0e7df884c3e0dcce15b11885bac377f,val,train,crowdsourced,NG,,259,Describe the histopathological changes observed in African cases of endemic onchocerciasis affecting the skin and subcutaneous tissues.,"Endemic onchocerciasis in Africa often presents with dermal fibrosis, chronic inflammation, and the presence of microfilariae within nodules or inflammatory infiltrates. Histopathological features may include hyperplastic collagen bundles, lymphocytic infiltrates, and granulomatous reactions around dead or dying microfilariae."
6ea0e34e8ba3d9c0a3f3771b647a47753672650d15e838af97ac61fed89da6ed,val,train,crowdsourced,NG,,260,What local practices in Africa are used for promoting eye health?,"Africans may use herbs like bilberry, marigold, and African red bush tea (rooibos) to support eye health, as well as consuming foods rich in vitamin A like carrots and spinach."
6e2f398c40be5571850f83319d35cf3669a310c90ab7c701aaca049b4f3ebe6f,train,train,crowdsourced,NG,,261,"Among African communities, what mitochondrial disorder is associated with Kearns-Sayre syndrome, presenting with progressive external ophthalmoplegia and cardiac conduction defects?","Kearns-Sayre syndrome, a mitochondrial disorder prevalent in some African populations, manifests with characteristic ophthalmologic and cardiac manifestations."
4c923e0e6c5f4e5db949d94a8a8052aefd78f85d84fc2971b801b51c15726c3a,train,train,crowdsourced,NG,,262,What is the unique challenge in managing tuberculosis (TB) in African settings?,"The high burden of TB/HIV co-infection, which requires integrated management approaches."
9011ed8481294e23d31ed21b6273408a4ab5cc1df22fe7f897eb949bf29ffb23,train,train,crowdsourced,NG,,263,What traditional practices are associated with postpartum care in African cultures?,"Practices such as maternal rest, herbal baths, and dietary modifications are commonly associated with postpartum care in many African cultures."
bac9b721c864198d144c0dad8e6467f6dd98826d070ddae93096765aae9e6669,val,train,crowdsourced,NG,,264,Describe the histopathological changes observed in African cases of endemic gastrointestinal schistosomiasis affecting the colon.,"Endemic gastrointestinal schistosomiasis affecting the colon in Africa typically presents with mucosal ulceration, chronic inflammation, and pseudopolyp formation. Eggs of Schistosoma species may be found within the mucosa or submucosa, eliciting granulomatous reactions."
c4a67003933fb516413e7467b9ee81561a5b8c93c3be092b1429b02572ab974e,train,train,crowdsourced,NG,,119,What are the common causes of malnutrition in African children?,"Common causes of malnutrition in African children include inadequate dietary intake, infections, and poor access to healthcare."
fed3497f616a285d0e388b78d661469432da00a3d021fbb0d91fd00aa52403dd,val,train,crowdsourced,NG,,265,Which medication is commonly used for the treatment of loiasis (African eye worm infection) in Africa?,"Diethylcarbamazine (DEC) is commonly used for the treatment of loiasis in Africa, although caution is advised due to the risk of severe adverse reactions in patients with high microfilaremia."
2567ca01ede01875b9a09436df858af61d6bdf8296615fec6e47d250289b7657,val,train,crowdsourced,NG,,266,What are some traditional remedies for stomach ailments in African cultures?,"Remedies may include herbal teas made from ginger or peppermint, or consuming fermented foods like yogurt or cultured milk."
dfd72e32744ba2f6722a4b1bd338158cc8127df0a09a9abb28b047d74987ada6,train,train,crowdsourced,NG,,267,What are some innovations in surgical training to address workforce shortages in Africa?,"Innovations in surgical training in Africa include simulation-based training programs, task-shifting initiatives to train non-physician clinicians in basic surgical skills, and partnerships with international medical schools and organizations."
b432c4119e398bdf3535567113dd8bf8d07d2508c88242baf28aa64174fe9dde,train,train,crowdsourced,NG,,268,What is the primary mode of transmission of hepatitis E virus (HEV) in Africa?,"Hepatitis E virus (HEV) is primarily transmitted through fecal-oral route, often via contaminated water sources or food in Africa."
9e1dced23ecf2ff7aa1455e769a7416b6869caa027683b8869d57ea900469d7f,train,train,crowdsourced,NG,,269,What are the primary risk factors for stomach cancer in Africa?,"Primary risk factors include infection with Helicobacter pylori, dietary factors (such as consumption of smoked or salted foods), and genetic predisposition."
0e6f0ffd0ed06f63c6bd53ef51bec2562b9b662aa50fdb304a52c637b4743392,train,train,crowdsourced,NG,,270,How do cultural beliefs impact mental health treatment in African societies?,"Cultural beliefs may influence perceptions of mental illness, leading to stigma and barriers to seeking professional help. Traditional healers and community support networks often play a significant role in mental health care."
2c4a147bf71eb709293471fb3b89f4edb92682939ebe4d3f9e762d4c6a1b5309,train,train,crowdsourced,NG,,271,What is the recommended first-line treatment for uncomplicated diverticulitis in adults in Africa?,Oral antibiotics such as ciprofloxacin with metronidazole or amoxicillin-clavulanate are the recommended first-line treatments for uncomplicated diverticulitis in adults in Africa.
6f23638d39403463d336721130363935d26497f193760e7cb102fe43b32a9a9c,train,train,crowdsourced,NG,,272,What are the challenges in diagnosing and managing vocal cord nodules in African singers?,"Challenges include late presentation, limited access to specialized voice therapy, and cultural beliefs about vocal health."
b14d241a221a55aa09c37b4602c530fa4bfc176acb95eadd9f68d609ad7de5a9,train,train,crowdsourced,NG,,273,"In African populations, what nutrient deficiency is commonly associated with cretinism and may result from inadequate iodine intake during pregnancy?","Iodine deficiency during pregnancy, prevalent in certain African communities, increases the risk of cretinism in offspring and necessitates iodine supplementation for prevention."
eafc299f92d8ff86d525a40ddefe163df9e7f73a4316d3e002ca6cce9bbc542a,train,train,crowdsourced,NG,,274,What are the barriers to accessing prenatal care and skilled birth attendance in rural African communities?,"Limited access to healthcare facilities, cultural practices, and socioeconomic factors contribute to low utilization of prenatal care and skilled birth attendance, increasing maternal and neonatal mortality rates."
334e0d21502759cc09bc9f656f7081bd9825dbd88e8413a56cabc3c3d50e3d5d,train,train,crowdsourced,NG,,275,"What are the common causes of facial nerve paralysis in African populations, and how can it be managed?","Common causes include viral infections like herpes zoster and bacterial infections like otitis media. Management includes antiviral medications, steroids, and physical therapy."
b25b408ab6b6c934c800857b1e7b384a1c4f6a9a5f94574a2d4959ed7f9495a2,train,train,crowdsourced,NG,,276,What are the unique challenges in managing HIV/AIDS in rural areas of Africa?,"Unique challenges in managing HIV/AIDS in rural areas of Africa include limited access to healthcare facilities, lack of trained healthcare personnel, and stigma associated with the disease."
d21a540174da1cab3b0ad1fa129e4edab73b85f8c282145e031c0f23b5e28f03,train,train,crowdsourced,NG,,277,Discuss the socio-cultural factors influencing the prevalence of female genital mutilation (FGM) in some African societies.,"Factors include cultural beliefs, social pressure, gender inequality, and the perception of FGM as a rite of passage or tradition."
cf01856d53d43eada0d58e3dabaf2c9365ea1740f0f24bbe2e9b5be51d6d0a57,train,train,crowdsourced,NG,,278,"In African populations, what mitochondrial disorder is associated with neurodegenerative symptoms and may present with movement disorders like dystonia and chorea?","Mitochondrial neurogastrointestinal encephalopathy syndrome (MNGIE), though rare, can manifest with neurodegenerative symptoms including movement disorders in African patients."
7e148682b26d77ecaf403b26dc7edfb837e350e92e581d60fac7b69aa32b9fc3,train,train,crowdsourced,NG,,279,What cultural practices contribute to the transmission of infectious diseases in African communities?,"Cultural practices such as communal living arrangements, traditional healings ceremonies involving bodily fluids, and certain burial rites can contribute to the transmission of infectious diseases like HIV/AIDS, tuberculosis, and Ebola in African communities."
a2294b8f9d1e2e863585cb8f3d2f2e94ff1048e644ef09186f785ecbf2e3af63,train,train,crowdsourced,NG,,280,What are the challenges in preventing and managing complications of female genital mutilation (FGM) in African countries compared to developed nations?,"Limited access to healthcare services, cultural acceptance of FGM, and lack of legal protection pose challenges in preventing and managing complications of FGM in African countries. Comprehensive health education and community engagement are essential for prevention and support."
965f0396aeafee05dfde9aa4dda76920a258d6df08a37303b5bfb5d386ada9bf,val,train,crowdsourced,NG,,281,What is the most common type of anemia in African children under five years old?,Iron deficiency anemia is the most common type of anemia in African children under five years old.
b41b3412df54ca321cb254a69f8f0d9f650727e9855e97c4d2b9d415efe7bcef,train,train,crowdsourced,NG,,282,How does the prevalence of oropharyngeal cancers differ in African populations compared to other regions?,"The prevalence may be higher in Africa due to factors such as tobacco and alcohol use, as well as infectious agents like human papillomavirus (HPV)."
67708beff7b18c1070d3fb9239987ca5ddf70dbb37be40e89f8d181601c60d43,train,train,crowdsourced,NG,,283,What are common challenges in delivering healthcare services in rural Africa?,"Limited infrastructure, inadequate transportation, and shortages of healthcare workers are common challenges in delivering healthcare services in rural Africa."
28e749abaf10ff2a71f8ecb4f16f89d25fb00a1c45590ed310ce5a8621c48a4c,train,train,crowdsourced,NG,,284,"What are the cultural and religious beliefs influencing the perception and treatment of epilepsy in traditional African communities, and how do they impact epilepsy management and quality of life?","Cultural and religious beliefs surrounding epilepsy vary across traditional African communities, often leading to stigma, misconceptions, and reliance on spiritual or traditional healers for treatment. These beliefs can affect epilepsy management, medication adherence, and psychosocial well-being."
782b400dc053c889e8b1b3e7935df260bb261526aafaaba81c220dd992f53a5c,train,train,crowdsourced,NG,,285,How do certain African traditions address postpartum care for new mothers?,"In some African cultures, postpartum care involves rituals such as herbal baths, massages using oils like shea butter or coconut oil, and consuming nutrient-rich foods like soups made from bone broth and vegetables."
0905eb3e2ac1755359a48c7ecc12f529afccf233d55f9f72e82710b67f01e54f,val,train,crowdsourced,NG,,286,What histopathological changes are observed in African cases of endemic tinea capitis affecting the scalp?,"African cases of endemic tinea capitis affecting the scalp typically show superficial perifollicular inflammation, hair shaft invasion by fungal hyphae, and varying degrees of keratinocyte hyperplasia. Histopathological examination may reveal follicular plugging, ectothrix or endothrix invasion, and a mixed inflammatory infiltrate surrounding affected hair follicles."
220bd5ba9c2e1726bc971b1ceb6b0ec98cbab07eb6efa75ab7a7ae38c6e4946d,train,train,crowdsourced,NG,,287,How do certain African societies manage symptoms of earwax buildup?,Instilling a few drops of warm olive oil or hydrogen peroxide into the ear canal is a traditional method used to soften earwax and facilitate its removal in Africa.
bc4984db6b5c945a759839838aaa69b608575ea76dedb8ab8911bc801baeb94e,train,train,crowdsourced,NG,,288,What are the challenges in managing snakebite envenomation in rural areas of Africa?,"Limited access to antivenom, lack of trained healthcare providers, and delays in seeking medical care contribute to high mortality rates from snakebite envenomation in rural African communities."
6f1784d0e4e8993b2540ddcd95933fa9ebb7c9f7a8b65d441be0dfc169b3593d,train,train,crowdsourced,NG,,289,What is the most common opportunistic infection seen in HIV/AIDS patients in Africa?,Tuberculosis (TB) is the most common opportunistic infection seen in HIV/AIDS patients in Africa due to the synergistic relationship between HIV and TB.
75a388e469333a3bb1a9cb16ae1bd003dca81ae22a31c3e9238f750c8dc164d8,train,train,crowdsourced,NG,,290,What traditional African practice is employed to alleviate symptoms of laryngitis?,Gargling with warm saltwater or drinking tea made from dried leaves of the licorice plant (Glycyrrhiza glabra) is a common practice in Africa to soothe the throat and alleviate symptoms of laryngitis.
bd9d1aca67f6b1a2cd7ad87e11d665ddbf4655183232728ab916947fae593027,train,train,crowdsourced,NG,,291,How do certain African societies manage symptoms of food poisoning?,Drinking activated charcoal mixed with water or consuming activated charcoal capsules is a traditional method used to absorb toxins and alleviate symptoms of food poisoning in some African communities.
65e71a5289d3da0bc66ed061d1667e6097364eb5e8d6f652e53151d5e50ef566,val,train,crowdsourced,NG,,292,What are the unique challenges in managing tuberculosis in Africa compared to developed countries?,"Managing tuberculosis in Africa is complicated by factors such as limited healthcare infrastructure, high prevalence of HIV co-infection, and drug resistance issues."
da73defd37ce3421fa91ed1c472ad7771d1e58abf2bef89cb36e0ab7826978a9,train,train,crowdsourced,NG,,293,"Which preventable disease, endemic to certain regions of Africa, is caused by the bacterium Mycobacterium ulcerans and leads to progressive skin ulcers and tissue destruction?","Buruli ulcer is endemic to certain regions of Africa, particularly West and Central Africa. It is caused by Mycobacterium ulcerans, which produces a toxin leading to tissue destruction and the formation of ulcers on the skin and sometimes bone."
08be1309ec9bab590e49fe619f63babf910bae4852119567894a712d02737b2e,train,train,crowdsourced,NG,,294,Which condition is characterized by chronic inflammation of the bronchial tubes and is a common cause of cough and sputum production in elderly African individuals?,"Chronic bronchitis is characterized by chronic inflammation of the bronchial tubes, leading to excessive mucus production, cough, and airflow obstruction in elderly African individuals. Tobacco smoking, biomass fuel exposure, and air pollution are major risk factors for chronic bronchitis development."
0d2e1a83f5da42d72d6cd72e60c215977281b85a888cb5cfe00fc608b4f1d508,train,train,crowdsourced,NG,,295,What is the primary method used for diagnosing malaria in pregnant women in Africa?,"Rapid diagnostic tests (RDTs) for malaria are the primary method used for diagnosing malaria in pregnant women in Africa, providing rapid results to guide appropriate treatment and management."
7ba355b0d6e75b1948f145e668163ef068f99caa286c1d4db455809f9e6821d5,val,train,crowdsourced,NG,,296,How does the etiology of esophageal cancer differ in African populations compared to other regions?,"In Africa, esophageal cancer is often associated with dietary factors, such as consumption of hot beverages (like tea), exposure to mycotoxins (from moldy food), and nutritional deficiencies."
3327bffab380085e428df65e428ad177baf648725b209a892b5da2ef3080e1f1,train,train,crowdsourced,NG,,297,What is the second leading cause of death in Nigeria?,"HIV/AIDS is the second leading cause of death in Nigeria, with an estimated 1.9 million people living with the disease. The disease is responsible for approximately 10% of all deaths in the country. HIV/AIDS is a significant public health challenge in Nigeria, with new infections and AIDS-related deaths declining in recent years due to increased access to antiretroviral therapy and other prevention measures."
0761debccf8e12cd42a0caf81b6851803fb0dc8f3e212b7689968062a12eefc7,train,train,crowdsourced,NG,,298,Which African country has the highest prevalence of HIV/AIDS?,South Africa has the highest prevalence of HIV/AIDS in Africa.
b1c038d97f06539144713ae1bb4bbf9cd4ecf97b515835cb2f9fa3d4c124ca03,train,train,crowdsourced,NG,,299,What indigenous African plant is used to manage symptoms of intertrigo (skin inflammation)?,Applying powdered turmeric or neem leaf paste to the affected skin folds is believed to help reduce moisture and alleviate symptoms of intertrigo in Africa.
5dd12c5865702c0502e86f4280cbfc8ac9fec1f2c0511f2b5a81e3777faae8aa,train,train,crowdsourced,NG,,300,"In African populations, what liver condition is commonly associated with chronic hepatitis C infection and may progress to hepatocellular carcinoma if left untreated?","Chronic hepatitis C infection, prevalent in certain African regions, increases the risk of hepatocellular carcinoma, necessitating early detection and treatment."
d879cb3a910980446ce151f2483129639a3fe5ffc05ad083e02ba0dcd50104cb,train,train,crowdsourced,NG,,301,What is the primary cause of chronic diarrhea in children in Africa?,"Enteric pathogens, including rotavirus, Escherichia coli, and Shigella species, are the primary cause of chronic diarrhea in children in Africa. Factors such as poor sanitation, contaminated water sources, and inadequate hygiene practices contribute to the high burden of enteric infections and diarrheal diseases in the region."
4e9cbb56c13bc6666afc8e577733c58c8ff8b07fe79754c1851ab1d3609d9fd4,train,train,crowdsourced,NG,,302,What cultural factors influence the acceptance and adherence to vaccination programs in rural African communities?,"Cultural beliefs, mistrust of government or healthcare systems, and limited access to healthcare services can impact the acceptance and adherence to vaccination programs in rural African communities."
5c79c3a6b9135694a738972722c5c6bf1b2b98db3788366c4ac244b7759c78ce,train,train,crowdsourced,NG,,303,What is the most common cause of postmenopausal bleeding in African women?,"Endometrial atrophy is the most common cause of postmenopausal bleeding in African women, characterized by thinning of the endometrial lining due to estrogen depletion. Other causes include endometrial hyperplasia, endometrial polyps, and endometrial cancer, necessitating thorough evaluation to rule out malignancy."
cb2c590017ebd10caf0b037324433048a8fad2b0ab3314a3be7fd69c637537b3,train,train,crowdsourced,NG,,304,What is the primary cause of chronic liver disease in adults with sickle cell disease in Africa?,"Hepatitis B virus (HBV) infection is the primary cause of chronic liver disease in adults with sickle cell disease in Africa, leading to progressive liver inflammation, fibrosis, and cirrhosis. Coinfection with HBV and sickle cell disease can exacerbate liver complications and increase the risk of hepatic decompensation."
32fdd875d6cff999075541f002e0348e49dce522edd9d6c8b06ca13c0b403fdf,train,train,crowdsourced,NG,,305,How does traditional medicine complement modern healthcare in Africa?,"Traditional medicine often complements modern healthcare by providing culturally relevant and accessible treatment options, especially in rural areas."
ac9bf47e1941323eee552334c50d9f859ea1b61fc5f132bdc03ae7485bfd8a33,train,train,crowdsourced,NG,,306,"What traditional practices are associated with wound care in African cultures, and how do they compare to modern medical practices?",Traditional practices like applying herbal poultices may be used alongside or in place of modern wound care techniques.
20ab10c45cc0de2f059d56cebbc6117ffec017eeed23cb4bcfb5057df6621b16,train,train,crowdsourced,NG,,307,What are the challenges in diagnosing and managing nasopharyngeal carcinoma in Africa?,"Challenges include late presentation, limited access to radiotherapy, and lack of awareness about the disease."
49036b0bbc4edf6223b856e62e1d0f747e939af5a31cbb70a10429b0abc34f6c,train,train,crowdsourced,NG,,308,What indigenous African plant is used to manage symptoms of motion sickness?,Chewing on ginger root or consuming ginger tea is a common practice in Africa to alleviate symptoms of motion sickness during travel.
3f19c8c4b0ef9541e6c111fdabcdefbcbe4e67a4f8ab43026c590bcf321c2c1c,train,train,crowdsourced,NG,,309,"What is the primary mode of transmission of Mycobacterium leprae, the causative agent of leprosy, in Africa?","Mycobacterium leprae is primarily transmitted through prolonged close contact with untreated cases of leprosy in Africa, particularly in communities with poor living conditions and hygiene practices."
afc6ee57bac8f076b4056c42b3edd8058b28a69c227c1bb95a9496a2f7bbee87,train,train,crowdsourced,NG,,310,"Clinical Scenario: A 50-year-old female presents with fatigue, shortness of breath, and palpitations for the past few weeks. She reports recent travel to Nigeria, where she visited family in a rural area. On examination, there is pallor of the conjunctiva and nail beds. Laboratory tests reveal low hemoglobin levels and microcytic hypochromic red blood cells. Question: What is the most likely diagnosis, and what is the recommended next step in management for this patient?","The most likely diagnosis is iron deficiency anemia, likely exacerbated by factors such as poor nutrition, parasitic infections, or blood loss during travel to Nigeria. The recommended next step in management is to perform further evaluation to determine the underlying cause of iron deficiency, including stool testing for occult blood, serological tests for parasitic infections such as hookworm or schistosomiasis, and assessment of dietary intake. Additionally, the patient should be started on iron supplementation to correct the anemia and improve symptoms.
Reason: Iron deficiency anemia is a common nutritional deficiency disorder characterized by low hemoglobin levels and microcytic hypochromic red blood cells. The patient's symptoms of fatigue, shortness of breath, and palpitations, along with physical examination findings of pallor, are consistent with iron deficiency anemia. The recent travel to Nigeria, a country with a high prevalence of parasitic infections and potential nutritional deficiencies, raises suspicion for exacerbation of iron deficiency anemia due to factors such as poor nutrition, parasitic infections, or blood loss. Further evaluation is necessary to identify and address the underlying cause of iron deficiency, and initiation of iron supplementation is essential to correct the anemia and improve the patient's clinical condition."
16198df0c248b7ffdbd1d6956a487df51d1768fabe364bb9daf9ab275ded42d8,val,train,crowdsourced,NG,,311,What are the most effective strategies for preventing mother-to-child transmission of HIV in African settings with limited resources?,"Strategies include prenatal HIV testing, provision of antiretroviral medications during pregnancy and childbirth, and promoting exclusive breastfeeding."
95aa623ea96f7108e992217b516eb41662b01915e53eeebd8c3605e73ebeaa0c,train,train,crowdsourced,NG,,312,"How does the prevalence of intimate partner violence (IPV) in Africa contribute to adverse maternal and child health outcomes, and what approaches can be taken to address IPV within healthcare settings?","Intimate partner violence (IPV) is a pervasive public health issue in Africa, with detrimental effects on maternal and child health outcomes. Pregnant women experiencing IPV are at increased risk of adverse pregnancy outcomes, including preterm birth, low birth weight, and maternal mortality. Children exposed to IPV may suffer from physical, emotional, and developmental problems. Addressing IPV within healthcare settings requires a multi-faceted approach that includes routine screening, training of healthcare providers, provision of support services, referral to community resources, and advocacy for policy reforms to strengthen legal protections for survivors. Integrating IPV interventions into maternal and child health programs, promoting gender equality, and fostering community partnerships are essential for addressing IPV and safeguarding the health and well-being of women and children in Africa."
7f0ada9543a90593f859e63b09f6a2c3b96b4fcdd69f408c8fe0d5bf241a4fad,train,train,crowdsourced,NG,,313,Discuss the role of mobile health (mHealth) technologies in improving healthcare delivery and health outcomes in Africa.,"mHealth technologies, including mobile phones, applications, and telemedicine platforms, have the potential to expand access to healthcare services, provide health information and education, facilitate remote consultations, and improve health surveillance and disease management in resource-limited settings."
c618eb4ef6d064e0cde1d6d7c53dd63dda661658dbb2d179b24c712e6af465cb,train,train,crowdsourced,NG,,314,What is the primary cause of blindness in children in Africa?,"Vitamin A deficiency is the primary cause of blindness in children in Africa, particularly due to its role in maintaining normal vision and preventing ocular surface disorders such as xerophthalmia and keratomalacia. Factors such as inadequate dietary intake, limited access to vitamin A supplementation, and infectious diseases contribute to the high prevalence of vitamin A deficiency-related blindness."
3aef21133055d9fbf253cdd6ed4343f3c8e1ae8fcb2c9fbd3cfae80160e90182,train,train,crowdsourced,NG,,315,"Among patients in Africa, what neurological disorder is associated with neurosyphilis infection and may present with tabes dorsalis and psychiatric symptoms?","Neurosyphilis-related tabes dorsalis, caused by Treponema pallidum infection prevalent in some African communities, can manifest with sensory ataxia and psychiatric disturbances, necessitating prompt diagnosis and treatment."
15620455f6ef3f2dba302016f952edc90ec2d0e3cbacd521834314a5bf40548b,train,train,crowdsourced,NG,,200,What is the first-line treatment for uncomplicated trichomoniasis in Africa?,"Metronidazole is the first-line treatment for uncomplicated trichomoniasis in Africa due to its effectiveness in killing Trichomonas vaginalis parasites and reducing the duration and severity of symptoms. This nitroimidazole antibiotic disrupts the protozoan's DNA structure, leading to cell death and clearance of the infection."
dab1a544f13f556e1bc93f475b58ee251858cff58b1a1706bca97451395bbc4f,train,train,crowdsourced,NG,,316,What indigenous African plant is used to manage symptoms of menopausal hot flashes?,Drinking tea made from dried leaves of the sage plant (Salvia officinalis) or consuming sage supplements is believed to help regulate hormonal balance and alleviate symptoms of menopausal hot flashes in Africa.
a51d03568bab133ef21e07198d797f44614014f635dea3832186af67c8304519,train,train,crowdsourced,NG,,317,What are the socio-economic determinants influencing the prevalence and management of tuberculosis (TB) in urban slums versus peri-urban settlements in East Africa?,"Socio-economic factors such as overcrowding, poverty, and limited access to healthcare contribute to the higher burden of tuberculosis in urban slums compared to peri-urban settlements, where healthcare infrastructure and socio-economic conditions may be slightly better but still face challenges."
dabab687f745a96c3c41f696d62e78d5f056b9766b1623848fcbf7b41c76d851,train,train,crowdsourced,NG,,318,How does traditional medicine influence perceptions of vaccination in African communities?,Some communities may be skeptical of vaccines due to beliefs in traditional healing methods or concerns about vaccine safety.
2f6d17e0ed07933c1533c7ecbf3c94aa2c9a96d861a34621b4ab8c7c52e492ec,train,train,crowdsourced,NG,,319,What is the primary cause of male infertility in Africa?,"Genital infections, including sexually transmitted infections (STIs) and reproductive tract infections (RTIs), are the primary cause of male infertility in Africa. Pathogens such as Chlamydia trachomatis, Neisseria gonorrhoeae, and Mycoplasma genitalium can lead to obstructive azoospermia, impaired sperm motility, and sperm DNA damage."
9dd583d0e4276c2a87058bad584a6e01a6bfc15d34d4646bd0397ab8e037b207,train,train,crowdsourced,NG,,320,What indigenous African remedies are used for promoting prostate health?,"Africans may use herbs like saw palmetto, pygeum, and pumpkin seed oil to support prostate health, as well as consuming foods like tomatoes and watermelon, which contain lycopene, a nutrient believed to benefit prostate health."
3ab5a72079d58ad81cd53541a31134060cdb357719ac6d2dd67b437d1ff402c7,train,train,crowdsourced,NG,,321,What is the prevalence of neglected tropical diseases (NTDs) in Africa?,"Many neglected tropical diseases such as schistosomiasis, lymphatic filariasis, and soil-transmitted helminths are endemic in parts of Africa."
00fe706282c4ab839f02fc23d02e128d41f7ac4b52299915c5ff27117b35dc55,train,train,crowdsourced,NG,,322,Which bacterial infection is a leading cause of pneumonia in children in Africa?,Haemophilus influenzae type b (Hib) is a leading cause of pneumonia in children in Africa.
9e51f407841637b7c9a7b44cb1a856cef3641739708491654ecd454b17896d7c,val,train,crowdsourced,NG,,323,Which condition is characterized by the accumulation of amyloid protein within the brain and is a common cause of cognitive impairment and dementia in elderly African individuals?,"Alzheimer's disease is characterized by the accumulation of amyloid protein within the brain, leading to neurofibrillary tangles, neuronal loss, and cognitive decline in elderly African individuals. Genetic and environmental factors, as well as aging-related changes, contribute to disease pathogenesis."
8df00ddf3bc479bdad5a0f98d779b3ef8211c239c0db4748c5d4ecd0c1dad0b6,train,train,crowdsourced,NG,,324,Describe the histopathological changes observed in endemic goiter prevalent in iodine-deficient areas of Africa.,"Endemic goiter in iodine-deficient areas of Africa displays histopathological features such as follicular hyperplasia, colloid accumulation, and varying degrees of thyroid follicle distortion. These changes reflect the compensatory response of the thyroid gland to iodine deficiency."
06591f000f32bd3701a413edccd6b0ed592a6a7983ca5e688b7b57e1d6083a07,train,train,crowdsourced,NG,,325,What is the legal age of consent in South Africa for Termination of pregnancy,"In South Africa, girls can consent to a termination of pregnancy at any age, as long as they are able to provide informed consent. The Children's Act states that children 12 and older can consent to medical treatment if they have the mental capacity to understand the benefits, risks, and other implications of the treatment"
328e9d856351e6dbc74f948b82c5d8fb14a2f6966a01f8db3443fdf69ee070db,train,train,crowdsourced,NG,,326,What is the primary cause of liver cancer in Africa?,"Chronic infection with hepatitis B virus (HBV) or hepatitis C virus (HCV) is the primarycause of liver cancer in Africa. Both HBV and HCV can lead to chronic liver inflammation, cirrhosis, and ultimately, liver cancer if left untreated. In Africa, where viral hepatitis is endemic in certain regions, including sub-Saharan Africa, the burden of liver cancer attributable to these infections is significant."
340506cad37a2f531be14047f1bf36e0909430c9ffabd3a2ccc66e934ee46e46,train,train,crowdsourced,NG,,327,What traditional African practice is employed to alleviate symptoms of colitis?,Drinking tea made from dried leaves of the marshmallow plant (Althaea officinalis) or consuming marshmallow root capsules is believed to help soothe the gastrointestinal tract and alleviate symptoms of colitis in some African societies.
d86825c117c1ad12478a014c1309e8a12dd1965ec47c6475b2970725aecb29fd,train,train,crowdsourced,NG,,328,"What is the primary mode of transmission of Wuchereria bancrofti, the causative agent of lymphatic filariasis, in Africa?","Wuchereria bancrofti is primarily transmitted through the bite of infected mosquitoes, particularly of the Anopheles and Culex species, in Africa."
352784529e2048565c40aff0df476d378a2241d131000a9bf5cd68bfa29a878a,val,train,crowdsourced,NG,,329,What are the primary causes of anemia in African populations?,"The primary causes of anemia in Africa include nutritional deficiencies (such as iron, folate, and vitamin B12), infectious diseases (such as malaria, HIV/AIDS, and schistosomiasis), and genetic disorders (such as sickle cell disease and thalassemia)."
262911f7b7760ddf5119e97ac76b6e973ecc50fc08b37310bdb3ffacb99c5f59,train,train,crowdsourced,NG,,330,What is the first-line treatment for uncomplicated amebic liver abscess in Africa?,"Metronidazole is the first-line treatment for uncomplicated amebic liver abscess in Africa due to its effectiveness in killing Entamoeba histolytica, the causative protozoan. This nitroimidazole antibiotic penetrates well into liver abscesses and provides high intraluminal concentrations, leading to parasite eradication and abscess resolution."
0e5464013057fafa77f13dbcd0cd6f3182b90d0864b71a4ac2882cdb20ea7657,val,train,crowdsourced,NG,,54,What is the primary mode of transmission of Ebola virus disease in Africa?,"Ebola virus disease is primarily transmitted through direct contact with bodily fluids of infected individuals or through contact with contaminated surfaces or objects in healthcare settings, communities, or during burial rituals in Africa."
4018457768b7112c8f14946fb61ac27eea84c25f9bfc93b8aeadb801a5f8d22b,val,train,crowdsourced,NG,,331,What are the key management approaches for HIV/AIDS in Africa?,"Management of HIV/AIDS in Africa involves a comprehensive approach, including HIV testing and counseling, antiretroviral therapy (ART) for those diagnosed with HIV, prevention of mother-to-child transmission (PMTCT) programs, and pre-exposure prophylaxis (PrEP) for high-risk individuals. Community-based interventions, stigma reduction efforts, and support services are also essential components of HIV/AIDS management in Africa."
0dd660de1c72b0fcc587158f8ece2502264084dcbc98fe94ff8a834a28a9eeab,val,train,crowdsourced,NG,,332,What role do community health workers play in bridging the gap in healthcare access and delivery in rural African communities compared to their counterparts in developed countries?,"Community health workers play a vital role in delivering essential healthcare services, health education, and disease prevention initiatives in rural African communities, often serving as the primary point of contact for healthcare."
aa4d1658ad81f5eccef8e7166eb5a35c18c69afcc3d8f3baeea455068f04afa5,train,train,crowdsourced,NG,,333,What histopathological features are associated with African cases of endemic histoplasmosis affecting the lungs?,"African cases of endemic histoplasmosis affecting the lungs typically exhibit granulomatous inflammation, necrosis, and the presence of Histoplasma capsulatum yeast forms within macrophages or multinucleated giant cells. Histopathological examination may reveal caseating granulomas, fibrosis, and varying degrees of inflammatory cell infiltrates in affected lung tissue."
02ffc17c4aadba0dd17e75718e6760b377d3d520675cadc1cb89c60a2f8d1db6,train,train,crowdsourced,NG,,80,What is the primary etiology of end-stage renal disease (ESRD) in African adults?,"The reason Diabetes mellitus is the primary etiology of end-stage renal disease (ESRD) in African adults is because diabetes mellitus is a significant risk factor for the development of chronic kidney disease (CKD) and progression to ESRD. In many regions of Africa, the prevalence of diabetes mellitus is increasing due to factors such as urbanization, adoption of Western lifestyles, and changes in diet and physical activity patterns. Uncontrolled diabetes can lead to diabetic nephropathy, a type of glomerulonephritis characterized by kidney damage resulting from long-standing high blood sugar levels. Over time, diabetic nephropathy can progress to ESRD, requiring renal replacement therapy such as dialysis or kidney transplantation. Therefore, diabetes mellitus is a major contributor to the burden of ESRD in African adults."
3dc0a8b4947dd733ea4c17cfb935ed61aeef99196836ba0b9bd8eb82bd5f2915,train,train,crowdsourced,NG,,334,Explain the unique challenges in managing HIV/AIDS in sub-Saharan Africa.,"Challenges include limited access to antiretroviral therapy, stigma surrounding HIV/AIDS, and co-infection with other diseases such as tuberculosis."
190657e2b1fe1cc16ff42c464e00290387d273c5387f7ed150e4e9bf1e244d6c,val,train,crowdsourced,NG,,335,"How does the prevalence and management of diabetes differ between urban and rural populations in East Africa, and what are the implications for healthcare delivery?","Urban populations in East Africa experience higher rates of diabetes due to sedentary lifestyles, unhealthy diets, and urbanization-related factors, while rural populations may have limited access to diabetes screening, diagnosis, and treatment services, highlighting disparities in healthcare delivery and outcomes."
7c4ac51ae8711e9f6ed065049dbd2b1a681bd02ee9179fd9728de506a702a40e,train,train,crowdsourced,NG,,336,"Explain the pathophysiology, clinical manifestations, and management of sickle cell disease complications such as acute chest syndrome and vaso-occlusive crisis in African populations.","Sickle cell disease complications like vaso-occlusive crisis (VOC) and acute chest syndrome (ACS) occur due to the obstruction of blood vessels by sickle-shaped red blood cells. VOC leads to severe pain in bones or organs, while ACS involves lung inflammation and respiratory distress. Management includes pain relief, hydration, oxygen therapy, and sometimes blood transfusions to improve oxygen delivery. Antibiotics may be necessary to treat infections associated with ACS. Prompt intervention is crucial to prevent organ damage and life-threatening complications in African populations affected by sickle cell disease."
054b8c4a8d0448df4a118c9a85279b14d3c75530ec3eeeaef4ff6d35bcdda6ef,train,train,crowdsourced,NG,,337,How does the prevalence of HIV/AIDS vary between different age groups in Africa?,"HIV/AIDS prevalence varies among age groups, with young adults and adolescents being particularly affected due to factors such as risky sexual behavior, lack of access to prevention education, and stigma surrounding testing and treatment."
a69040f79766d5ea3bb51289db4fe9fec0f3f793cf3ee1d3ff8b1131301bc937,train,train,crowdsourced,NG,,338,Which antimalarial medication should be avoided in individuals with glucose-6-phosphate dehydrogenase (G6PD) deficiency in Africa?,Primaquine should be avoided in individuals with glucose-6-phosphate dehydrogenase (G6PD) deficiency in Africa due to the risk of severe hemolysis and acute hemolytic anemia.
d39b2be32eddbfc8aa3fcf79811dc444e9aa9c93c9f46520ac0bcd8e1e201272,val,train,crowdsourced,NG,,292,What are the unique challenges in managing tuberculosis (TB) treatment adherence in Africa compared to developed countries?,"Factors such as poverty, lack of access to healthcare facilities, and social stigma contribute to poor adherence to TB treatment regimens, leading to drug resistance."
697fb1e8a3989e20fdb58c373ccea8c627166c28417fab027b5a5618d7b29ae1,train,train,crowdsourced,NG,,339,Outline the challenges in implementing effective malaria control strategies in Africa.,"Challenges include insecticide resistance, inadequate healthcare infrastructure, limited access to preventive measures such as insecticide-treated bed nets, and climate change affecting mosquito breeding patterns."
cb3584d2257a39bb99af0033d9ce216e2aaedd190cbe21caea20a221f0c6694d,val,train,crowdsourced,NG,,66,How does the management of drowning differ in African populations compared to Western populations?,"Management of drowning in Africa may involve basic life support measures and prevention strategies, but access to advanced life support and aquatic rescue services may be limited."
45c4a71000a52ab49478e91aa20ed1028f62dc346184a0636e71c97c4e174f1d,val,train,crowdsourced,NG,,340,"How does the prevalence of counterfeit drugs impact the management of infectious diseases, such as malaria and tuberculosis, in African countries?","Counterfeit drugs compromise treatment efficacy, contribute to drug resistance, and undermine efforts to control infectious diseases, leading to poorer health outcomes and increased healthcare costs."
c84fc20041e8e7c7e0db739d09c506311bd1c34582b46f3d67a04ff723652db0,train,train,crowdsourced,NG,,341,What is the primary cause of chronic cough in children aged 2 to 9 in Africa?,"Tuberculosis (TB) is the primary cause of chronic cough in children in Africa, particularly in regions with high TB prevalence. Factors such as household TB exposure, inadequate TB screening, and delayed diagnosis contribute to the persistence of TB-related cough and transmission in pediatric populations."
86e68fb537acd2268364d017ae295fbe306483df0843175c95ddb5a88802672a,train,train,crowdsourced,NG,,342,What is the legal age of consent in South Africa for Medical treatment?,"In South Africa, people who are 16 years old and have the capacity to make decisions can consent to or refuse their own medical treatment. The age of full legal capacity in South Africa is 18.1, which is the age at which people can consent to clinical treatment. However, the age at which age-related legal capacity is determined is determined by legislation. For example, the Child Care Act 74 of 1983 states that children over the age of 14 can consent to their own medical treatment without the help of their parents or guardians"
b510b46f515257b028f3c3312a3b8d8c8422c26445d8c9eb6bc8cc75ff72cd95,train,train,crowdsourced,NG,,343,Describe the histopathological findings in African cases of endemic African trypanosomiasis affecting the brain.,"African cases of endemic African trypanosomiasis affecting the brain often exhibit meningoencephalitis, with inflammatory infiltrates, perivascular cuffing, and the presence of Trypanosoma brucei parasites within brain parenchyma or cerebrospinal fluid. Histopathological features may include neuronal degeneration, glial activation, and varying degrees of inflammatory cell infiltrates in affected areas."
11d41e1001d4af8bdb7d0104132658326ec4c41db8c7fba7673ae88d0a50340b,val,train,crowdsourced,NG,,196,How does the presentation of schistosomiasis differ between Africa and developed countries?,"In Africa, schistosomiasis may present with more severe symptoms due to higher rates of infection and limited access to healthcare."
d7c0574533855de5f7f24da8cd2c37fe44586212675cbb8abb5ad2bf3336afe1,train,train,crowdsourced,NG,,344,"A 25-year-old Nigerian man presents with a keloid scar on his chest following a burn injury sustained 5 years ago. Keloids are a common complication of wound healing in individuals with darker skin tones. Discuss the pathophysiology of keloid formation and outline treatment options for this patient, considering the context of limited healthcare resources.","Keloids result from abnormal wound healing processes characterized by excessive collagen production and fibroblast activity. In individuals with darker skin tones, such as the Nigerian man in question, keloids are more common due to increased melanin production and altered inflammatory responses. Treatment options for keloids in resource-limited settings may include intralesional corticosteroid injections to reduce inflammation and scar size, silicone gel sheets to flatten the scar, or surgical excision with caution to prevent recurrence. Postoperative radiotherapy can also be considered to minimize keloid regrowth, considering the limited healthcare resources available."
55f3d8b9c49bb264c18ed7d2034ed2c6e35bad88a27c50bbe346ad509720172b,train,train,crowdsourced,NG,,321,What is the prevalence of neglected tropical diseases (NTDs) in specific African countries?,"The prevalence of neglected tropical diseases varies by country, with some countries in Africa, such as Nigeria and the Democratic Republic of Congo, bearing a higher burden of NTDs than others."
bddfdd2f018fc17f369112376edc81e9410548cca86dc37c28e00c530a2a853d,train,train,crowdsourced,NG,,345,How do cultural beliefs about mental illness affect help-seeking behavior in African communities?,Stigma and misconceptions about mental health can lead individuals and families to seek help from traditional healers or religious leaders rather than mental health professionals.
ec185384ce02c77137e11fa47ea9ff5f6d5a1a3ed5b3cdf2e3890e8b43eec7c6,train,train,crowdsourced,NG,,346,What are the challenges in providing palliative care services for patients with advanced cancer in African settings?,"Challenges include limited access to pain management medications, cultural taboos surrounding discussions of death and dying, and insufficient trained palliative care providers."
423b313b435b78a9925735fec63129dcdf8987954fbb01d7ed353c12d2d0781a,train,train,crowdsourced,NG,,347,How do traditional healing practices impact the management of chronic diseases like diabetes in rural communities in West Africa?,"Traditional healing practices in rural West Africa may influence the management of chronic diseases like diabetes through alternative treatments, delayed diagnosis, and cultural beliefs about illness causation."
2136763adbc99cf47e12a5345d7d23555f993a5577b04eab7f990d421157f452,train,train,crowdsourced,NG,,348,Which endemic infection in Africa is associated with the development of hemolytic anemia and melena?,"Babesiosis, caused by Babesia parasites transmitted through the bite of infected ticks, is associated with the development of hemolytic anemia and melena (bloody stool) in Africa."
bd2d3642e1d0c54f1d735e42343845c307bfaab3df0765ab32c07bba04f53c93,train,train,crowdsourced,NG,,349,Which parasitic infection is a leading cause of liver disease in Africa?,Schistosomiasis is a leading cause of liver disease in Africa.
15907135d6d9a5c986ea39de8d6ecd04388146e33c3f02bee299b568c1debc5a,val,train,crowdsourced,NG,,350,"What is the first-line treatment for gestational trophoblastic disease (GTD) in African women with low-risk, non-metastatic disease?","Methotrexate is the first-line treatment for gestational trophoblastic disease (GTD) in African women with low-risk, non-metastatic disease. This folate antagonist inhibits trophoblastic proliferation and induces apoptosis, leading to resolution of molar pregnancies and partial hydatidiform moles."
6a9c81c96e8afa7d7a995ee8972cea00920470ad6f72dcfcfe60954653edb818,train,train,crowdsourced,NG,,351,How does the prevalence of malnutrition impact surgical outcomes in Africa?,"Malnutrition increases the risk of surgical complications and impairs wound healing, contributing to poorer surgical outcomes in Africa, particularly among vulnerable populations such as children and pregnant women."
c479bf91996f2b23bf49ab9cb0058b24de10b0d1facd42bef4e5a1b773a78671,train,train,crowdsourced,NG,,352,"Discuss the epidemiology, clinical features, and management of common dermatological conditions, such as fungal infections and eczema, in Nigerian patients.","Dermatological conditions are prevalent in Nigeria, with risk factors including tropical climate, poor hygiene, and socioeconomic factors. Clinical features vary but may include pruritus, rash, and skin discoloration. Diagnosis involves clinical evaluation, microscopy (e.g., KOH prep for fungal infections), and skin biopsies. Management includes topical and systemic antifungals, emollients, corticosteroids, and lifestyle modifications."
e21e5dc86922015d042994b5bf752ea76880b8985d56deb0e78e01c422f39b83,val,train,crowdsourced,NG,,192,What are the key differences in the presentation of malaria in African children compared to those in developed countries?,"African children with malaria may present with more severe symptoms due to factors such as higher transmission rates, lack of immunity, and limited access to healthcare."
1b7e288f664ddba4cc78fb72ba966a1aec6289334182c1010dfe956e167efe72,train,train,crowdsourced,NG,,353,How can communities address the impact of urbanization on health in Africa?,"By implementing urban planning strategies that prioritize access to healthcare, green spaces, and safe housing, communities can mitigate the health effects of rapid urbanization."
10507754f9439f5c57a0529831d4442ee14535be6dc55ad9ec8f0a98f8a9936e,train,train,crowdsourced,NG,,354,What is the first-line treatment for uncomplicated urinary schistosomiasis in Africa,Praziquantel is the first-line treatment for uncomplicated urinary schistosomiasis in Africa due to its effectiveness in killing adult Schistosoma haematobium worms and reducing egg burden in the urinary tract. Mass drug administration (MDA) programs have been implemented to control and eliminate schistosomiasis in endemic areas.
6a4de8042974cd9c31a47985eee75c5f9d9aae89532532cd1d0dc0837512a7cf,train,train,crowdsourced,NG,,355,What are some traditional remedies for respiratory ailments in African cultures?,"Remedies may include steam inhalation with herbs such as eucalyptus or thyme, as well as consuming hot beverages like ginger tea."
233d8c26d8cf342c17b37cd6cf1709d1720f6b7651798877bb3b7c8d35ce1110,train,train,crowdsourced,NG,,356,What traditional herbs or plants are commonly used for managing diabetes in African traditional medicine?,"Some commonly used herbs for managing diabetes in African traditional medicine include bitter melon, fenugreek seeds, and African mango."
0928e6681ed3633213a43f882dbb7f8cb40ef4f59c5a70bb3624ec92c099a68c,train,train,crowdsourced,NG,,357,What is the recommended first-line treatment for uncomplicated brucellosis in pregnant women in Africa?,Trimethoprim-sulfamethoxazole (TMP-SMX) is the recommended first-line treatment for uncomplicated brucellosis in pregnant women in Africa due to its effectiveness against Brucella species and safety during pregnancy. Treatment should be administered under medical supervision and monitored for potential adverse effects on the fetus.
6ba6d3c1d457152e34ae4655e04b1611b20f7b47f1ccab540fc74803d36f8acf,train,train,crowdsourced,NG,,358,"What are common nutritional deficiencies seen in African children, and how are they managed?","Vitamin A, iron, and iodine deficiencies are common and are often managed through supplementation and dietary changes."
e347b5ae20266849e64e47e92e14f824ffcaefa314efde2fb78f49648b3cc46d,train,train,crowdsourced,NG,,359,What is the role of community health workers in Africa?,"Community health workers play a vital role in delivering healthcare services, promoting health education, and facilitating access to care, particularly in remote or underserved areas."
0bada79e59ba8974865508211509227b82ce1f5b3ca93cfc6dd9df7f253adfd3,train,train,crowdsourced,NG,,360,What is the recommended first-line treatment for uncomplicated cysticercosis in Africa?,"Albendazole is the recommended first-line treatment for uncomplicated cysticercosis in Africa due to its effectiveness in killing Taenia solium larvae and reducing cyst burden. This anthelmintic drug is well-tolerated and provides high systemic concentrations, making it suitable for the treatment of neurocysticercosis and other forms of cysticercosis."
6d221e842c25ec354dd1d55089027ed2c823fb13b0299705b6378fa86d9c4cfd,train,train,crowdsourced,NG,,361,Which viral infection is a leading cause of blindness in Africa?,Measles is a leading cause of blindness in Africa.
21dda4ef68eb5b47cc9d715157ce4ea20f971f64ed41dd3ee492f6e7628dbcc9,train,train,crowdsourced,NG,,362,How do cultural beliefs influence breastfeeding practices in Africa?,"Cultural beliefs may influence the duration and exclusivity of breastfeeding practices, with some cultures emphasizing extended breastfeeding and others encouraging early introduction of supplementary foods."
9111098d795da588749d61a4b5e1b520652de4d76ca22d5c5279a4583a438630,train,train,crowdsourced,NG,,363,What is the first-line treatment for uncomplicated amoebic dysentery in Africa?,"Metronidazole is the first-line treatment for uncomplicated amoebic dysentery in Africa due to its effectiveness in killing Entamoeba histolytica, the causative protozoan. This nitroimidazole antibiotic disrupts the protozoan's DNA synthesis, leading to cell death and clearance of the infection."
be2c709a9aba349e31a3e5e6f2709a2c6377ca975d47d9396893ab736286ac4d,train,train,crowdsourced,NG,,364,Discuss the challenges and strategies for promoting mental health and well-being in African populations.,"Promoting mental health in Africa faces challenges like limited resources, stigma, and cultural beliefs. Mental health services are often underfunded and inaccessible, with stigma preventing help-seeking behavior. Integrating mental health into primary care, engaging communities, and training local healthcare workers are crucial strategies. Education and awareness campaigns reduce stigma, while addressing social determinants like poverty and inequality improves mental health outcomes. Policy advocacy ensures mental health is prioritized and resources allocated. By implementing these strategies, Africa can improve mental health services and promote well-being for its populations."
9520199583132cd498f9264b0b0bab35e05dbeb47b608181f427466021f4be30,train,train,crowdsourced,NG,,365,What traditional African practice is used to relieve menstrual pain?,Drinking tea made from dried leaves of the feverfew plant (Tanacetum parthenium) is a traditional remedy used to alleviate menstrual pain in some African communities.
f5b614784ac45733d3bf8af520e69e43b6558039b08b120b7a75d86cd3d203c2,train,train,crowdsourced,NG,,366,What is a common traditional remedy for treating diarrhea in Africa?,"Drinking herbal infusions made from plants like guava leaves, cinnamon, or papaya seeds is a common traditional remedy for diarrhea in Africa."
0e73454e1d4bc681329198528b607293f6ae3a2b626653bafc1b3388262ef6b2,train,train,crowdsourced,NG,,367,What are the cultural beliefs and practices that affect the management of hearing loss in African communities?,Some African communities believe that hearing loss is a normal part of aging and may not seek medical treatment. Others may rely on traditional healers for treatment.
89ed9f23ffa97018fdb8378ac4b7a48a809a73dba345d0c2fe01c47f03221f50,train,train,crowdsourced,NG,,279,What cultural practices contribute to the spread of infectious diseases in African communities?,"Practices such as communal living, traditional burial rites, and certain dietary habits may contribute to the spread of infectious diseases if not conducted safely."
db409df68e79a7f028783787cc26fcc8286b5c8763b1ee04e2b31850f523853b,val,train,crowdsourced,NG,,368,What is the primary cause of end-stage renal disease in Africa?,Chronic kidney disease (CKD) secondary to hypertension and diabetes is the primary cause of end-stage renal disease in Africa.
a4bee1e94bfcb593e7ef754a78d22f8dee6e87f006ad38520af268ebe99571b4,train,train,crowdsourced,NG,,369,"In African populations, what neurological disorder is associated with cerebellar dysfunction and may impact activities like farming or manual labor?","Cerebellar ataxia, affecting coordination and balance, poses challenges for individuals engaged in farming and manual labor in African communities."
307db7bdb3da722ce07e5374f93b07ef7c1b7323410472d4b7488901c863ccd0,train,train,crowdsourced,NG,,370,What is the primary method used for diagnosing hemolytic anemia associated with liver cirrhosis in Africa?,"Liver function tests, imaging studies such as ultrasound or CT scan, and liver biopsy are the primary methods used for diagnosing hemolytic anemia associated with liver cirrhosis in Africa."
0db66e4b6d1530a410ca6cde5fce7891f0fd2e59ce3e1b434ccc8829ecec1a1a,train,train,crowdsourced,NG,,371,Describe the epidemiology and control measures for neglected tropical diseases (NTDs) such as schistosomiasis and soil-transmitted helminthiasis in Africa.,"NTDs are endemic in many parts of Africa, particularly in rural areas with poor sanitation and hygiene. Control measures include mass drug administration, water, sanitation, and hygiene interventions, vector control measures, and health education campaigns targeting at-risk populations."
4a1648f748afdd409290e4458378f713b8afe74c210d0e60f9c943fe569b7a76,train,train,crowdsourced,NG,,372,"Explain the clinical features, diagnostic approach, and management of hematological disorders, such as anemia and thrombocytopenia, in Nigerian patients.","Hematological disorders are common in Nigeria, with anemia being particularly prevalent due to nutritional deficiencies, malaria, and hemoglobinopathies. Clinical features depend on the underlying disorder but may include fatigue, pallor, and bleeding symptoms. Diagnosis involves complete blood count (CBC), peripheral blood smear, bone marrow aspiration, and specialized tests (e.g., hemoglobin electrophoresis for hemoglobinopathies). Management includes addressing underlying causes, nutritional supplementation, transfusions, and specific therapies as indicated."
77a0885b145c3d3f82bfb147aea2158dec3fdf8c14819a45394cfe249ae9cbdc,train,train,crowdsourced,NG,,373,What are the common causes of dog bites in African populations?,"Common causes of dog bites in African populations include lack of rabies vaccination in dogs, stray dog populations, and lack of awareness about dog behavior."
c8ed21173d27e69597ab9f1fd734c2eddcb105b4d37a2a5e0d05213e42cf0b7d,train,train,crowdsourced,NG,,374,Which condition is characterized by the presence of ovarian follicles surrounded by a thickened stroma and is a cause of infertility and menstrual irregularities in African women?,"Polycystic ovary syndrome (PCOS) is characterized by the presence of ovarian follicles surrounded by a thickened stroma, giving the appearance of a ""string of pearls"" on ultrasound. This endocrine disorder is a common cause of infertility and menstrual irregularities in African women."
bb7b81801bd45b1584a1a6a3a7671ed8d786892f749119b378065e659d644ed7,val,train,crowdsourced,NG,,375,What are common health challenges faced in rural African communities?,"Common challenges include limited access to healthcare, poor sanitation, and high rates of infectious diseases like malaria and HIV/AIDS."
7be4ee68c0e04f69464bfb051c166d9749cdff13188102b2cd1606b8edfdab36,train,train,crowdsourced,NG,,228,What is the most common etiology of chronic liver disease in Africa?,"Chronic viral hepatitis, particularly hepatitis B virus (HBV) and hepatitis C virus (HCV) infections, is the most common etiology of chronic liver disease in Africa."
f788ab49b51b64ec52367fc062aa3a3f8c91f1f7f439960cec0054a89dd6202b,train,train,crowdsourced,NG,,376,How does the management of malaria differ in African populations compared to other regions?,"In Africa, malaria is often managed with artemisinin-based combination therapies (ACTs) due to high levels of resistance to other antimalarial drugs."
bba0a9bf04dbd2b085d13d244557fcceacaf3843a7298e523cfbf714d456b519,train,train,crowdsourced,NG,,377,What are the common causes of dental caries in children in low-income African countries?,"Common causes of dental caries in children in low-income African countries include poor oral hygiene, sugary diets, and limited access to dental care."
91b3f3ecb30ae8812b21049a7876898483946b4eccc51eb49aa4e113b955e9fa,train,train,crowdsourced,NG,,378,What is the recommended first-line treatment for pelvic inflammatory disease (PID) in African women with mild to moderate disease?,"Oral doxycycline and intramuscular ceftriaxone are the recommended first-line treatment for pelvic inflammatory disease (PID) in African women with mild to moderate disease. This combination regimen provides broad-spectrum coverage against common pathogens implicated in PID, including Neisseria gonorrhoeae and Chlamydia trachomatis."
7e91a97f6f63dbfcce959b7c3598d569e864f36f5298e2d13adc9c3634772fcf,train,train,crowdsourced,NG,,379,How does cultural stigma affect access to mental healthcare in Africa?,Cultural stigma surrounding mental health issues can discourage individuals from seeking help and accessing mental healthcare services in Africa.
9e7d4a14861fad9ab3724fea08e4be90c0abb3d773eee727ff70c031306c4a3b,train,train,crowdsourced,NG,,380,What are common traditional methods of treating fever in African cultures?,"Common methods may include herbal remedies such as ginger, neem, or moringa, as well as specific rituals or ceremonies believed to cool the body and promote healing during episodes of fever."
568e61a093990b3dccb4258a894b78671e8839956886eec6888c311af9f2fcf5,train,train,crowdsourced,NG,,381,What is the recommended first-line treatment for uncomplicated acute bacterial sinusitis in children in Africa?,"Amoxicillin or amoxicillin-clavulanate are the recommended first-line treatments for uncomplicated acute bacterial sinusitis in children in Africa, with macrolides (e.g., azithromycin) as alternatives in cases of penicillin allergy."
6bd6c1b88a039a92c3c3d48ccf4a4a8b4bcc753b3957d5994f912c87d7acd86b,train,train,crowdsourced,NG,,382,How does the prevalence and management of congenital syphilis differ between regions with high and low rates of antenatal care attendance in African countries compared to developed nations?,Regions with low rates of antenatal care attendance in African countries may have higher rates of congenital syphilis due to missed opportunities for screening and treatment. Strengthening antenatal care services and partner notification programs are essential for prevention.
c5c4d177789635d2cbf2ebfc7ed860397d2e7ab44d8093fb2b4f67f1a467e51f,val,train,crowdsourced,NG,,383,What is the primary method used for diagnosing hemolytic anemia associated with lead poisoning in Africa?,"Measurement of blood lead levels is the primary method used for diagnosing hemolytic anemia associated with lead poisoning in Africa. Elevated levels of lead in the blood can cause damage to red blood cells, leading to hemolysis."
18f7d5d96c5f172f4e5c8d6179b9d47e5194749d7be1f3314e897f1a8cd73108,train,train,crowdsourced,NG,,384,What are the challenges in implementing and sustaining programs for the prevention and treatment of non-communicable diseases in Africa?,"Challenges include limited funding, competing health priorities, shortage of trained healthcare professionals, and lack of infrastructure for screening and treatment of non-communicable diseases."
ed322294373dce8429ef8bf18c7e2a708ddbbad37552b9eaee3e0e9a70f362b2,train,train,crowdsourced,NG,,385,What role do spiritual beliefs play in healing practices in African cultures?,"Spiritual beliefs may influence perceptions of illness causation, treatment-seeking behavior, and the use of traditional healing modalities alongside modern medicine."
1c9e61b1e7068a54f5d86b3b5f40b636406f3c2e2a23116ab5e46de4afaa514e,train,train,crowdsourced,NG,,386,What is the primary cause of peripheral arterial disease (PAD) in elderly African individuals?,"Atherosclerosis, characterized by the buildup of plaque within the arterial walls, is the primary cause of peripheral arterial disease (PAD) in elderly African individuals. Risk factors include hypertension, hyperlipidemia, diabetes mellitus, smoking, obesity, sedentary lifestyle, and advancing age."
77d3900601f72fc98f023308767d8bd536584cf5af2ae858c21ac68dd279518f,train,train,crowdsourced,NG,,8,What traditional practices are used for pain management in African cultures?,"Remedies may include the use of herbal teas, topical ointments, and massage therapy using oils infused with medicinal plants like arnica and marjoram."
72e3aad5ac78e060c1f194e72e23c069bcc2f0026eaee4c9f45e8fb9c6202ee2,train,train,crowdsourced,NG,,354,What is the recommended first-line treatment for uncomplicated urinary schistosomiasis in pregnant women in Africa?,Praziquantel is the recommended first-line treatment for uncomplicated urinary schistosomiasis in pregnant women in Africa due to its effectiveness in killing adult Schistosoma haematobium worms and reducing egg burden in the urinary tract. Treatment should be administered under medical supervision and monitored for potential adverse effects.
dc2ef4508f360974c20b8edd520897642bf02dfbd15178e736d90d9ad4a06c19,train,train,crowdsourced,NG,,387,"Among patients in Africa, what neurological disorder is associated with neurocysticercosis infection and may present with seizures and focal neurologic deficits?","Neurocysticercosis, caused by Taenia solium infection prevalent in some African communities, can manifest with seizures and focal neurologic deficits, posing diagnostic challenges."
1c956df6ebc7de52e663384ccea178addbb64385a24983934b5b1594419f0cd6,val,train,crowdsourced,NG,,388,What is the recommended first-line treatment for uncomplicated giardiasis in children in Africa?,Oral metronidazole is the recommended first-line treatment for uncomplicated giardiasis in children in Africa due to its effectiveness in killing Giardia lamblia parasites and reducing the duration and severity of symptoms. Treatment should be administered for the entire household to prevent reinfection and transmission.
a3d3bb5d53a4c2b87f70bbf4896bde1af5ad78734c0f9feacf7e26fc4d6fd220,train,train,crowdsourced,NG,,389,What is the commonest parasitic infection in Africa?,Malaria
f37625be94f14ab9bbbbb2b5969342fa045a8c5201b0e78ead1b6f288bbb724d,train,train,crowdsourced,NG,,390,How could you reduce the number of death from cholera in Africa?,"Improving global access to water, sanitation and hygiene (WASH) is a critical step to reducing Africa's cholera burden. Cook food well, keep it covered, eat it hot, and peel fruits and vegetables. Eat foods that have been thoroughly cooked and are still hot and steaming. Be sure to cook seafood, especially shellfish, until it is very hot all the way through. Avoid raw vegetables and fruits that cannot be peeled"
9423e0857c9e78a6293637d31c8e208cda655460de25b58b09226a8123c9101c,train,train,crowdsourced,NG,,391,How do certain African communities traditionally address infant colic?,"Traditional methods for managing infant colic in Africa may involve using herbal teas made from fennel or chamomile, gentle massages with oils like olive or coconut oil, or carrying the baby in a cloth wrap."
bc4275cfa261aa5e4bee0c590d804e02c6c5ed64cd4d42014f5a6881beb28d0d,train,train,crowdsourced,NG,,392,What are the challenges in diagnosing and managing cholesteatoma in African populations?,Challenges include limited access to specialized ear care services and difficulties in distinguishing cholesteatoma from other ear conditions.
1f1c04b47b75090e53c2d66ac50a745144e1526c77577d0c5503b9523e11c0b2,train,train,crowdsourced,NG,,393,What is the first-line treatment for uncomplicated syphilis in Africa?,Benzathine penicillin G is the first-line treatment for uncomplicated syphilis in Africa due to its effectiveness in curing early-stage and latent syphilis infections. Penicillin is a narrow-spectrum antibiotic that remains the preferred treatment despite the emergence of penicillin-resistant strains.
e44f9596490bd4185098591f7ce421c684a13ae79b78ef86c4db75d77923cf88,train,train,crowdsourced,NG,,394,"In African communities, which bone is frequently affected by osteoporosis, leading to increased fracture risk, particularly in postmenopausal women?","The radius, commonly affected by osteoporosis in African postmenopausal women, increases the risk of fractures and requires preventative measures such as calcium supplementation."
bcdb6050e170bf9c1d37684d9ec53a5b6c7304bb73d0333a942431aa7160039a,train,train,crowdsourced,NG,,395,How does the prevalence of head and neck lymphomas differ in African populations compared to other regions?,"The prevalence is lower in Africa, possibly due to underdiagnosis and limited access to healthcare."
f075d69481322f2fa87f40176320606315b63f1dd71bd7ee3e89eb1d115fcf34,train,train,crowdsourced,NG,,396,How can the rate of diabetics mellitus be reduced in Nigeria,"The rates of Diabetes mellitus can be reduced in Africa by. Health education, focusing on an appropriate diet, a healthy lifestyle, and physical activity, is imperative for preventing diabetes mellitus"
71e7c791bad84e190ca66095350caa493c6759d85504b4cf997a0032c3a08e01,train,train,crowdsourced,NG,,397,What local remedies are used in Africa for promoting bone health and preventing osteoporosis?,"Africans may consume foods rich in calcium like sesame seeds and leafy greens, engage in weight-bearing exercises like dancing and walking, and use herbs like horsetail and comfrey to support bone health and prevent osteoporosis."
fd7d34d7318b54bf95c4aa2029b4d56b3eba2c84cb96c593bde82a4f4e74e4f1,train,train,crowdsourced,NG,,398,"In African patients, what mitochondrial disorder is characterized by Leigh-like syndrome and may present with basal ganglia lesions and dystonia?","Leigh-like syndrome with basal ganglia involvement, prevalent in certain African populations, poses diagnostic challenges due to its variable presentation."
10c4a9b312d3ee4a55b8ee3034bf5d5af5a08039a56c5ed0de844eed72ec763c,train,train,crowdsourced,NG,,399,Which condition is characterized by the presence of ectopic endometrial-like tissue within the myometrium and is a cause of dysmenorrhea and dyspareunia in African women?,"Adenomyosis is characterized by the presence of ectopic endometrial-like tissue within the myometrium, leading to diffuse enlargement of the uterus and symptoms such as dysmenorrhea, menorrhagia, and dyspareunia. This condition is a common cause of pelvic pain and infertility in African women."
4535960a715a9b3f637978139ee8e679f83017cc7b65d2c881f1750b75d089c7,train,train,crowdsourced,NG,,400,What is the mainstay of treatment for leprosy in Africa?,"Multi-drug therapy (MDT), provided free of charge by the World Health Organization (WHO)."
3f4a2a4e58d7dd49e1559c4d9a09e6258eb768a2926fe0f9d82145eca528c3d6,train,train,crowdsourced,NG,,401,What is the most common cause of heart failure in Africa?,"Rheumatic heart disease, resulting from inadequately treated streptococcal infections"
887b25453ef9f86ce5c1ba63d77f2f9902611fa20d21095e769fc7e79f7f3aac,train,train,crowdsourced,NG,,402,"What are the challenges in providing palliative care for patients with advanced liver disease, such as liver cirrhosis, in African countries compared to developed nations?","Limited access to diagnostic tests, medications for symptom management, and specialized healthcare providers pose challenges in providing palliative care for patients with advanced liver disease in African countries. Integration of palliative care into primary healthcare services is essential."
5aa4443369252cea9ba9a7115ab8bcbb0b3954391d248d51ff79f53eb6d09a8b,train,train,crowdsourced,NG,,403,What dietary factor contributes to the high prevalence of vitamin D deficiency in some African regions?,"In regions with limited access to fortified foods and minimal sunlight exposure due to cultural practices or climate, vitamin D deficiency is common in African populations."
7c6c344ccc74499e345c91feb03e19b06a82ad480005c27a25b81bd09d1a8b8f,val,train,crowdsourced,NG,,404,Discuss the impact of neglected tropical diseases (NTDs) on public health in Africa.,"NTDs such as schistosomiasis, soil-transmitted helminthiasis, and lymphatic filariasis contribute significantly to morbidity and mortality rates, particularly among the poor and marginalized populations in Africa."
419de859e1d17b34983c73dcbe98f36853148ab77ae9b20fefd6cd18b69b6765,val,train,crowdsourced,NG,,405,What is the primary cause of infertility in women in Africa?,"Pelvic inflammatory disease (PID), characterized by inflammation of the female reproductive organs, is the primary cause of infertility in women in Africa. Untreated sexually transmitted infections, such as Chlamydia trachomatis and Neisseria gonorrhoeae, can lead to PID, scarring of the fallopian tubes, and tubal factor infertility."
873bafa4e9b6741fa90c6dfd8ca2109cb91f1b51b6d2259861b3614035203812,train,train,crowdsourced,NG,,406,How does the prevalence and management of neglected pediatric diseases like kwashiorkor and marasmus differ between African countries and developed nations?,"In African countries, malnutrition-related diseases are more prevalent due to food insecurity and poverty. Treatment involves nutritional rehabilitation, management of complications, and addressing underlying socio-economic factors."
b6f58c439591bfef8fd68472630d8cf51dca6b9467e5033d9ce766bd7a25a660,train,train,crowdsourced,NG,,407,How does the presentation of diabetes in African populations differ from other regions?,"Diabetes in Africa often presents with more severe complications at an earlier age, possibly due to genetic factors, late diagnosis, and limited access to healthcare."
e9dd7fcc04017f1c2e143311e3fa0a25ea2db23419f129de31d9021c60c4b682,train,train,crowdsourced,NG,,408,"In African populations, what bone fracture is commonly seen in individuals engaged in traditional mining or quarrying activities?","Scaphoid fractures, prevalent among African miners and quarry workers, require prompt diagnosis and appropriate management to prevent complications."
0d0cc177eba4d83f3bc09a7266ce5dc42b3f664a8b5218d70c49f78c5aecee6b,train,train,crowdsourced,NG,,230,How do traditional healers contribute to healthcare in African communities?,"Traditional healers play a significant role in providing healthcare services, particularly in rural areas where access to modern medicine is limited. They often combine herbal remedies with spiritual and cultural practices to treat various ailments."
7a3d9eb896bbcb790bd812f55c664cf4ef300f55a3d751c5892f64c67b3af6af,train,train,crowdsourced,NG,,409,What are common histopathological findings in cervical cancer among African women?,"Histopathological findings in cervical cancer among African women often include squamous cell carcinoma, frequently associated with human papillomavirus (HPV) infection, and adenocarcinoma, with late presentation due to limited access to screening programs."
d8465afd9fcbeb2f49e511d6c2883ddcb003be36080d90fdec085ce2fc91fcac,train,train,crowdsourced,NG,,410,What is the first-line medication for treating uncomplicated acute bacterial cystitis in non-pregnant adult women in Africa?,Nitrofurantoin or trimethoprim-sulfamethoxazole (TMP-SMX) are the first-line medications for treating uncomplicated acute bacterial cystitis in non-pregnant adult women in Africa due to their efficacy and low resistance rates.
fe463d6a4b3d068f5981c7fc81ef231c68b3f00161cca46c3a6b2bbbc8a6d009,train,train,crowdsourced,NG,,411,What is the primary cause of death from non-communicable diseases in Africa?,"Cardiovascular diseases, such as heart disease and stroke, are the primary cause of death from non-communicable diseases in Africa."
60f089ec59f02ed850f54c77196afaf8010e4b721cb8759a11b19aa4a582ee57,train,train,crowdsourced,NG,,412,How does the prevalence of counterfeit drugs affect the efficacy of pharmaceutical treatments in African countries?,"The prevalence of counterfeit drugs undermines trust in healthcare systems, contributes to treatment failure, drug resistance, and adverse effects, and increases healthcare costs."
468a5346c7ab93a43255c8848340e98a1c19186333e2ccf50389df269d057c22,train,train,crowdsourced,NG,,217,How does access to healthcare differ between urban and rural areas in Africa?,"Urban areas generally have better access to healthcare facilities, services, and skilled healthcare providers compared to rural areas in Africa."
fe90c5033762076daff63f534f9d507f384dd866c7089ad6ba9ee258f9b8300f,train,train,crowdsourced,NG,,413,"Among African communities, what mitochondrial disorder is associated with Pearson syndrome and may present with bone marrow failure and pancreatic insufficiency?","Pearson syndrome, a mitochondrial disorder prevalent in some African populations, manifests with bone marrow failure, pancreatic insufficiency, and other multisystemic manifestations, requiring specialized care."
2475513189f6347637cbdbf147a7b03dfa1b8bde5a054bb6f7ae7c4b85729f4c,train,train,crowdsourced,NG,,414,"What are the barriers to accessing cervical cancer screening and treatment services for women in low-resource settings in Southern Africa, and how can they be addressed?","Barriers to cervical cancer screening and treatment services in low-resource settings in Southern Africa include lack of awareness, transportation challenges, and limited availability of screening facilities and trained healthcare providers. Addressing these barriers requires comprehensive strategies including community education, mobile screening clinics, and task-shifting approaches."
8282fd30de3b8c53e27843214e82f2691ce366658266c7cc6a9bf5df49143fe7,train,train,crowdsourced,NG,,415,How does the prevalence and management of schistosomiasis differ between regions with high and low access to safe water and sanitation in African countries compared to developed nations?,"Regions with low access to safe water and sanitation in African countries may have higher rates of schistosomiasis due to waterborne transmission. Improving access to clean water and sanitation facilities, along with mass drug administration, are essential for schistosomiasis control."
c2fc7d9c6cbb2dde9e1a79940c92aeee4ab721333aa1891bfcb869203d33449b,train,train,crowdsourced,NG,,416,What are the challenges in diagnosing and treating pediatric airway foreign bodies in African hospitals?,"Limited availability of specialized equipment and expertise, as well as delayed presentation, contribute to the challenges of managing pediatric airway foreign bodies in African hospitals."
c227110b61de4b23b257d13038dcb6510cd3781a7334d860b3d1b3aafe8d8f98,train,train,crowdsourced,NG,,417,What is the first-line treatment for uncomplicated strongyloidiasis in Africa?,"Ivermectin is the first-line treatment for uncomplicated strongyloidiasis in Africa due to its effectiveness in killing Strongyloides stercoralis larvae and reducing the risk of disseminated infection. This macrocyclic lactone anthelmintic disrupts neurological function in parasitic nematodes, leading to paralysis and clearance from the host."
a8513ef8f281ec06171e4fd571e1f7fdf7a6297efc5b465b8c93ff3b62f5ec49,train,train,crowdsourced,NG,,418,"Explain the concept of syndemics and how it applies to the intersecting epidemics of HIV/AIDS, tuberculosis, and malnutrition in Africa.","Syndemics refer to the synergistic interaction between two or more co-existing epidemics, exacerbating health disparities and increasing the burden of disease in populations. In Africa, the syndemic of HIV/AIDS, tuberculosis, and malnutrition often coexists due to shared risk factors, social determinants of health, and underlying vulnerabilities."
016afffb63d8dd67ab34bcab0c0b9a1a2530982935ccc552fb4a3a698851a9db,train,train,crowdsourced,NG,,357,What is the first-line treatment for uncomplicated brucellosis in Africa?,Doxycycline plus rifampicin is the first-line treatment for uncomplicated brucellosis in Africa due to their effectiveness in killing Brucella species and preventing relapses. Combination therapy is necessary to target both intracellular and extracellular forms of the bacterium and to reduce the risk of treatment failure.
c8b92586feb4cccd6a0fb0936eb4e95359a80a59c4011dd72aa992c129a4fc22,train,train,crowdsourced,NG,,419,What histopathological features characterize African cases of oral Kaposi's sarcoma?,"Oral Kaposi's sarcoma in African populations typically presents with spindle-shaped tumor cells forming vascular slits, extravasated red blood cells, and chronic inflammatory infiltrates. The tumor cells may exhibit varying degrees of pleomorphism and express markers like CD31 and HHV-8."
4923d38f7f3cc86075379b6339fb1f10ca8407d7b7464691239c989c1139aee9,train,train,crowdsourced,NG,,420,Which endemic infection in Africa is associated with the development of hemolytic anemia and cholestasis?,"Fascioliasis, caused by Fasciola hepatica or Fasciola gigantica parasites, is associated with the development of hemolytic anemia and cholestasis in Africa."
9f1fd4eaf658ade6a5ccac7b63caced44314964520c233a5f82ecc5a9972726e,train,train,crowdsourced,NG,,421,What is the recommended first-line treatment for severe anemia due to chronic inflammatory diseases in Africa,Treatment of the underlying inflammatory condition with anti-inflammatory medications such as corticosteroids or disease-modifying antirheumatic drugs (DMARDs) is the recommended first-line treatment for severe anemia due to chronic inflammatory diseases in Africa.
6f455dfece0768a8659201c6796b802115a82a495999ce7b1e1dc16cda19d262,val,train,crowdsourced,NG,,259,Describe the histopathological changes observed in African cases of endemic chromoblastomycosis affecting the skin and subcutaneous tissues.,"African cases of endemic chromoblastomycosis affecting the skin and subcutaneous tissues often exhibit pseudoepitheliomatous hyperplasia, granulomatous inflammation, and the presence of sclerotic bodies (muriform cells) within abscesses or granulomas. Histopathological examination may reveal chronic inflammation, fibrosis, and the presence of pigmented fungal elements within affected tissues."
46630f42877c0ecfa353ed9ce555e281c093c3e2e259715391ef1b25bb4c22d0,train,train,crowdsourced,NG,,422,What is the primary mode of transmission of yellow fever in Africa?,"Yellow fever is primarily transmitted through the bite of infected Aedes or Haemagogus mosquitoes in Africa, particularly in tropical and subtropical regions."
3c386b079d26a542a48d0d545148fb6865e23293dc5f0ea44d9beb8df3c6e01f,train,train,crowdsourced,NG,,349,Which parasitic infection is a leading cause of anemia in Africa?,Hookworm infection is a leading cause of anemia in Africa.
5f0affeb3ca8a7b6a9fcebeab59cef08d54681891c3c096ea184250656da5cb9,train,train,crowdsourced,NG,,423,What role does international collaboration play in strengthening surgical systems in Africa?,"International partnerships and collaborations provide opportunities for knowledge exchange, training, capacity-building, and resource mobilization to improve surgical infrastructure, standards of care, and patient outcomes in Africa."
fdf694e79e1ab76c2c657b4d32105f3b36dccd18b94bb37d85f78299d600ef2a,train,train,crowdsourced,NG,,424,What are the unique challenges in managing malnutrition in Africa?,"Challenges include limited access to nutritious food, inadequate healthcare infrastructure, and cultural beliefs affecting feeding practices."
215f130d2d411dc7ddb4d0b93394bdc5456cfa410ee1c4aedcfd76fef87b396e,train,train,crowdsourced,NG,,425,What are the challenges in providing care for children with cleft lip and palate in African countries compared to developed nations?,"Limited access to surgical services, speech therapy, and multidisciplinary care teams pose challenges in providing comprehensive care for children with cleft lip and palate in African countries. Surgical outreach programs and capacity building are essential for improving access to care."
cc54661c10e5ef61283742db19728059b1374eb234f78decd2575bfd07ef0d47,train,train,crowdsourced,NG,,426,Describe the role of traditional healing practices in mental healthcare delivery in African communities.,"Traditional healing practices, including spiritual healing, herbal medicine, and rituals, are often integrated into mental healthcare delivery in African communities"
262d7a076f2c7ee3d20efe7b9b713e85b2215243938a34ee87b076418e4d118d,train,train,crowdsourced,NG,,427,What are common nutritional deficiencies seen in African communities?,"Common deficiencies may include vitamin A, iron, and iodine, which can lead to conditions like night blindness, anemia, and goiter, respectively."
bcf34418234acea2fcc89c0138b0fd040acb91d6e6a9ea922eb8ac871c5c0759,train,train,crowdsourced,NG,,428,How does the prevalence and management of nutritional deficiencies like vitamin A deficiency differ between African countries and developed nations?,"In African countries, vitamin A deficiency is more prevalent due to limited access to fortified foods and dietary diversity. Supplementation programs targeting high-risk groups, such as children under five and pregnant women, are often implemented."
98fcb0a8682fc495e0fbd89f3e099221e269b278ec9d59ab5dd4c608c0ba7a03,train,train,crowdsourced,NG,,429,What is the primary cause of acute gastroenteritis outbreaks in Africa?,"Contaminated water sources, including rivers, lakes, and wells, are the primary cause of acute gastroenteritis outbreaks in Africa. Waterborne pathogens such as Vibrio cholerae, norovirus, and Escherichia coli contribute to the transmission of diarrheal diseases in communities with inadequate access to safe drinking water and sanitation facilities."
be0f6dc1b358a8a793a3d6f97c0eb28dcd9663f8a960e15b9eebeba1df909417,train,train,crowdsourced,NG,,430,What histopathological features characterize African cases of endemic lymphatic filariasis affecting the genitals?,"African cases of endemic lymphatic filariasis affecting the genitals often exhibit lymphedema, chronic inflammation, and the presence of dilated lymphatic vessels with lymphatic fluid accumulation. Histopathological examination may reveal fibrosis, adipose tissue proliferation, and varying degrees of lymphocytic infiltrates within affected tissues."
10cfac1c63a098865532ac7037997916df9f389f25abb446ea43de0a811821e8,train,train,crowdsourced,NG,,431,What traditional practices in Africa are believed to enhance fertility in women?,"Practices such as consuming specific herbs like Vitex agnus-castus (chasteberry), engaging in fertility dances, or undergoing rituals performed by traditional healers are believed to enhance fertility in some African cultures."
dd06a6a0f366832341af21673ad5464751f8ebf756a9936fa43706d7aae2970f,train,train,crowdsourced,NG,,432,"What are the cultural attitudes and beliefs surrounding disability in African societies, and how does it influence access to healthcare and support services compared to Western societies?","Cultural attitudes may vary, but stigma, discrimination, and limited access to healthcare and support services for people with disabilities are common challenges in African societies compared to Western societies."
8cd4b9ac5b4b359c65bc02512688de222702723ff058b8199833e9f80bdf777d,train,train,crowdsourced,NG,,433,What is the primary cause of chronic diarrhea in adults with human immunodeficiency virus (HIV) infection in Africa?,"Cryptosporidium parvum is the primary cause of chronic diarrhea in adults with human immunodeficiency virus (HIV) infection in Africa, particularly in individuals with advanced immunosuppression. Factors such as compromised immune function, poor water quality, and fecal-oral transmission contribute to the high burden of cryptosporidiosis in HIV-positive populations."
2bbd0a1c17536c7c2af69d785a2fe5dff4a6fca2a1a1aa2bc3893f8645f98852,val,train,crowdsourced,NG,,434,What is the primary cause of endemic goiter in Africa?,"Iodine deficiency is the primary cause of endemic goiter in Africa, resulting from insufficient dietary intake of iodine-rich foods such as iodized salt. Endemic goiter can lead to thyroid gland enlargement and thyroid hormone imbalances, causing a range of health complications."
767ef72dbc16ecd7f172eeca17b7b1fac8d609616b1c1ef47c3439cff5f2b33a,train,train,crowdsourced,NG,,435,How do traditional beliefs about the causes of epilepsy affect treatment-seeking behavior in African societies?,Misconceptions about epilepsy being caused by supernatural forces or curses can lead individuals to seek treatment from traditional healers or spiritual leaders rather than medical professionals.
792fca7407fa6b530c16b41de088afe6553eed299170c9750be2ef8a2b97049e,train,train,crowdsourced,NG,,436,What is the recommended first-line treatment for severe anemia due to Plasmodium vivax malaria in Africa?,"Chloroquine followed by primaquine is the recommended first-line treatment for severe anemia due to Plasmodium vivax malaria in Africa. Primaquine helps to eliminate hypnozoites in the liver, preventing relapses and recurrent anemia."
87dd9897f0fb289b4b6df89778bda977754defc6796e389f18de401ab6413921,train,train,crowdsourced,NG,,437,What is the most common cause of acute bacterial meningitis in Africa,"The most common cause of acute bacterial meningitis in Africa is Streptococcus pneumoniae.
The reason Streptococcus pneumoniae is the most common cause of acute bacterial meningitis in Africa is because it is a leading cause of bacterial meningitis worldwide, including in Africa. Streptococcus pneumoniae, also known as pneumococcus, is a bacterium that commonly colonizes the nasopharynx and can cause invasive infections such as meningitis when it enters the bloodstream and crosses the blood-brain barrier. In Africa, pneumococcal meningitis is particularly prevalent among children under five years of age and individuals with predisposing factors such as HIV infection, malnutrition, and overcrowded living conditions. Prompt diagnosis and treatment with appropriate antibiotics are essential for managing pneumococcal meningitis and reducing associated morbidity and mortality."
da6d4cb4cb5830174c9461e7d99673e6d1686f79a94b3409d4e477535ea09ccb,train,train,crowdsourced,NG,,438,"How does the prevalence of obstetric fistula vary among different regions of Africa, and what factors contribute to these variations?","Obstetric fistula prevalence varies by region due to differences in access to maternal healthcare services, rates of early marriage and childbirth, and sociocultural factors affecting women's health-seeking behaviors."
b2ad2cc8519da925df64ac3bcfea5093145a41a036aa5db435491342bbfd6a28,train,train,crowdsourced,NG,,439,Which antiretroviral medication is commonly used as the backbone of HIV treatment in Africa?,"Tenofovir disoproxil fumarate (TDF) is commonly used as the backbone of HIV treatment in Africa due to its efficacy, tolerability, and availability in affordable generic formulations."
7424e02ab52e1e4b3c157601c1bd88e1a012db2b46132af3e07913cd46d58948,train,train,crowdsourced,NG,,440,Discuss the role of maternal and child health services in reducing maternal and neonatal mortality rates in African countries,"Maternal and child health (MCH) services are pivotal in lowering maternal and neonatal mortality rates across Africa. These services encompass antenatal care (ANC), skilled birth attendance (SBA), postnatal care (PNC), immunization programs, family planning services, and community-based interventions. Access to these services ensures early detection and management of complications, safe delivery practices, and promotion of essential newborn care. Strengthening health systems, training skilled birth attendants, and community engagement are vital for sustainable improvements. By prioritizing MCH services, African countries can significantly reduce maternal and neonatal mortality, fostering healthier communities and achieving long-term developmental goals."
1ab1d66fa83c6a7577ffb8e6a259eb0306c3d733118cc1e5cb3da75e30bb0f24,train,train,crowdsourced,NG,,441,What is the recommended first-line treatment for uncomplicated leprosy in Africa?,"Multi-drug therapy (MDT) with rifampicin, dapsone, and clofazimine is the recommended first-line treatment for uncomplicated leprosy in Africa due to its effectiveness in killing Mycobacterium leprae bacteria and preventing relapses. Combination therapy targets different stages of the leprosy infection and reduces the risk of antimicrobial resistance."
54c53cddb558e8b9dcc2c167f841f0141e98aa6f1843d9626c921e180db023bb,train,train,crowdsourced,NG,,442,"How do cultural beliefs and practices surrounding menstruation affect menstrual hygiene management and reproductive health outcomes among adolescent girls in rural communities in East Africa, and what interventions can promote menstrual health and empowermen","Cultural beliefs and practices surrounding menstruation influence menstrual hygiene management and reproductive health outcomes among adolescent girls in rural East African communities, often leading to stigma, limited access to menstrual hygiene products, and school absenteeism. Interventions such as menstrual education, provision of menstrual hygiene products, and community engagement can promote menstrual health and empower girls."
3068704c7ba50c366038b38b4bfd70e793fecb57968c99b4ea1e0f0984b9d7db,val,train,crowdsourced,NG,,443,What are the common causes of burns in African populations?,"Common causes of burns in African populations include open fire cooking, hot liquids, and electrical accidents."
b6cb01b8dea22cc495f54cbd9cb72caf1f210a62e4e4b0a74f15fe837f9bda2f,train,train,crowdsourced,NG,,444,What is the first-line treatment for uncomplicated cryptosporidiosis in Africa?,"Nitazoxanide is the first-line treatment for uncomplicated cryptosporidiosis in Africa due to its effectiveness in killing Cryptosporidium parasites and reducing the duration and severity of symptoms. This antiprotozoal medication is well-tolerated and provides high systemic concentrations, making it suitable for the treatment of cryptosporidiosis in immunocompetent individuals."
fdec7239916c044d3939fd9803ac625752b2e02704ecd48f3d748fa03fde9458,val,train,crowdsourced,NG,,445,What is a common symptom of sickle cell disease in African populations?,"a) Jaundice
Reason: Jaundice, or yellowing of the skin and eyes, is a common symptom in individuals with sickle cell disease. It occurs due to the breakdown of red blood cells and the release of bilirubin. Sickle cell disease is more prevalent in African populations."
8ce47bf41247bcbb59043f5453e4b638e2c4149bc48b951ff03dcdd39bb99a13,train,train,crowdsourced,NG,,446,What is the first-line treatment for uncomplicated trichinellosis in Africa?,"Albendazole is the first-line treatment for uncomplicated trichinellosis in Africa due to its effectiveness in killing Trichinella spiralis, the causative helminth. This benzimidazole anthelmintic disrupts the helminth's energy metabolism and inhibits microtubule formation, leading to parasite death and clearance from the host."
3b9e298807624c304c91d114485ae6d2e6689504903e576fd7d8f4df5c24fb62,train,train,crowdsourced,NG,,447,"In African populations, what nutrient deficiency is commonly associated with goiter and may require iodine supplementation for prevention?","Iodine deficiency, prevalent in certain African regions, increases the risk of goiter formation and necessitates iodine supplementation to prevent thyroid dysfunction."
fefa20985387084e3baacba89b9e58437b4def36b4126cda89b9cc77a7369f3f,train,train,crowdsourced,NG,,407,How does the presentation of HIV/AIDS in African populations differ from other regions?,"The primary causes of maternal mortality in Africa include hemorrhage, sepsis, hypertensive disorders of pregnancy, and complications from unsafe abortions."
ae7af319ea4af710366b4c23f1878f949280caba0ece18b850236b6dd3ec8ebf,train,train,crowdsourced,NG,,448,What are the challenges of providing palliative surgical care in Africa?,"Challenges include limited access to pain management medications, inadequate training in palliative care for healthcare providers, and cultural taboos surrounding end-of-life care and discussions about death."
188a03d2f7f660c439a7792570734a767196b65a7480cf0438aee9497e13e21e,train,train,crowdsourced,NG,,449,What is the primary mode of transmission of hepatitis B virus (HBV) in Africa?,"Hepatitis B virus (HBV) is primarily transmitted through perinatal transmission from mother to child, unsafe injections, blood transfusions, and sexual contact in Africa."
b7ab7b1b9e28001377dcdbce5311b4c7a6425a37f502ef5c95242fb033cbd632,train,train,crowdsourced,NG,,450,"How does urbanization impact access to healthcare services in Africa, and what strategies can be implemented to ensure equitable healthcare delivery in rapidly growing cities?","Urbanization in Africa presents both opportunities and challenges for healthcare delivery. While cities offer proximity to healthcare facilities, specialized services, and economic opportunities, they also face disparities in healthcare access, quality, and affordability. Rapid urbanization strains healthcare infrastructure, leading to overcrowded facilities, long wait times, and unequal distribution of resources. Strategies to ensure equitable healthcare delivery in rapidly growing cities involve urban planning that prioritizes health, investment in primary healthcare, decentralization of services, integration of vertical programs, strengthening of referral systems, and use of technology for telemedicine and e-health solutions. Community engagement, participatory decision-making, and pro-poor policies are essential for addressing urban health disparities and achieving universal health coverage in Africa."
66678fdb11b968f8eab7f7bbe18b39ca4ddf1bf870ec4d8273cc662eec61ac0b,train,train,crowdsourced,NG,,451,What role do traditional healers play in African healthcare systems?,"Traditional healers often serve as primary healthcare providers, offering treatments for a wide range of ailments based on cultural beliefs and practices."
f9f2be90d98f1c4f3ddd84b879c1860c400f09f59f7d94adf6ebf5fb52bc12e5,train,train,crowdsourced,NG,,452,What cultural beliefs and practices impact the treatment-seeking behavior of patients with mental health disorders in African communities?,"Cultural beliefs may lead to the preference for traditional healers over modern psychiatric services, delaying access to appropriate care."
bfed0161b1f4176e83b028f1bd34c400cd4dc4b298a7a0137f64f248373cf12f,train,train,crowdsourced,NG,,453,How does the burden of infectious diseases affect surgical practice in Africa?,"The burden of infectious diseases such as HIV/AIDS, tuberculosis, and malaria increases the complexity of surgical cases and requires special precautions to prevent transmission, adding to the challenges faced by African surgeons."
1fdeb44c6c63f02dedfb6e03e76cdf404c70e59108a13f64b28a887341a3ee5b,train,train,crowdsourced,NG,,454,"In African patients, what liver condition is frequently linked to chronic schistosomiasis infection and may result in portal hypertension and esophageal varices?","Schistosomiasis-related portal hypertension, prevalent in many African regions, can lead to esophageal varices and increase the risk of gastrointestinal bleeding."
2629779ce7139dd945e9bafd8694124e07bc432f748a45641c3dbbd14609c585,train,train,crowdsourced,NG,,455,What is the primary cause of malnutrition in Africa?,"Malnutrition in Africa is often caused by a combination of factors including poverty, food insecurity, and limited access to nutritious food."
7947f8eecb26197aecbc86954bc17cccea31fa6e40f1db6e99882661bfeecaf8,train,train,crowdsourced,NG,,456,What is the recommended first-line treatment for acute bacterial prostatitis in African men?,"Oral fluoroquinolones, such as ciprofloxacin or levofloxacin, are the recommended first-line treatment for acute bacterial prostatitis in African men. These antibiotics achieve high prostatic concentrations and provide broad-spectrum coverage against uropathogens implicated in prostatic infections."
cd19b5adfbe5a8a1baf243510c907e96c6403b7c04dd52f6802c68e78f971d72,train,train,crowdsourced,NG,,457,What are the gender-specific challenges in accessing reproductive health services for adolescent girls in rural areas of Sub-Saharan Africa?,"Adolescent girls in rural Sub-Saharan Africa face barriers such as lack of education, early marriage, and cultural taboos surrounding sexuality, limiting their access to reproductive health services including contraception, antenatal care, and safe abortion services."
d69dc3f3f0a0f762c2497d4b05ac9048947637a108d842d929d85a7ef0323afd,train,train,crowdsourced,NG,,458,What is the most common type of cancer in children in Africa?,Burkitt lymphoma is the most common type of cancer in children in Africa.
cce296334ca646a89137d8214c800e87a4ce4e179247c7682ccbe7b76b85e23e,train,train,crowdsourced,NG,,459,Describe the histopathological findings in African cases of endemic tungiasis affecting the feet.,"African cases of endemic tungiasis affecting the feet typically exhibit epidermal hyperplasia, spongiosis, and the presence of gravid sand flea (Tunga penetrans) within the epidermis or dermis. Histopathological features may include acanthosis, vesiculation, and mixed inflammatory infiltrates surrounding the embedded flea."
899d8859ba4428edc2b0f54bc9d8722a350b0eebf33ec4b3c8b2be68a8262f4c,train,train,crowdsourced,NG,,460,Discuss the impact of urbanization on liver disease patterns in Africa.,"Urbanization in Africa is associated with lifestyle changes such as sedentary behavior, unhealthy diet, alcohol consumption, tobacco use, and exposure to environmental toxins, contributing to the rising prevalence of liver diseases such as non-alcoholic fatty liver disease (NAFLD), alcoholic liver disease (ALD), and hepatocellular carcinoma (HCC). Urban areas also face challenges such as overcrowding, inadequate sanitation, and limited access to healthcare, exacerbating the burden of infectious diseases such as hepatitis B and C, HIV/AIDS, and tuberculosis, which are major risk factors for liver disease. Addressing the impact of urbanization on liver disease requires comprehensive public health strategies that address social determinants of health, promote healthy lifestyles, and strengthen healthcare systems to mitigate the growing burden of liver diseases in urban populations."
86805e493b31f0439f7b5b3d8acc212519a039f02f7e1e4e53800edc457b7d5a,train,train,crowdsourced,NG,,461,What is the most common etiology of acute gastroenteritis in children in Africa?,"Rotavirus is the most common etiology of acute gastroenteritis in children in Africa, particularly in areas with limited access to clean water and sanitation."
d6858b4fa02172d362b57b5a7ced1cee45202a80acae2095e87d396a0bf2dd3b,train,train,crowdsourced,NG,,462,How do certain African societies manage symptoms of caries (tooth decay)?,Chewing on fresh neem leaves (Azadirachta indica) or using neem twig brushes for oral hygiene is a traditional method used to reduce bacterial growth and alleviate symptoms of caries in some African communities.
110a6fb164b196606171ea4fd9643d570a8058f9593022c6842ece82dbb13bff,val,train,crowdsourced,NG,,329,What are the common causes of anemia in African populations?,"Common causes include nutritional deficiencies (iron, folate, vitamin B12), parasitic infections (such as malaria and hookworm), and genetic conditions (like sickle cell disease)."
7ad25be99baee58e6d332a2cc4d7b32aaee11d20e9d4391aea8ba610466cfb28,train,train,crowdsourced,NG,,463,What is the primary cause of chronic kidney disease in sub-Saharan Africa?,"Chronic glomerulonephritis, often related to infections like HIV and malaria."
63169ff3d0c92efe77840d41b57573bdc4d25e7b0a7b64b2db45b420bcb83dfe,val,train,crowdsourced,NG,,464,"Which of the following infectious diseases is endemic to many parts of Africa and can present with a triad of fever, headache, and neck stiffness?","Meningitis, particularly bacterial meningitis caused by organisms such as Neisseria meningitidis or Streptococcus pneumoniae, is endemic to many parts of Africa and presents with fever, headache, and neck stiffness."
0d803c1a36fdab00b945a6e67578cc006bc32a92cbc5cb3110b4334dcba3119a,val,train,crowdsourced,NG,,30,What are common traditional remedies for treating skin conditions in Africa?,"Shea butter, aloe vera, and coconut oil are commonly used traditional remedies for treating various skin conditions in Africa."
684cc420c9a337765433f085ed43bd0746423cc5bc54d0d7921a5b6b464a8bac,val,train,crowdsourced,NG,,465,What local practices in Africa are used for promoting overall wellness and balance?,"Africans often incorporate practices such as meditation, herbal remedies, communal gatherings, and engaging in cultural traditions like dance and music to promote overall wellness and balance in life"
3f29fef84aa605b967236c50897b2750444458a947e146037ea73c74e0a5029a,train,train,crowdsourced,NG,,466,"What are the common causes of nasal obstruction in African populations, and how can it be managed?","Common causes include allergic rhinitis, sinusitis, and nasal polyps. Management includes allergen avoidance, medication, and surgery in severe cases."
40c6a6fd397847ca01ccb4eb96ea089697bc303fc2e2c8563239e27dde44bf50,train,train,crowdsourced,NG,,467,What are the recommended vaccination schedules for infants in Nigeria?,"The recommended vaccination schedule for infants in Nigeria includes vaccines against tuberculosis (BCG), hepatitis B, diphtheria, pertussis, tetanus (DPT), Haemophilus influenzae type b (Hib), polio (OPV), pneumococcal disease (PCV), and measles. These vaccines are administered at specific ages according to the National Immunization Schedule."
e844bc416f42533727867eb6bcda1ae0adb0b80c4e3b57be4c84a5d824dea69e,val,train,crowdsourced,NG,,468,What is the mainstay treatment for hemophilia A in Africa?,"Recombinant factor VIII concentrates are the mainstay treatment for hemophilia A in Africa, although access to these products may vary across different regions."
410583b3935be48afcd6cb75377bd0f7b70f14f9bef1c3ee0bd462d142dde08d,train,train,crowdsourced,NG,,469,What interventions can be implemented to reduce the incidence of acute kidney injury (AKI) in African settings?,"Interventions to reduce the incidence of acute kidney injury (AKI) in African settings include improving access to clean water and sanitation to prevent infectious diseases, promoting vaccination against preventable infections (e.g., hepatitis B, pneumococcus), implementing infection control measures in healthcare facilities, educating healthcare providers and communities about the risks of nephrotoxic medications and traditional remedies, and integrating AKI prevention strategies into primary healthcare and maternal and child health programs."
e899e4cdec76516d5ba980cc600a95d267523ee3bfb60eebd869d54b351e25d7,val,train,crowdsourced,NG,,470,What is the first-line medication for treating uncomplicated acute bacterial prostatitis in adults in Africa?,Fluoroquinolones such as ciprofloxacin or levofloxacin are the first-line medications for treating uncomplicated acute bacterial prostatitis in adults in Africa due to their penetration into prostatic tissue.
1512f533ca9393a900b7c0ba7f2e9f7612ad3cbeb4bcf2e15c85ce92b7eaa39f,train,train,crowdsourced,NG,,471,"Discuss the epidemiology, clinical features, and management of viral hemorrhagic fevers (VHFs) such as Ebola and Marburg viruses in African populations.","Viral hemorrhagic fevers (VHFs) like Ebola and Marburg viruses are serious diseases in African populations, often causing outbreaks. They spread through contact with infected animals or humans and lead to fever, fatigue, muscle pain, and gastrointestinal symptoms. Severe cases can result in hemorrhagic manifestations, organ failure, and death. Management involves supportive care and strict infection control measures, with no specific antiviral treatment available. Efforts focus on prevention through early detection, isolation of cases, and community education on hygiene practices."
10704520407751c558af4e90d9919e62ebb746dd0a5abd9eba105cb125cc1bdd,train,train,crowdsourced,NG,,472,"Which parasitic infection, commonly found in Africa, is transmitted through the bite of infected mosquitoes and can lead to symptoms such as fever, headaches, and joint pain?","Malaria is commonly found in Africa and transmitted through the bite of infected mosquitoes. Anopheles mosquitoes, prevalent in many parts of Africa, carry the Plasmodium parasites responsible for causing malaria in humans."
510bf58693c5d65882b8d6ee3d2bc2476f68d01b96f3e72396cf195560e79694,train,train,crowdsourced,NG,,473,"What are the challenges in implementing and sustaining vaccination programs, such as routine immunization and mass vaccination campaigns, in remote rural areas of Africa?","Challenges include logistical difficulties in vaccine distribution, lack of cold chain infrastructure, vaccine hesitancy, and inadequate healthcare personnel, leading to gaps in immunization coverage and vaccine-preventable disease outbreaks."
d7b821e6aa6540c2ac845ecd343ce0468f6be946c30bf5640f576bd7e3d7b4b1,train,train,crowdsourced,NG,,474,What are the common causes of mental health disorders in African populations?,"Common causes of mental health disorders in African populations include poverty, conflict, trauma, and cultural beliefs about mental illness."
1917c48087ff8da778f3195ab28464a35c31c399df722960ab38f49575bd3e89,train,train,crowdsourced,NG,,475,How do certain African cultures traditionally address mental health issues?,"In some African cultures, mental health issues are approached through rituals, ceremonies, and the involvement of traditional healers, who use methods such as spiritual cleansing and counseling."
a854eb3c9c6d924d0a827a44b8b3e7a9ebd9d7f5f0360e0a436a2e089aa08590,train,train,crowdsourced,NG,,476,"What is the name of the bacterial infection, prevalent in parts of Africa with poor sanitation, that causes severe diarrhea and can lead to dehydration and death if left untreated?",Cholera is prevalent in parts of Africa with poor sanitation because the bacterium Vibrio cholerae thrives in contaminated water sources and can spread rapidly in communities with inadequate access to clean water and sanitation facilities.
a7ac0b96acc341f6610035bfc046092e614a50064c148ec5a594cb766d3f7044,train,train,crowdsourced,NG,,477,How prevalent is female genital mutilation (FGM) in Africa?,"FGM is practiced in many African countries, particularly in East Africa and parts of West Africa."
47668123c586c99a36695bc0f78a9280036b9f8948e9b000572f57cfd4508b51,train,train,crowdsourced,NG,,478,"What are the disparities in cancer incidence, diagnosis, and treatment outcomes between rural and urban populations in Africa?","Rural populations in Africa often face challenges accessing cancer screening services, diagnostic facilities, and specialized treatment centers, leading to later-stage diagnoses and poorer survival rates compared to urban populations with better healthcare infrastructure and resources."
9e3e197fe8130154ec0aee3b82e033c9c45ab45a17ee153a60ce70e62a9e9837,val,train,crowdsourced,NG,,479,What are the main challenges in controlling malaria in Africa?,"Challenges in controlling malaria in Africa include drug resistance, lack of access to healthcare services, and inadequate vector control measures."
4105f2ebb0cbe0148d84ab926880ca70fc9782c75caa9112ba919e43b1f0a32a,train,train,crowdsourced,NG,,480,How do some African cultures manage symptoms of gastritis without medication?,Drinking cabbage juice or consuming extracts from the leaves of the moringa tree (Moringa oleifera) is believed to help soothe the stomach and alleviate gastritis symptoms in some African societies.
d31d4289a0275ff62fb68295b318781294a32d88b043030c5706df0fa0de8f06,val,train,crowdsourced,NG,,481,What are the barriers to accessing rehabilitation services for individuals with physical disabilities in African countries?,"Barriers include lack of specialized services, insufficient trained personnel, limited availability of assistive devices, physical barriers to access, and financial constraints."
6287be4f1a30cbc849894682c290a3c704d17975468bffb2d34c406d1983d6b9,train,train,crowdsourced,NG,,482,What are the challenges of delivering surgical care in refugee camps and displaced populations in Africa?,"Challenges include limited access to healthcare facilities, inadequate infrastructure, language barriers, and insecurity, requiring humanitarian organizations to provide mobile surgical units and emergency medical services."
380bf2812380c0d0f0b9766a8e7aae0c36ab31642fb75f25024e0c56a27a446c,val,train,crowdsourced,NG,,483,How do certain African societies manage arthritis pain?,Topical application of medicinal herbs like devil's claw (Harpagophytum procumbens) or ginger poultices is a traditional method used to manage arthritis pain in some African societies.
6d94e48b5545f730db7fbc2dd9528c1b4d2bbccae7c8dba4e5c48089c4630553,train,train,crowdsourced,NG,,484,What is the first-line treatment for premature ejaculation in African men?,"Selective serotonin reuptake inhibitors (SSRIs), such as dapoxetine or sertraline, are the first-line treatment for premature ejaculation in African men. These medications delay ejaculation by inhibiting serotonin reuptake in the central nervous system, prolonging intravaginal latency time and improving ejaculatory control."
9608b743005e25ddb058c83a3f67b5d4104bcd37b2b00201d20b72c81c6b2d71,train,train,crowdsourced,NG,,485,What is the primary method used for diagnosing hemolytic anemia associated with autoimmune hemolytic anemia (AIHA) in Africa?,"The direct antiglobulin test (DAT), also known as the Coombs test, is the primary method used for diagnosing hemolytic anemia associated with autoimmune hemolytic anemia (AIHA) in Africa. This test detects the presence of antibodies or complement proteins attached to the surface of red blood cells."
7c2508f4f2eb5789a511d188f9e7ca15b77c25cd6b8bd756f7829a41b3395672,train,train,crowdsourced,NG,,486,What is the primary method used for diagnosing hemolytic anemia associated with malaria in Africa?,Microscopic examination of peripheral blood smears for the presence of malaria parasites is the primary method used for diagnosing hemolytic anemia associated with malaria in Africa.
727f499a1841375ca0c58de25ab8d3de4c3d217acc834a58cf29024936abd4c6,val,train,crowdsourced,NG,,487,What are some cultural beliefs surrounding mental illness in Africa?,"Cultural beliefs may include attributing mental illness to supernatural causes, such as witchcraft or ancestral spirits, which can lead to stigma and hinder access to appropriate treatment."
e7914a0841e7bf49b11fda479b57619ef7eca4ee533ec5ef9bfb1970f540637b,train,train,crowdsourced,NG,,488,How does malnutrition affect child development in sub-Saharan Africa?,"Malnutrition in sub-Saharan Africa can lead to stunted growth, cognitive impairment, and increased susceptibility to infectious diseases."
96d5acbbd1daf33e3646d12ab90a8371b4fd9d7579d4233ce8be71be2ca0a5ef,train,train,crowdsourced,NG,,489,What are the socioeconomic factors contributing to the high prevalence of non-communicable diseases like diabetes and hypertension in urban African populations?,"Urbanization, changes in lifestyle behaviors, limited access to healthy foods, and disparities in healthcare access contribute to the high prevalence of non-communicable diseases in urban African populations."
d676ecf6bfafbfb263d73aaa15198ac97f418721b02b992aff17355dd3b5efd1,train,train,crowdsourced,NG,,490,What are common skin conditions prevalent in African climates?,"Skin conditions such as fungal infections, eczema, and dermatitis may be more prevalent due to factors like humidity and exposure to irritants."
ba10dfb5996b2f81e997be00de3e053a5441f118195be5469adb902174020cca,train,train,crowdsourced,NG,,491,Explain the concept of health disparities and their impact on vulnerable populations in Africa.,"Health disparities refer to differences in health outcomes between various population groups, often influenced by social, economic, and environmental factors. Vulnerable populations in Africa, such as women, children, the elderly, and people living in rural or remote areas, are disproportionately affected by these disparities."
806486d3c4cc9a47b0a092a46d7d52a48f697eb9f6c1df9466b64372720306ba,train,train,crowdsourced,NG,,492,What is the primary mode of transmission of Lassa fever virus in Africa?,"Lassa fever virus is primarily transmitted through contact with urine or feces of infected multimammate rats, as well as through person-to-person transmission via direct contact with bodily fluids in Africa."
27677bbce5ee31d130420ee230297796a5f139ce7a4c0233e8f03a559633bab5,train,train,crowdsourced,NG,,493,How does the etiology of hepatocellular carcinoma differ in Africa compared to developed countries?,"In Africa, hepatocellular carcinoma is often caused by chronic hepatitis B and C infections due to limited access to vaccination and treatment, leading to higher incidence and mortality rates."
63e9a69494fd739ed0c99d6e10b34a70463e7bf1d102ed619d7f948b9e333a39,train,train,crowdsourced,NG,,494,"Describe the histopathological findings in African cases of endemic viral hemorrhagic fever, such as Lassa fever.","African cases of endemic viral hemorrhagic fever, like Lassa fever, typically exhibit diffuse hepatic necrosis with intracytoplasmic viral inclusions, accompanied by vascular damage, lymphoid depletion, and hemorrhagic manifestations in various organs. Immunohistochemical staining can confirm the presence of viral antigens."
fecef39c9be2c27e9bda470fa43422f5d4a24badf6272680887cb0818d9db31c,train,train,crowdsourced,NG,,495,What are the unique challenges in managing sickle cell disease in Africa?,"Challenges include limited access to healthcare, a high prevalence of the disease, and a lack of resources for specialized care, leading to higher rates of complications and mortality."
3d305659281f6ad4c92e03caf4f9cb50639cb6ce0c4c7aae3c87e18d07c7676d,train,train,crowdsourced,NG,,496,Which medication is commonly used for the treatment of leprosy in Africa?,"Ivermectin is the primary medication used for mass drug administration campaigns to control onchocerciasis (river blindness) in Africa, aiming to reduce transmission and alleviate symptoms."
2c9d1f256b9252b9e2ed1545a253f3b7368bc45db91b35b4ca91815133f4cce7,train,train,crowdsourced,NG,,497,What is the primary cause of death from malaria in Africa?,Cryptococcal meningitis is a leading cause of death in HIV/AIDS patients in Africa.
45cce33b9bcc9ce5e846921f650fd380a139935b49ceff1d923641fc1616c379,train,train,crowdsourced,NG,,498,What traditional African practice is employed to support overall immune health?,"Consuming a diet rich in immune-boosting foods such as moringa leaves, baobab fruit, and citrus fruits is a common practice in Africa to support overall immune health and prevent illness."
18b78b6b7cd5b0972523f4720b0fba305e4e4a6115209228126021603cae2283,train,train,crowdsourced,NG,,499,What is the primary cause of death from infectious diarrhea in Africa?,Rotavirus is a primary cause of death from infectious diarrhea in Africa.
ab50dbb7d679da7cde76e32f81ba76f33bb7506db97879f724300725735b1421,train,train,crowdsourced,NG,,168,What are the unique challenges in managing hypertension in Africa?,"Challenges include limited access to healthcare, high costs of medication, poor adherence to treatment, and a high prevalence of undiagnosed cases."
bdd6113d7b4344379b8559d015591d62cfac61783a082fe675af3714ba341fa1,val,train,crowdsourced,NG,,500,Describe the clinical features and management of Burkitt's lymphoma in children in Africa. Discuss the importance of early diagnosis and treatment in this context.,Clinical Features:Rapidly growing facial or abdominal massBone painFeverWeight lossManagement:Intensive chemotherapySupportive careImportance of Early Diagnosis and Treatment:Burkitt's lymphoma is a highly aggressive cancer that can be fatal if not treated promptly.Early diagnosis and treatment can significantly improve the chances of survival.
62007e711fd2c3a8377e1bdffa1dba0d387ca590c6ab60ec8166683d4e351b49,val,train,crowdsourced,NG,,501,How does the prognosis of childhood leukemia differ between Africa and developed countries?,"In Africa, the prognosis of childhood leukemia may be poorer due to factors such as late presentation, lack of access to specialized treatment, and limited healthcare resources."
1f1cd5382ef328b1b27d72e02fd0b33dde2609e85c871f1183a2e0f27ec91803,train,train,crowdsourced,NG,,411,What is the primary cause of death in Africa due to non-communicable diseases?,"Cardiovascular diseases, such as heart disease and stroke, are the primary cause of death in Africa due to non-communicable diseases (NCDs). Risk factors for cardiovascular diseases, including hypertension, diabetes, obesity, and tobacco use, are on the rise in many African countries, contributing to the increasing burden of NCDs in the region."
ba4e0fdd4b42a96ea6f6ea06257283fea31d2f4dce5599f6d8c076dd1a871ec9,train,train,crowdsourced,NG,,502,What is the first-line treatment for uncomplicated amoebic liver abscess in Africa?,"Metronidazole is the first-line treatment for uncomplicated amoebic liver abscess in Africa due to its effectiveness in killing Entamoeba histolytica parasites and reducing abscess size. This nitroimidazole antibiotic is well-absorbed orally and achieves high concentrations in the liver, making it suitable for the treatment of amoebic liver abscess."
4163f87f356720e3626472e596d6a01753716198572f1ad3e67b6da9f5308dad,train,train,crowdsourced,NG,,503,"What are the challenges in providing surgical care for congenital anomalies, such as cleft lip and palate, in African healthcare settings, and how can these challenges be addressed?","Challenges include limited access to specialized surgical services, shortage of trained pediatric surgeons, and financial barriers to accessing treatment. Addressing these challenges requires capacity building in pediatric surgery, establishing referral networks for complex cases, and raising awareness about available treatment options."
7ce3c38e36e869ed0b5ef9186aa165683f9efe5f06901f43e39a3988d779c635,train,train,crowdsourced,NG,,504,What cultural factors influence the decision-making process regarding end-of-life care and advance directives in African communities?,"Cultural factors such as beliefs about death and dying, family dynamics, religious beliefs, and traditional healing practices can influence decisions regarding end-of-life care and advance directives in African communities. Some families may prioritize keeping the patient at home surrounded by loved ones, while others may prefer aggressive medical interventions. Discussions about end-of-life care may also be influenced by taboos surrounding death and cultural norms regarding autonomy and decision-making."
f248659ab318b3ed908a6c8e8fb4829dd9b0345181514ded5d7f0d81e9015e03,train,train,crowdsourced,NG,,505,What are the challenges in providing obstetric care for adolescents in African countries compared to developed nations?,"Adolescent pregnancies in African countries often face stigma, limited access to prenatal care, and higher risks of complications such as obstetric fistula. Comprehensive sexual and reproductive health education and youth-friendly services are essential."
c0b299f4b464107ce65ddaab5c47ce7ed545f986a90d158b7fb7b98a5107fffa,train,train,crowdsourced,NG,,506,How does the burden of infectious diseases like tuberculosis and HIV/AIDS affect healthcare systems and workforce capacity in African countries compared to developed nations?,"The high burden of infectious diseases places strain on healthcare systems and workforce capacity in African countries, leading to challenges in providing quality care and addressing other health priorities."
c3156d2bbb3dee8845b602f6be49f087e7272acc120ba9ddd987e023f2334f14,train,train,crowdsourced,NG,,507,What are the unique challenges in managing asthma in Africa?,"Challenges include limited access to inhalers and other medications, poor awareness of the disease, and exposure."
6a1373cccf2561fefd4f926b5dc4329b01441d47b852d22e48b27aeb2a1bcd99,train,train,crowdsourced,NG,,508,"How do cultural beliefs and social norms surrounding childbirth impact maternal healthcare utilization and birth outcomes in indigenous communities in Central Africa, and what strategies can promote culturally sensitive maternity care?","Cultural beliefs and social norms influence maternal healthcare utilization and birth outcomes in indigenous communities in Central Africa, affecting decisions about delivery location, attendance by skilled birth attendants, and postnatal care practices. Promoting culturally sensitive maternity care requires engaging community leaders, training healthcare providers in cultural competency, and integrating traditional practices into maternity services."
38b369e975abfef8dfe0f6637149935241326e95719b006947cc0a8ed05c9d2e,train,train,crowdsourced,NG,,509,What are some traditional remedies used in African cultures for treating illnesses?,"Traditional remedies include herbal concoctions, rituals, and spiritual healing practices."
2d0459d882ee9fbb48f50a8e48d612bf9aedddb5338c0d79d82e2ed54d1465a4,train,train,crowdsourced,NG,,510,What is the first-line treatment for uncomplicated strongyloidiasis in non-pregnant women in Africa?,Oral ivermectin is the first-line treatment for uncomplicated strongyloidiasis in non-pregnant women in Africa due to its effectiveness in killing Strongyloides stercoralis larvae and adult worms. Treatment should be administered under medical supervision and monitored for potential adverse effects.
45af55fce7a7b7f37257705b9d330b2e10a00ba90cd48cf60241a46d3da6824b,val,train,crowdsourced,NG,,511,What are common occupational health hazards in Africa?,"Agricultural work, mining, and exposure to hazardous chemicals are common occupational health hazards in Africa."
33c117afc1d1a6044894b48c9e0c7002f64b5dd51e6acc993734143cc7e47a0e,val,train,crowdsourced,NG,,512,What is a common cause of anemia in African populations?,Iron deficiency anemia is prevalent in African populations due to factors such as poor nutrition and high rates of parasitic infections like malaria and hookworm.
5c37d7bdb19d10c63008fabbac9cbeb1cc7c038a177205c8f99e6234d79e7f01,val,train,crowdsourced,NG,,513,What are the challenges in diagnosing and managing rhinocerebral mucormycosis in African populations?,"Challenges include late presentation, limited access to diagnostic imaging and antifungal medications, and lack of awareness about the disease."
9b2de6fb690462f81814a7711b52811396cd264721b6225dc7648ff15a0f48c5,val,train,crowdsourced,NG,,514,Discuss the impact of food insecurity on health outcomes in African populations.,"Food insecurity leads to malnutrition, micronutrient deficiencies, stunted growth, impaired cognitive development, and increased susceptibility"
49c460f141cca6d561e1dec3bc853af6c8ef8177fe8fcbf5fbb26978734f2eb2,val,train,crowdsourced,NG,,515,What is the primary cause of heart failure in elderly African individuals?,"Hypertension is the primary cause of heart failure in elderly African individuals, contributing to left ventricular hypertrophy, diastolic dysfunction, and systolic impairment. Other risk factors include coronary artery disease, diabetes mellitus, valvular heart disease, and lifestyle factors such as obesity and physical inactivity."
7b09507045f5e7475ee4acb1cbbbb88e7eb5a3affd76328649ddf5e6a807fed1,val,train,crowdsourced,NG,,292,What are the unique challenges in managing tuberculosis in Africa?,"Challenges include limited access to healthcare, poor adherence to treatment, and high rates of drug resistance, leading to higher rates of treatment failure and transmission."
5b0305da4eb42b5ae1ff1f7ca685a7e68a88fac175290543926ed6392ec7aa47,train,train,crowdsourced,NG,,516,How do certain African communities traditionally address menopause symptoms?,"Traditional methods for managing menopause symptoms in Africa may involve using herbs like black cohosh, dong quai, and red clover, as well as engaging in practices like yoga and meditation to promote hormonal balance and overall well-being."
00303e6f2bc2ff2a9654b40369e45a39e624863545df538606cc157432643773,train,train,crowdsourced,NG,,517,neglected eye conditions like trachoma and onchocerciasis impact visual health and quality of life in African communities compared to regions with better access to eye care services?,"Neglected eye conditions contribute to visual impairment, blindness, and reduced quality of life in African communities due to limited access to eye care services, preventative measures, and treatment options."
75afe24b7cab4db582f921f25ad3287ffa911a01ee6d3bba413ca3d3531464a2,train,train,crowdsourced,NG,,518,What is the recommended first-line treatment for uncomplicated malaria in Africa?,Artemisinin-based combination therapies (ACTs) are the recommended first-line treatment for uncomplicated malaria in Africa due to their high efficacy and ability to rapidly clear the parasite.
874a68040654a5814860a526224200559a71b00d32c40627d4422ef416fbbf17,train,train,crowdsourced,NG,,519,What is the primary mode of transmission for HIV/AIDS in Africa,"In Africa, HIV/AIDS is primarily transmitted through unprotected sexual intercourse, although transmission can also occur through contaminated blood transfusions, needle sharing among injection drug users, and from mother to child during childbirth or breastfeeding."
7fa3cfd12fcffb4ee0bfb639562c613eeaf184170173f71cbd9971ebb58aa200,train,train,crowdsourced,NG,,520,What is the leading cause of preventable blindness in sub-Saharan Africa?,"Cataract is the leading cause of preventable blindness in sub-Saharan Africa
Cataract, a clouding of the eye's lens, is the main reason people in sub-Saharan Africa become blind in a way that could have been prevented.
Several studies from different countries in this region consistently found that cataract accounts for 35-50% of all blindness cases that could have been avoided with proper treatment.
The high rates of cataract-related blindness are due to limited access to cataract surgery services, poverty preventing people from getting treatment, and lack of awareness about the importance of treating cataracts.
Environmental factors like excessive sun exposure and poor nutrition also increase the risk of developing cataracts in sub-Saharan Africa.
More comprehensive eye care programs, community education, and addressing socioeconomic barriers are needed to reduce the burden of preventable blindness caused by cataracts in this region."
333434d86f89d34b6bf447bef4c1e32ee6591b8c286e7a2d17ff4f724377631a,train,train,crowdsourced,NG,,521,How do traditional African beliefs about menstruation impact women's health and well-being?,"Traditional beliefs about menstruation may include taboos, restrictions, and rituals that can affect women's access to menstrual hygiene products, education about reproductive health, and their overall physical and emotional well-being."
fbc3b0e7340d859ec43ff4a2dd9a04827d9bf6e185b465eb88206bcc50e7ca52,train,train,crowdsourced,NG,,522,Which condition is characterized by the abnormal enlargement of the breast tissue in African men and is often associated with hormonal imbalances?,"Gynecomastia is characterized by the abnormal enlargement of the breast tissue in African men, resulting from hormonal imbalances between estrogen and testosterone levels. Common causes include pubertal hormonal changes, medication side effects, and underlying endocrine disorders."
36e959cba78403a6a56da2b6a8daaabce656ef3a0083e8c40c71a61db5a88072,train,train,crowdsourced,NG,,523,How does the lack of access to electricity impact healthcare delivery and medical equipment functionality in rural African clinics?,"The lack of electricity in rural clinics affects the availability of essential medical services, vaccine storage, and the functionality of medical equipment such as refrigerators and sterilizers."
913d108cb42beb8c4dea7e3f08b61049f2c817b558a238969cb2c9c0e6c2233f,train,train,crowdsourced,NG,,524,How does the reliance on traditional healers impact healthcare-seeking behavior and treatment adherence among rural populations in Africa?,"The reliance on traditional healers may delay access to modern healthcare services and lead to non-adherence to prescribed treatments, particularly in cases where traditional practices conflict with medical advice."
e8602f102968cc79548c7751cb68263ef18272aece434755df235f5e696f0ac5,train,train,crowdsourced,NG,,525,How do African communities traditionally address infant teething discomfort?,"Traditional methods for managing infant teething discomfort in Africa may involve rubbing the gums with a mixture of salt and shea butter, giving herbal teas made from plants like licorice root or chamomile, or using teething necklaces made from natural materials."
73b42ef6c5db88fc6151d88c203fe7c63f5891059ad5108a2d61f88bf830e61c,train,train,crowdsourced,NG,,526,How does the prevalence and management of mental health disorders differ between regions with high and low rates of exposure to conflict and humanitarian crises in African countries compared to developed nations?,Regions with high rates of exposure to conflict and humanitarian crises in African countries may have higher rates of mental health disorders due to trauma and displacement. Integrating mental health services into humanitarian response and community-based psychosocial support are essential for addressing mental health needs.
0d903d590628d2d2086f259ddf8b3137740eabd40a04c991c85ed56c50850f78,val,train,crowdsourced,NG,,527,What is the primary method used for diagnosing hereditary hemochromatosis in Africa?,"Genetic testing for mutations in the HFE gene is the primary method used for diagnosing hereditary hemochromatosis in Africa, particularly in individuals with a family history of the condition or unexplained iron overload."
3e640d0c29ffbbaa4d6f5739964671ba26dd5dbb083459c94010e3917be969f9,train,train,crowdsourced,NG,,528,What traditional African remedy is used to manage symptoms of gingivitis?,Chewing on fresh neem leaves (Azadirachta indica) or using neem twig brushes for oral hygiene is a common practice in Africa to reduce inflammation and alleviate symptoms of gingivitis.
5c9077a9010606a895a719cf5d940404994163210218920ab68c41d5c518599e,train,train,crowdsourced,NG,,529,What is the primary cause of falls and fractures in elderly African individuals?,"Age-related changes in balance, gait, and musculoskeletal function are the primary causes of falls and fractures in elderly African individuals. Other contributing factors include visual impairment, cognitive impairment, polypharmacy, environmental hazards, and comorbid conditions such as osteoporosis and Parkinson's disease."
260f2783dcf8ec80a48dca0a73f809fad3da947aa219d38bbc10953d2e108a60,train,train,crowdsourced,NG,,530,What are the common causes of epistaxis in African populations?,"Common causes include trauma, hypertension, and infectious diseases like malaria and typhoid fever."
334cdd6c3a2ee6a52bbfcc3ade3d0c8b75e19ba13a50b51496f954f2575c9cb6,train,train,crowdsourced,NG,,531,How does the prevalence and management of cervical cancer differ between regions with high and low HPV vaccination coverage in African countries compared to developed nations?,Regions with low HPV vaccination coverage in African countries may experience higher rates of cervical cancer due to limited access to screening and treatment services. Integrated cervical cancer prevention programs are essential.
62873b5a1749455e1a707583c38a7b94406bff1bacde2552d710d5e562b9187b,val,train,crowdsourced,NG,,532,What are the primary risk factors for liver cancer in Africa?,"Primary risk factors include chronic infection with hepatitis B or C virus, aflatoxin exposure (from contaminated food), excessive alcohol consumption, and genetic predisposition."
f707c5639746cd2d822ba8e7c4c681c8e1cb62ab989ef2a40edbe7493f1bff15,train,train,crowdsourced,NG,,533,What traditional practices are associated with newborn care in African cultures?,"Practices such as umbilical cord care, infant massage, and naming ceremonies are commonly associated with newborn care in African cultures."
ecee325e5c7aead232d19f5fcc575e8e00d17c14b4463e227fb6326d0afa1c8b,train,train,crowdsourced,NG,,534,"How does the prevalence of vector-borne diseases, such as dengue fever and Zika virus, vary across different regions of Africa?","Vector-borne diseases are influenced by factors such as climate, ecology, and human behavior, leading to varying prevalence rates in different regions of Africa."
0f11cf5633424a74bd9dddbe2f3f973818137fdfd751544046163f6e52281ecb,train,train,crowdsourced,NG,,535,What are some indigenous African remedies for relieving menstrual cramps?,"African women often use herbal teas made from plants like ginger, cinnamon, or dong quai, or massage techniques using oils like coconut or castor oil to relieve menstrual cramps."
88d0a911a6d7b713f4a53d83607495180d1f4a8d4d4897379bf7260ca707070d,train,train,crowdsourced,NG,,536,What are the unique challenges in managing HIV/AIDS patients in rural African settings compared to urban areas in developed countries?,"In rural African settings, limited access to healthcare infrastructure and resources make consistent treatment and monitoring difficult for HIV/AIDS patients"
2ce555fa02997a0ace4c793400e46f9eaef3ecb429e3e224842d2304fedeee58,train,train,crowdsourced,NG,,537,What are the primary modes of transmission for HIV/AIDS in Africa?,"In Africa, HIV/AIDS is primarily transmitted through heterosexual contact, followed by mother-to-child transmission, and intravenous drug use to a lesser extent."
4c219003ce6fe9e00e9807f74ca6abad2a68253ff058c5d3f21043e79a19bea3,train,train,crowdsourced,NG,,538,Which virus is responsible for causing the majority of cervical cancer cases in Africa?,"The virus responsible for causing the majority of cervical cancer cases in Africa Human papillomavirus (HPV).
The reason HPV is the primary cause of cervical cancer in Africa is because HPV infection, particularly with high-risk strains such as HPV-16 and HPV-18, is a well-established risk factor for the development of cervical cancer. HPV is a sexually transmitted infection that infects the cells of the cervix, leading to cellular changes that can progress to cervical cancer over time. In Africa, where access to HPV vaccination and cervical cancer screening is limited in many regions, HPV infection is a significant public health concern and a leading cause of cervical cancer mortality. Therefore, prevention strategies such as HPV vaccination and cervical cancer screening are essential for reducing the burden of cervical cancer in Africa."
d7cc388a4496024330774b46d201ba98952966c10533820a13442b4549500043,train,train,crowdsourced,NG,,539,Discuss the challenges in addressing mental health issues in African communities.,"Challenges include stigma surrounding mental illness, limited access to mental health services, shortage of mental health professionals, and cultural beliefs about the causes of mental illness."
c4f7589f79c400116aa7a03e5e1c4346f9fbe042134fe11d6960388aedf58c82,val,train,crowdsourced,NG,,311,Discuss the challenges and strategies for preventing mother-to-child transmission of HIV in African settings with limited resources.,"Preventing mother-to-child transmission (PMTCT) of HIV in African settings with limited resources faces several challenges, including inadequate healthcare infrastructure, limited access to antenatal care, stigma, and discrimination. Additionally, socioeconomic factors such as poverty, lack of education, and gender inequality contribute to the complexity of PMTCT efforts.
Strategies for overcoming these challenges include:
1. Integration of PMTCT services into existing maternal and child health programs to improve access and uptake.
2. Implementation of Option B+ (lifelong antiretroviral therapy for all pregnant and breastfeeding women living with HIV) to simplify treatment regimens and improve adherence.
3. Strengthening of health systems to ensure availability of HIV testing, antiretroviral therapy, and infant feeding counseling.
4. Community engagement and mobilization to reduce stigma, promote HIV testing, and support adherence to treatment and follow-up care.
5. Task shifting and training of non-physician healthcare workers to provide PMTCT services, expanding service delivery capacity.
6. Collaboration with international partners and donors to secure funding and technical assistance for PMTCT programs."
07e993f984d34e554d23c8e090452e0ce396e95e545076a0ab1f2a84b28ebd7f,train,train,crowdsourced,NG,,540,What indigenous African plant is used to manage symptoms of varicose veins?,Drinking tea made from dried leaves of the horse chestnut tree (Aesculus hippocastanum) or consuming horse chestnut supplements is believed to help improve blood circulation and alleviate symptoms of varicose veins in Africa.
23719713a4e50cf6cec48ce16e892e990e5bf7b57b1d8b6cd3589ef31c6a104e,train,train,crowdsourced,NG,,75,What is the recommended first-line treatment for uncomplicated acute exacerbation of asthma in adults in Africa?,"Inhaled short-acting beta agonists (SABAs) such as albuterol or salbutamol are the recommended first-line treatments for uncomplicated acute exacerbation of asthma in adults in Africa, with consideration for inhaled corticosteroids in severe cases."
52945ce7fde5aa96d77ec24d91fa49e1d450c3e9838e4929ba754e4f4f4fb2a5,train,train,crowdsourced,NG,,541,What are the challenges in diagnosing and treating non-communicable diseases (NCDs) such as diabetes and hypertension in African populations compared to developed countries?,"Limited access to healthcare facilities, diagnostic tests, and medications, as well as cultural beliefs and dietary habits, contribute to poor NCD management in Africa. Community-based screening and"
c4d5b78941dc38d722f7c50cecb48a38b865293522604a43902a211c204ab0a2,train,train,crowdsourced,NG,,542,"What role do traditional healers play in the healthcare system of African communities, and how does it differ from the role of complementary and alternative medicine practitioners in Western societies?","Traditional healers are often primary healthcare providers in African communities, integrating cultural beliefs and practices into their healing modalities, while complementary and alternative medicine practitioners in Western societies typically operate within the conventional healthcare system."
06633a88cb7a1e2c49b6d381241b80382c5e42f4c96b8e80f33df833a7981140,train,train,crowdsourced,NG,,156,What is the recommended first-line treatment for severe anemia due to schistosomiasis in Africa?,"Praziquantel is the recommended first-line treatment for schistosomiasis-related severe anemia in Africa. This anthelminthic medication is effective against all Schistosoma species and helps to reduce parasite burden, thus alleviating anemia."
ba991b2ee310c48070807448808c74d5ac6e44ef32776fed8fb2c8681c39514c,val,train,crowdsourced,NG,,543,What is the leading cause of death from infectious diseases in Africa?,"Leprosy, also known as Hansen's disease, is a neglected tropical disease caused by the bacterium Mycobacterium leprae. The disease primarily affects the skin, peripheral nerves, and mucous membranes, leading to disfiguring skin lesions, nerve damage, and deformities if left untreated. Leprosy is endemic in several African countries, particularly in West and Central Africa."
2c8931af0599764c3e2f7ae3553b6a4bf7ce9012cf43c398259c88697b48c7d9,train,train,crowdsourced,NG,,544,What is the primary cause of death from tuberculosis (TB) in Africa?,"HIV/AIDS is the primary cause of death from tuberculosis (TB) in Africa, as it weakens the immune system and makes individuals more susceptible to TB."
f0fe984885dad918f8f7b083a6bc62c212bdca32e00619036269be4b57627682,train,train,crowdsourced,NG,,545,Discuss the impact of vaccine-preventable diseases on childhood mortality in Nigeria and strategies for improving vaccine coverage.,"Vaccine-preventable diseases contribute significantly to childhood mortality in Nigeria, including diseases like measles, polio, and pneumonia. Strategies for improving vaccine coverage include strengthening routine immunization programs, conducting periodic vaccination campaigns, enhancing surveillance systems for vaccine-preventable diseases, community engagement and education, and addressing barriers to vaccine access and acceptance."
f86f2ab226ebcd0f2246a82158c1d15b13ee82be1378d387b05a8a041e4469cb,train,train,crowdsourced,NG,,546,What traditional remedies are used for treating respiratory infections in African cultures?,What are common herbal remedies used for managing diabetes in Africa?
3ac9bda1a85839853f2e83cf0200e39f735bc28c961095bf5acf46345fdab2b4,train,train,crowdsourced,NG,,547,Describe the histopathological changes observed in African trypanosomiasis affecting the central nervous system,"African trypanosomiasis affecting the central nervous system presents with meningoencephalitis characterized by perivascular cuffing, microglial nodules, and neuronal degeneration. Presence of Trypanosoma brucei organisms within the parenchyma or perivascular spaces may also be observed."
081af2b8179cb704e5b5b2a0b9d824df498d1dbda894359a367f867736feb2a1,val,train,crowdsourced,NG,,137,What is the most common cause of anemia in children under five years of age in Africa?,"Iron deficiency anemia is prevalent among children under five in Africa due to factors such as poor nutrition, limited access to iron-rich foods, and high rates of infectious diseases like malaria and helminth infections, which can exacerbate iron loss and impair iron absorption."
3b01762a3ee77b95cedd6f56eb9c8ecb797514c6c5d3b314d532c0d2bacd8345,train,train,crowdsourced,NG,,548,How do African cultures traditionally support breastfeeding mothers?,"In many African cultures, breastfeeding mothers are supported with traditional foods like pap (maize porridge) or millet porridge, herbal teas, and massages to promote lactation and overall well-being."
2ca42aed1bfe38047458d633ff5dbf2d742763aa91372d34a46e498f73442985,train,train,crowdsourced,NG,,321,How can communities address the prevalence of neglected tropical diseases (NTDs) in Africa?,"Strategies may include mass drug administration programs, vector control measures, and health education campaigns to raise awareness about prevention and treatment."
d351f52209bd227a88ca1c702f5ffa16b02850f1c84faaab020392e4181ba181,train,train,crowdsourced,NG,,549,How does the availability and accessibility of mental health resources vary between urban and rural areas in African countries?,"In urban areas, there may be more mental health facilities, trained professionals, and support services available compared to rural areas. However, urban populations may also face challenges such as long waiting times, high costs, and stigma associated with seeking mental health care. In contrast, rural areas often have fewer mental health resources, limited access to specialized care, and barriers related to transportation and distance from healthcare facilities"
f0f50299339dbde6079f1d2867a8c8b4767d531bdf5f20542989425ef83dfe8e,train,train,crowdsourced,NG,,550,What local practices are used in Africa for promoting healthy skin?,"Africans often use shea butter, black soap made from plantain skins, and oils like coconut or argan oil for skincare, along with herbal masks made from ingredients like turmeric or honey."
1cb1c81b196f79fa605d861b6f64d5313edcfaf645445e6e0f8d52e4341c156c,train,train,crowdsourced,NG,,87,"How does the prevalence of hypertension in Africa compare to other regions, and what are the contributing factors?","Hypertension is highly prevalent in Africa, with rates exceeding those in many other regions. Contributing factors include genetic predisposition, dietary habits (such as high salt intake), obesity, and limited access to healthcare."
7998e31b747160efc26a8138214ee5860533ad6408b1d2f1fabe124e19160335,train,train,crowdsourced,NG,,551,How does limited access to healthcare impact surgical outcomes in Africa?,"Limited access to healthcare in Africa leads to delayed diagnosis and treatment, resulting in more advanced disease presentation, higher rates of complications, and poorer surgical outcomes."
b60743ba0fb8a06fdc89bfcc2741fc54a40fc5cc70512e95a2074645ec0ed8ac,val,train,crowdsourced,NG,,552,"What are the barriers to HIV testing and counseling among key populations, such as men who have sex with men, in African countries?","Barriers include stigma, discrimination, criminalization of same-sex behavior, and limited access to confidential and culturally competent HIV testing and counseling services."
20b2a8b26208e166ae67941e9918e611fc5d897773e9e17d81220194821155ea,train,train,crowdsourced,NG,,553,What are the challenges in providing care for individuals with HIV/AIDS in prisons and correctional facilities in African countries compared to developed nations?,"Limited access to HIV testing, antiretroviral therapy, and healthcare services pose challenges in providing care for individuals with HIV/AIDS in prisons and correctional facilities in African countries. Integrated HIV services and harm reduction programs are essential for addressing the HIV epidemic in these settings."
649fd90ef6dac9341202da7077e3be4ae27122516c7f7306974c3947da43724e,train,train,crowdsourced,NG,,554,What indigenous African plant is used to manage symptoms of heartburn?,Drinking tea made from crushed leaves of the rooibos plant (Aspalathus linearis) or chewing on rooibos leaves is believed to help alleviate heartburn symptoms in some African cultures.
24f6e973aa79fc92be7a573c030645b92e937a595d6d1ba171a91da7843f854a,train,train,crowdsourced,NG,,555,"In African communities, which bone is commonly affected by osteomalacia, especially in individuals with limited sunlight exposure or malabsorption syndromes?","The pelvis, prone to osteomalacia in African patients with limited sunlight exposure or malabsorption syndromes, requires vitamin D supplementation for prevention and management."
13b885b7aa5c205d91d4f653e30ba2d63e06a0b292abeaa1fcc61c3ed9c65b36,train,train,crowdsourced,NG,,556,What is the most common etiology of acute viral hepatitis in Africa?,"Hepatitis E virus (HEV) is the most common etiology of acute viral hepatitis in Africa, particularly in regions with poor sanitation and hygiene."
a09f67794c50517ebe85cb8b3574c3c046be79bb2e67cf55b55e1ad84910823f,val,train,crowdsourced,NG,,557,"A 30-year-old man in a remote African village presents with intermittent fever, severe headaches, and muscle pains. He also reports feeling weak and lethargic, with occasional confusion. His occupation involves herding cattle, and he often sleeps in the open. Given his symptoms and context, what is the most likely diagnosis, and what initial diagnostic test should be conducted?","Correct Answer: African Trypanosomiasis (Sleeping Sickness); Conduct a blood smear to identify Trypanosoma parasites.
Rationale/Reasoning:
African Trypanosomiasis, or Sleeping Sickness, is caused by the Trypanosoma parasite and transmitted through the bite of an infected tsetse fly. This condition is prevalent in certain parts of Africa, particularly in rural or remote areas where tsetse flies are common."
e4140e1d17641ff53f5d85f14e84590eb429e621fe923ca03e268c0a46132b32,train,train,crowdsourced,NG,,558,How does the presentation of acute otitis media differ in African populations compared to other regions?,Acute otitis media in African populations may present at a more advanced stage due to delays in seeking medical care and limited access to antibiotics.
9869f5d1813a807aa32c8c67ca93c5cab766095a979e3edb0d28aae1d82f7765,train,train,crowdsourced,NG,,559,What strategies are most effective in combating antibiotic resistance in African healthcare settings with limited resources?,"Strategies such as antimicrobial stewardship programs, infection prevention and control measures, and targeted antibiotic use are crucial in combating antibiotic resistance in African healthcare settings."
8e1dd26dc8eafd2fe8af86aa9348a71346f1fdc938605ae826e2795e82fdc44d,train,train,crowdsourced,NG,,158,What is the recommended first-line treatment for uncomplicated trichuriasis in children in Africa?,"Mebendazole is the recommended first-line treatment for uncomplicated trichuriasis in children in Africa due to its safety and effectiveness in killing Trichuris trichiura, the causative helminth. Treatment should be administered under medical supervision and monitored for potential adverse effects."
81b5421345b8e6cf28b2b7dea466b18cb053021d8586846a9de5c50af5130ffb,train,train,crowdsourced,NG,,560,"What are the common causes of neck masses in African populations, and how can they be managed?","Common causes include infectious diseases like tuberculosis and HIV/AIDS, as well as benign and malignant tumors. Management depends on the underlying cause and may include antibiotics, antitubercular therapy, or surgery."
08aa5f7fb38142e1730f05962da9d0be349143803f088e0606c07299b61accd5,train,train,crowdsourced,NG,,561,Describe the histopathological findings in African cases of endemic filarial elephantiasis affecting the lymphatic system.,"African cases of endemic filarial elephantiasis affecting the lymphatic system often show lymphedema, chronic inflammation, and fibrosis of lymphatic vessels and surrounding tissues. Histopathological examination may reveal dilated lymphatic channels filled with lymphatic fluid, fibrous tissue proliferation, and lymphocytic infiltrates."
45dcc88ae7209660b6f43587ef13eba9fb253b4ec63c4c107d011633f234c8a5,train,train,crowdsourced,NG,,562,How do cultural beliefs influence healthcare-seeking behavior in Africa?,"Cultural beliefs may influence healthcare-seeking behavior, leading some individuals to prefer traditional healers or home remedies over modern medical care."
86a6bd57323533c7d2be85f6e6a60a43eb7b1a959492760ea4e9cc12ed4e261c,train,train,crowdsourced,NG,,563,What is the most common type of malaria parasite found in Nigeria?,"Plasmodium falciparum.
Reason: Plasmodium falciparum is the predominant species of malaria parasite in Nigeria, accounting for over 90% of malaria cases. It is associated with more severe disease and higher mortality rates compared to other Plasmodium species."
c5ac0addd03cf1664a731d3199758ea90e4e4c10abc3807c3b7dd84ab87f25a1,train,train,crowdsourced,NG,,564,Which endemic infection in Africa is associated with the development of chronic hemolytic anemia and jaundice?,"Leptospirosis, caused by Leptospira bacteria transmitted through contact with contaminated water or soil, is associated with the development of chronic hemolytic anemia and jaundice in some cases in Africa."
00d7abcd2cf889744655849fa558c404e94017593c793bd9c92b7ac267d45e95,train,train,crowdsourced,NG,,565,What histopathological features characterize African cases of endemic scabies affecting the skin?,"African cases of endemic scabies affecting the skin typically show epidermal hyperplasia, parakeratosis, and the presence of mites, eggs, or fecal pellets within the stratum corneum or burrows. Histopathological examination may reveal spongiosis, exocytosis, and a mixed inflammatory infiltrate composed of lymphocytes, eosinophils, and neutrophils."
005362971d7e961396a57857a88c37f6a8c13cfb6d20f1884ac4eaa07bb4ae36,train,train,crowdsourced,NG,,566,Discuss the challenges and strategies for preventing and managing complications of female genital mutilation/cutting (FGM/C) in African communities.,"In African communities, preventing and managing complications of female genital mutilation/cutting (FGM/C) presents multifaceted challenges deeply rooted in cultural norms, lack of awareness, and limited access to healthcare. FGM/C, often perpetuated as a rite of passage or cultural tradition, faces resistance to change due to entrenched beliefs and social pressure to conform. Despite efforts to legislate against the practice, enforcement remains inconsistent, leaving many girls and women vulnerable to its harmful effects.
Addressing these challenges requires a comprehensive approach that combines education, legislation, healthcare provision, empowerment, advocacy, and community engagement. Community education programs play a crucial role in raising awareness about the health risks and human rights violations associated with FGM/C, challenging harmful beliefs, and promoting alternative rites of passage that respect girls' well-being. Legislation banning FGM/C serves as a deterrent, but it must be coupled with community-led initiatives to change social norms and attitudes towards the practice.
Access to healthcare services is essential for preventing and managing complications of FGM/C, including medical treatment for physical complications, psychological support, and reproductive health services. Empowering women and girls to speak out against FGM/C, advocating for their rights, and engaging community leaders in dialogue are key strategies for driving change from within communities. Additionally, fostering community-led initiatives and research to better understand the prevalence and consequences of FGM/C are critical for informing targeted interventions and measuring progress towards abandonment.."
3bfc222cef1e00904069ec81a51201c509c2fa224e62ae632e4b0bbf67ea2f93,train,train,crowdsourced,NG,,567,"How does the prevalence and management of tuberculosis (TB) differ among urban informal settlements and refugee camps in East Africa, and what strategies can improve TB control in these settings?","Urban informal settlements and refugee camps in East Africa experience high rates of tuberculosis (TB) due to overcrowding, poor ventilation, and limited access to healthcare services. TB control in these settings requires active case finding, contact tracing, and provision of directly observed therapy to improve treatment outcomes.Question: What are the"
f688bd064ae09b6071e206dac8972d1bdcb5b6c9da322ea080506cfa979a9a6e,train,train,crowdsourced,NG,,568,"What are the main causes of maternal mortality in Africa, and how do they differ from those in developed countries?","The main causes of maternal mortality in Africa include hemorrhage, hypertensive disorders, sepsis, and obstructed labor, often due to limited access to skilled birth attendants and emergency obstetric care."
6c95f73276a378dd7699753186ecf06c82e626b380cf097c72e3380e42419053,train,train,crowdsourced,NG,,569,What traditional African practice is used to alleviate symptoms of respiratory infections?,"Steam inhalation with herbal infusions, such as eucalyptus or mint, is a common practice in Africa to relieve respiratory infection symptoms."
9413aa6f20e5f32a7e05dba608baa895ab2e928d9999cf7272b62f8bb8a8987b,val,train,crowdsourced,NG,,29,What is the second leading cause of maternal mortality in Nigeria?,"Sepsis is the second leading cause of maternal mortality in Nigeria, accounting for approximately 15% of all maternal deaths. The condition is caused by an infection that can lead to shock, organ failure, and death if not treated promptly. Sepsis is a significant public health challenge in Nigeria, with inadequate access to healthcare, poor maternal health, and lack of skilled birth attendants being some of the contributing factors."
1cf32157aa9f806b22bbdd7a9e5ceb69b14c0f5ef26de90ede0c677ba860991b,train,train,crowdsourced,NG,,570,"In African populations, what bone is commonly affected by aneurysmal bone cysts, leading to bone pain and swelling?","The humerus, prone to aneurysmal bone cysts in African patients, requires appropriate management to alleviate symptoms and prevent complications."
b169647b802e3d200371c932d2317f35d20b5abad03e10afd03f2b24574d31a8,train,train,crowdsourced,NG,,571,What are some local remedies in Africa for managing high blood pressure?,"African communities may use herbs like hibiscus tea, African plum bark extract, or traditional concoctions made from garlic, ginger, and lemon to help manage high blood pressure."
c0ede6e37fb3c9ab95a62cf65ce46db2056cd2f62e542f84156d1dd9dc860eda,train,train,crowdsourced,NG,,572,How does the prevalence and management of leprosy differ between regions with high and low rates of social stigma and discrimination in African countries compared to developed nations?,Regions with high rates of social stigma and discrimination in African countries may have lower rates of leprosy case detection and delayed treatment seeking. Community-based awareness campaigns and stigma reduction initiatives are essential for leprosy control.
e28959cc0d36dbcbdc29e22c7a450024f59d1b0cf6de302ec47246d9687b6e0d,train,train,crowdsourced,NG,,573,"Among patients in Africa, what neurological disorder is linked to cerebrovascular accidents and may result in cerebellar ataxia and gait disturbances?","Cerebrovascular accidents, common in African populations, can lead to neurological sequelae such as cerebellar ataxia and gait disturbances, impacting mobility and function."
fa98be5572d46697b031c88bf6aaa3abd83d34381cc08382c7ca4624dabba545,train,train,crowdsourced,NG,,574,What are the key factors contributing to the high prevalence of malnutrition among rural populations in East Africa?,"Factors contributing to high malnutrition prevalence in rural East Africa include food insecurity, limited access to healthcare and education, climate change-related challenges, and conflicts."
f92c46480b8d57797f4c9d2bfd395742b735c7fd0bc4dad5395f01ab648062a3,train,train,crowdsourced,NG,,575,Which of the following is the first-line treatment for uncomplicated malaria in pregnant women in Africa?,"The first-line treatment for uncomplicated malaria in pregnant women in Africa is Artemether-lumefantrine (AL).
The reason artemether-lumefantrine (AL) is the first-line treatment for uncomplicated malaria in pregnant women in Africa is because it is one of the most effective and widely used artemisinin-based combination therapies (ACTs) recommended by the World Health Organization (WHO) for the treatment of malaria. AL combines artemether, an artemisinin derivative with rapid parasite clearance, and lumefantrine, a longer-acting partner drug that prevents recrudescence of malaria parasites. This combination therapy has demonstrated high efficacy in treating uncomplicated malaria caused by Plasmodium falciparum, the most prevalent malaria parasite in Africa. Importantly, AL is considered safe for use during pregnancy, including the first trimester, and is recommended as the preferred treatment option for uncomplicated malaria in pregnant women, helping to reduce maternal and fetal morbidity and mortality associated with malaria infection during pregnancy."
935ae8292c720585b6210143e61b5dd1c68545e28509b1daa5809633b5169418,val,train,crowdsourced,NG,,576,What is the recommended treatment for severe malaria in Nigeria?,"Intravenous artesunate, followed by a full course of ACT once the patient can tolerate oral medication.
Reason: Intravenous artesunate is the recommended treatment for severe malaria in Nigeria based on WHO guidelines, as it has been shown to reduce mortality rates compared to quinine. After stabilization, patients can complete their treatment with an oral ACT regimen to ensure complete parasite clearance."
109d49d981837db0cb65e62b68fe4c204b611009a89cfefb3d666fdcb472672d,train,train,crowdsourced,NG,,577,What is the primary cause of oral thrush in infants in Africa?,"Oral thrush in infants in Africa is primarily caused by Candida albicans, a fungal species commonly found in the oral cavity. Factors such as breastfeeding, immunosuppression, and antibiotic use can predispose infants to oral thrush infections."
18ac66506d4784fbc251eb7d4e844ac923fedc5bcec3a0a783b126ed9440cda6,train,train,crowdsourced,NG,,578,Which condition is characterized by chronic inflammation of the airways and is a common cause of dyspnea and exercise intolerance in elderly African individuals?,"Chronic obstructive pulmonary disease (COPD) is characterized by chronic inflammation of the airways, leading to progressive airflow limitation, dyspnea, cough, and sputum production in elderly African individuals. Tobacco smoking, biomass fuel exposure, and environmental pollutants are major risk factors for COPD development."
79441d1e357aff7ec56d9cb2e4c63da8093d282036e86e2504a64d7c84555088,train,train,crowdsourced,NG,,579,"What are the main factors contributing to the spread of antimicrobial resistance in healthcare settings across Africa, and how do they differ from developed countries?","Factors such as overprescribing of antibiotics, poor infection control practices, and limited access to quality healthcare contribute to the spread of antimicrobial resistance in African healthcare settings, compounded by challenges in surveillance and antibiotic stewardship programs compared to developed countries."
f9ba49143b5b7431603b6c05c31c4d8585224657ab04c2616408161d5d9598cd,train,train,crowdsourced,NG,,580,What local remedies are used in Africa for managing symptoms of irritable bowel syndrome (IBS)?,"Africans may use herbs like peppermint, ginger, and chamomile to help manage symptoms of IBS, as well as consuming foods rich in fiber and probiotics to support digestive health."
9eb495f0e016493d5ed399776c30fffd74a73ed5c3a4a1a494c55783f4c30681,val,train,crowdsourced,NG,,581,"What are the challenges in managing hypertension in African populations, and how do they differ from those in developed countries?","Challenges include limited access to healthcare, high cost of medications, lack of awareness, and cultural beliefs. Management focuses on lifestyle modifications and affordable medications."
cc1c40485095c14bb514e416197f3263e2083a3c9863ca22f43ea83c46ecd7b6,train,train,crowdsourced,NG,,47,Which endemic infection in Africa is associated with the development of hemolytic anemia and renal failure?,"Schistosomiasis, caused by Schistosoma parasites, is associated with the development of hemolytic anemia and renal failure in Africa, particularly in chronic cases where the parasites infect the kidneys."
bfc304acbb1868ece17b7f9eecf1f17339bfa2fd6c6e3c1a8a7530853fca8a02,train,train,crowdsourced,NG,,188,What is the recommended first-line treatment for uncomplicated cutaneous leishmaniasis in Africa?,Sodium stibogluconate is the recommended first-line treatment for uncomplicated cutaneous leishmaniasis in Africa due to its effectiveness in killing Leishmania parasites and promoting lesion healing. This pentavalent antimonial compound has been used for decades as a mainstay therapy for cutaneous leishmaniasis.
666df65d7867a0c934b7d30c4cab0fc492ebcda09481d8c38bc18ffd64132d72,val,train,crowdsourced,NG,,582,"Which disease, caused by a protozoan parasite, is transmitted through the bite of the tsetse fly and affects both humans and animals in Africa?","African animal trypanosomiasis, also known as nagana in animals and surra in camels, is caused by protozoan parasites of the genus Trypanosoma. It is transmitted through the bite of infected tsetse flies (Glossina species) and affects both humans and a wide range of domestic and wild animals in Africa, posing significant economic and health challenges in affected regions."
9dce3495e48082a44bd7b5c6bce29b2bc9a7f7a11a94c90a34010f1928cb2a76,val,train,crowdsourced,NG,,583,How do cultural beliefs about the causes of cancer influence prevention and treatment in African communities?,"Cultural beliefs about the causes of cancer, such as curses or supernatural forces, may influence prevention and treatment behaviors, leading to delays in seeking medical care or reliance on traditional healers."
2765d05713f25983347d6e3481f46a1adeb7e1bfb136d286e7e1637a2b80066a,train,train,crowdsourced,NG,,45,What is the recommended first-line treatment for uncomplicated lymphatic filariasis in Africa?,Diethylcarbamazine (DEC) is the recommended first-line treatment for uncomplicated lymphatic filariasis in Africa due to its effectiveness in killing microfilariae and reducing the burden of filarial infection. Mass drug administration (MDA) programs have been implemented to control and eliminate lymphatic filariasis in endemic areas.
a26481f1803321636587d4a8daa24eeba9badb66e4100202f942c38752ab2bb3,train,train,crowdsourced,NG,,584,How do African communities traditionally treat digestive issues like diarrhea?,"Traditional remedies for diarrhea in Africa may include drinking herbal teas made from plants like guava leaves, consuming fermented foods like yoghurt, or using charcoal to absorb toxins."
c1892ae0f57d866bd272f64560ff3a07f6f387ffb19e3c140e7a3881a1c3efe8,train,train,crowdsourced,NG,,585,How does the availability of essential medications differ between urban and rural healthcare facilities in Africa?,"Urban healthcare facilities in Africa generally have better access to essential medications compared to rural facilities, where stockouts and limited distribution networks are common."
90350d5cb712b0fbb8828146f20ea8c7fa2905333734b4b315a8b47a4be56341,train,train,crowdsourced,NG,,586,"In African populations, what nutrient deficiency is associated with impaired thyroid function and may result in developmental delays and goiter formation?","Iodine deficiency, prevalent in certain African communities, contributes to thyroid dysfunction, which can lead to developmental delays and goiter formation if not addressed."
5f54eea8c0b9effe10f516556ca5afb2fa09bf3a5311b58db72f20444ed474cd,val,train,crowdsourced,NG,,587,What are the challenges in providing mental health support for refugees and internally displaced persons (IDPs) in African countries compared to developed nations?,"Limited access to mental health services, trauma counseling, and social support systems pose challenges for refugees and IDPs in African countries. Integration of mental health services into humanitarian assistance programs is crucial."
af0a6bafb91cd46403e4a3f46f7bc209f3b0f293913582de66b70a44418745b9,train,train,crowdsourced,NG,,57,What is the primary cause of chronic kidney disease in Africa?,Chronic kidney disease in Africa is primarily caused by hypertension and untreated or poorly managed diabetes mellitus.
ef5197358781d8fef69c9efe4efba5d0aa181b9fb666add4f5241ebbf8d0d292,val,train,crowdsourced,NG,,29,What is the leading cause of maternal mortality in Africa?,"Postpartum hemorrhage is the leading cause of maternal mortality in Africa, highlighting the importance of timely access to obstetric care and skilled birth attendants."
924eeae9d9bc3b40f0b5fd95e8ff00f3c3d5c633700299cea36313561a35d43d,train,train,crowdsourced,NG,,588,What is the most common type of ovarian tumor in African women?,"Serous cystadenoma is the most common type of ovarian tumor in African women. These benign epithelial tumors arise from the surface epithelium of the ovary and are often asymptomatic, discovered incidentally on imaging studies or during surgery for unrelated conditions."
8b33dbd618936b2d61ebfa6904566e492043e24fc7893bfe10cc57ab6afc5e31,train,train,crowdsourced,NG,,589,What are some cultural practices related to infant feeding in certain African communities?,"Cultural practices related to infant feeding may include exclusive breastfeeding for a certain period, introducing complementary foods at specific ages, and rituals associated with weaning."
68a6d040df85ca8fc7055b6bc122f414e6b7a6129088b585b6621fc5fef3275e,train,train,crowdsourced,NG,,590,How does the infrastructure for emergency medical services differ between urban and rural areas in African countries?,"Urban areas typically have better-equipped emergency medical services, including ambulance systems and trauma centers, compared to rural areas where access to emergency care may be limited."
3909ca27ea744229fc164847f13d28d460ed3f80d6a793677355a6f0050b7124,train,train,crowdsourced,NG,,591,How can communities address the impact of gender-based violence on health in Africa?,"By implementing laws and policies to prevent and respond to gender-based violence, providing support services for survivors, and promoting gender equality and women's empowerment, communities can address the root causes of this issue."
d2cc6c5dcfb5f4a6bf687d783f9db1d73a6192c1bab686ae77d0d01652dce0f0,train,train,crowdsourced,NG,,168,What are the unique challenges in managing diabetes in Africa?,"Challenges include limited access to healthcare, high costs of medication, poor adherence to treatment, and a high prevalence of undiagnosed cases."
361a696d12aaef8e37fde1d637216ebc1535d56a96bcff3afaa566ec7afeee39,train,train,crowdsourced,NG,,592,Explain the impact of gender inequality on women's access to healthcare services in Africa.,"Gender inequality contributes to disparities in access to healthcare services, with women facing barriers such as financial constraints, lack of autonomy, limited decision-making power, and cultural norms that prioritize male health needs over female health needs."
7c133fb8cd924149ea9ed660e48a87c5be06899e02be9b0665167ff4e8d7a5b9,train,train,crowdsourced,NG,,190,What is the primary cause of visual impairment in adults in Africa?,"Uncorrected refractive errors, such as myopia, hyperopia, and astigmatism, are the primary cause of visual impairment in adults in Africa. Limited access to vision screening and corrective lenses contributes to the high prevalence of uncorrected refractive errors in the region."
cd1550391b7b3ecca7c21328ff8d4fdb9b0f496aa5990b8ef249a72deccc8fc6,train,train,crowdsourced,NG,,593,What are the social determinants of health that contribute to the high burden of maternal mortality in Africa?,"Factors such as poverty, lack of education, limited access to healthcare facilities, and cultural norms surrounding childbirth contribute to the high maternal mortality rate in Africa."
2d9c07a461d977017fd2d2171bc1631eb5075ce29d8ab38772ef2d22347d96b8,train,train,crowdsourced,NG,,594,"How does the prevalence of waterborne diseases, such as cholera, impact public health interventions and sanitation efforts in African regions?","Waterborne diseases strain healthcare systems, necessitating emergency response measures, improved water and sanitation infrastructure, and community health education to prevent outbreaks."
af95982697a093260ea3bde24628b83e729eeeb0be63ac2d81c526ea66d3d139,val,train,crowdsourced,NG,,595,What are the cultural beliefs and practices that affect the management of tonsillitis in African communities?,Some African communities believe that tonsillitis is caused by spiritual factors and may seek traditional healers before seeking medical treatment.
befee5853110323b4873f01c054dcf29b271dd703f9f3da33ebd10abbf7ad4b6,train,train,crowdsourced,NG,,596,Describe the histopathological changes observed in African cases of endemic periorbital and facial cellulitis caused by bacterial infections.,"African cases of endemic periorbital and facial cellulitis caused by bacterial infections typically exhibit dermal and subcutaneous inflammation with neutrophilic infiltrates, edema, and abscess formation. Histopathological examination may reveal necrosis, suppuration, and vascular congestion within affected tissues."
2e29b82709b3705c3fa5927790afede708fc67493108156832eccddd1165b53b,train,train,crowdsourced,NG,,304,What is the primary cause of chronic liver disease in adults in Africa?,"Hepatitis C virus (HCV) infection is the primary cause of chronic liver disease in adults in Africa, leading to progressive liver inflammation, fibrosis, and cirrhosis. Factors such as unsafe medical injections, blood transfusions, and intravenous drug use contribute to the high prevalence of chronic HCV infection in the region."
9997027533790d6635dddd5807822a9a5e7f05abc10bbbf253596d3cb9682ff6,train,train,crowdsourced,NG,,597,How does the lack of access to clean water and sanitation impact the incidence and management of diarrheal diseases in African communities?,"Inadequate access to clean water and sanitation facilities increases the incidence of diarrheal diseases, especially among children, necessitating improved infrastructure and hygiene practices."
ecbb746043241358e7064658d0e5fcc4b7c670e9478055ebdb5c69e8ddbe2426,train,train,crowdsourced,NG,,598,How do socioeconomic factors influence the prevalence and management of neglected tropical diseases (NTDs) in Sub-Saharan Africa?,"Socioeconomic factors such as poverty, inadequate sanitation, and lack of access to clean water contribute to the higher burden of neglected tropical diseases in Sub-Saharan Africa, affecting disease transmission, treatment compliance, and prevention strategies."
e3f174d27cfea58dbdc5b8785a2066f13d2b8fc651dfb25912399f831509a604,train,train,crowdsourced,NG,,599,Describe the histopathological changes observed in African cases of endemic cutaneous leishmaniasis affecting the skin.,"African cases of endemic cutaneous leishmaniasis affecting the skin typically exhibit granulomatous inflammation, with the presence of Leishmania amastigotes within macrophages or histiocytes. Histopathological findings may include ulceration, epithelioid cell granulomas, and mixed inflammatory infiltrates composed of lymphocytes, macrophages, and plasma cells."
3a773072d1432ebfe7ebf0afd3220e2161e6b28b875f9a579928eb2f574a0a44,train,train,crowdsourced,NG,,600,How do some African cultures manage symptoms of chronic sinusitis?,Nasal irrigation with saline solution or steam inhalation with eucalyptus oil is a traditional method used to alleviate congestion and reduce inflammation associated with chronic sinusitis in Africa.
2b9741c28de70c64d80e56ac6321a7dd3d8be02c9c63ba76a1b4d5e159a28cb3,train,train,crowdsourced,NG,,601,"What are common misconceptions about family planning in certain African communities, and how do they affect contraceptive use?",Misconceptions about the safety and efficacy of contraceptives can impact contraceptive use and family planning decisions.
b2aad9db062db25c7aaceeefc58a00c40df1bd985158f49721554ad3672e4c57,train,train,crowdsourced,NG,,602,What is the primary anthelmintic medication used for mass drug administration campaigns to control lymphatic filariasis in Africa?,"Albendazole is the primary anthelmintic medication used for mass drug administration campaigns to control lymphatic filariasis in Africa, often administered in combination with ivermectin or diethylcarbamazine."
c31e64164977c3e35a7a023adf75b69fa02c7e520e0bb08ef07f2296d191d081,train,train,crowdsourced,NG,,603,How does access to healthcare impact the prevalence and management of HIV/AIDS in rural African communities versus urban areas?,"In rural African communities, limited access to healthcare facilities and resources often leads to delayed diagnosis and treatment initiation for HIV/AIDS compared to urban areas where healthcare services are more readily available, resulting in higher prevalence rates and poorer management outcomes."
4227c2e3f91b70083c172c575142eee559557b2a0d1f416459ae1e9c64edae50,train,train,crowdsourced,NG,,604,What is the primary cause of infant mortality in Africa?,"Neonatal infections, including sepsis, pneumonia, and neonatal tetanus, are the primary cause of infant mortality in Africa. Factors such as inadequate healthcare infrastructure, poor sanitation, and limited access to maternal and child health services contribute to the high burden of neonatal infections in the region."
ccfda6d5d1c761eb04d6d20c12a4f1d686e109f257dab5596411494c4d502bee,train,train,crowdsourced,NG,,605,What is the primary cause of chronic obstructive pulmonary disease (COPD) in elderly African individuals?,"Tobacco smoking is the primary cause of chronic obstructive pulmonary disease (COPD) in elderly African individuals, leading to airway inflammation, bronchial hyperreactivity, and irreversible airflow limitation. Other risk factors include biomass fuel exposure, occupational dust, and genetic susceptibility."
08622f4621772a69752033800c19f309cf81b35c403908fed76673cc2249327e,train,train,crowdsourced,NG,,606,How does the prevalence of mental illness differ between urban and rural African communities?,"Mental illness prevalence may be higher in urban areas due to factors such as higher stress levels, social isolation, substance abuse, and limited access to mental health services compared to rural communities."
a038a50f52320e8a4f97e1d2040d9e52b546f99c139d43812efa7416f95d92c1,val,train,crowdsourced,NG,,607,What traditional African herb is used to manage symptoms of anxiety and stress?,"Kanna (Sceletium tortuosum), a succulent plant native to South Africa, is often chewed or brewed into a tea to alleviate symptoms of anxiety and stress."
8762c35252bc18b105366a5b5b77940c0cc150921cfd4c7fd4f6046697ee113f,val,train,crowdsourced,NG,,608,How can communities address the stigma surrounding mental health issues in Africa?,"By promoting awareness, education, and access to culturally sensitive mental health services, communities can help reduce stigma and improve support for those in need."
50d8f866db5d7fcb99dbc71fda40886a28c655d5cba6c98284c38f6eb4d787ad,train,train,crowdsourced,NG,,609,What is the most common cause of dementia in elderly African individuals?,"Alzheimer's disease is the most common cause of dementia in elderly African individuals, characterized by progressive cognitive decline, memory impairment, and functional decline. Neuropathological hallmarks include the accumulation of beta-amyloid plaques and tau neurofibrillary tangles in the brain."
aee2608f460c7743431451497e7722bd248d3ceaf17d6b7e0d5b3769e8e991d8,train,train,crowdsourced,NG,,610,"What is the primary mode of transmission for Lassa fever, a viral hemorrhagic fever found in West Africa?","The primary mode of transmission for Lassa fever, a viral hemorrhagic fever found in West Africa, is through contact with the urine, feces, saliva, or blood of infected rodents, particularly multimammate rats of the genus Mastomys. Human-to-human transmission can also occur through direct contact with blood or bodily fluids of infected individuals, making healthcare workers particularly vulnerable to infection. Lassa fever is endemic in several West African countries, with sporadic outbreaks occurring throughout the region."
c0994d24b0505bf8ff1b8fed742d5f7b0a262195e21f5668d0a2317038eaa228,val,train,crowdsourced,NG,,611,"Among African communities, what nutrient deficiency is commonly associated with beriberi and may require supplementation with thiamine-rich foods?","Thiamine deficiency, exacerbated by dietary factors prevalent in certain African regions, increases the risk of beriberi and necessitates thiamine supplementation for prevention."
885fddff6406ef51c92f4351f7a62ab00fdfa5b669315a75e6aa78c171aff2f9,train,train,crowdsourced,NG,,612,How do cultural attitudes towards breastfeeding impact infant nutrition and health outcomes in African communities?,Cultural norms promoting breastfeeding as the preferred feeding method can positively influence infant nutrition and reduce the risk of malnutrition and infectious diseases in African infants.
9acfee9d2f06ba98b5643fb0ea676bbe5f3722d44c92d5191772142bfa8705b7,train,train,crowdsourced,NG,,613,What is the primary cause of chronic respiratory disease in Africa?,"Indoor air pollution, primarily from the burning of biomass fuels for cooking and heating, is the primary cause of chronic respiratory disease in Africa. Exposure to smoke and particulate matter indoors contributes to respiratory infections, chronic obstructive pulmonary disease (COPD), and lung cancer."
0c7760557499f2ce62690ae4ce6c910f3a842dcaa2312afaa85112d7a9868c83,train,train,crowdsourced,NG,,614,What are the risk factors for cervical cancer in African women?,"Risk factors for cervical cancer in African women include lack of access to screening and vaccination programs, as well as high prevalence of human papillomavirus (HPV) infection"
a39cd9c8162672b52285387a2e9050670c1908752b118a63844324f8613f8e3f,train,train,crowdsourced,NG,,615,What is a common traditional remedy for wound healing in Africa?,Applying honey or shea butter to wounds is a common traditional remedy for wound healing in Africa.
3c4ae7d651211a8f81e64eb3e8649101df5b2fb2b0aa61531c002742b7433eeb,val,train,crowdsourced,NG,,616,What is the prevalence of tuberculosis (TB) in Africa?,"Africa has a high burden of tuberculosis, with many countries experiencing high rates of TB infection and drug-resistant strains."
77a380eadc0aeb4a1693d9c28878662d87a5279c494f5373f4b38eab7519b791,train,train,crowdsourced,NG,,617,Discuss the role of community health workers in combating infectious diseases in rural African communities.,"Community health workers play a vital role in combating infectious diseases in rural African communities by serving as frontline healthcare providers, educators, and advocates."
db463a06757a5e852ba0d3304d560330bf2142cdd30f08fd0bc51bfdcd9536e6,train,train,crowdsourced,NG,,618,What are some traditional remedies for malaria in Africa?,"Traditional remedies may include herbal teas made from plants like Artemisia annua (Sweet Wormwood) or Neem leaves, as well as the use of herbs like ginger and garlic."
58cd341935d6cb041ff8fee1a6189e84750eea7aebd1a36682fde975f53e897b,train,train,crowdsourced,NG,,619,What is the most common type of anemia in Africa?,"Iron-deficiency anemia
Reason: Iron-deficiency anemia is the most common type of anemia worldwide, including in Africa, due to inadequate dietary iron intake or increased iron requirements."
dad248969091068acd6b1d2e4f9a668cd226947424f15f69a218d4e3cad19641,val,train,crowdsourced,NG,,620,How does access to clean water impact health outcomes in rural Africa?,"Limited access to clean water in rural Africa contributes to the spread of waterborne diseases, malnutrition, and poor sanitation-related health issues."
31e716f27ec72e1e4f448e90dc563532537555983c428d033db1fc62dc68e345,train,train,crowdsourced,NG,,621,"Which disease, caused by the bacterium Mycobacterium tuberculosis, is a significant public health concern in many African countries?","Tuberculosis
Reason: Tuberculosis, caused by the bacterium Mycobacterium tuberculosis, is a significant public health concern in many African countries. It is a contagious disease that primarily affects the lungs but can also affect other parts of the body."
f92215ef7a374fcc4c52dd2e287b60148ba55d7c625912e3ff164ae277e0193f,val,train,crowdsourced,NG,,29,What is the second leading cause of neonatal mortality in Nigeria?,"Sepsis is the second leading cause of neonatal mortality in Nigeria, accounting for approximately 20% of all neonatal deaths. The condition is caused by an infection that can lead to shock, organ failure, and death if not treated promptly. Sepsis is a significant public health challenge in Nigeria, with inadequate access to healthcare, poor maternal health, and lack of skilled birth attendants being some of the contributing factors."
7a212ff61ddd7af62ace58f5f4d773c034c901da51aef95912fb52d1515e419c,train,train,crowdsourced,NG,,622,Which condition is characterized by the loss of central vision and is a leading cause of blindness in elderly African individuals?,"Age-related macular degeneration (AMD) is characterized by the loss of central vision due to degenerative changes in the macula, leading to drusen deposition, pigmentary abnormalities, and retinal atrophy in elderly African individuals. AMD can be classified as either dry (non-neovascular) or wet (neovascular) based on disease progression and angiographic findings."
8120169d82b83c00710d529f8fc4d97fbb40e06c783cc1f657245b07afdf395f,train,train,crowdsourced,NG,,623,How do traditional healers in Africa treat fractures?,"Traditional methods may involve the use of splints made from local materials like bamboo or animal bones, along with herbal poultices to reduce inflammation and promote healing."
568a1e4fe0ab4ba573a4c9adeb20d11310d6a0eaff6fddb1004e4e0ce6b89e51,val,train,crowdsourced,NG,,624,Describe the role of traditional medicine in healthcare delivery and disease management in African communities,"Traditional medicine in African communities provides culturally relevant and holistic healthcare, often serving as the first point of contact for many. It offers treatment for various ailments using natural remedies and spiritual healing, reflecting cultural beliefs and practices. Despite facing challenges like lack of regulation and scientific validation, efforts to integrate traditional medicine with biomedical care are underway, aiming to improve healthcare delivery and disease management in African populations."
9ff7c9b924f43db787efa64a6c757728b9d21ac2efd56b59ceb057c95669c48c,train,train,crowdsourced,NG,,625,What is the recommended first-line treatment for uncomplicated acute exacerbation of chronic obstructive pulmonary disease (COPD) in adults in Africa?,"Oral antibiotics such as amoxicillin-clavulanate or doxycycline, along with bronchodilators and corticosteroids, are the recommended first-line treatments for uncomplicated acute exacerbation of COPD in adults in Africa."
6c716883f84024e3d5a12e32688a8f740fd1382580e70e50ffc899750554c8c2,val,train,crowdsourced,NG,,626,Explain the impact of cultural practices such as child marriage and female genital mutilation on maternal and child health in Africa.,"Cultural practices such as child marriage and female genital mutilation contribute to poor maternal and child health outcomes, including early pregnancy complications, obstetric fistula, maternal mortality, and neonatal health problems. Addressing these practices requires comprehensive strategies that involve community engagement, legal reforms, and social norms change."
17ed852e3e1037fdbdc218c3b07687eb630ed4c5951a3af07aeb755c01f48334,train,train,crowdsourced,NG,,627,What is the recommended first-line treatment for severe anemia due to rickettsial infections in Africa?,Antibiotic therapy with doxycycline or chloramphenicol is the recommended first-line treatment for severe anemia due to rickettsial infections such as African tick-bite fever in Africa.
bccec50a0fd141136cb85c5e2e9d85f293b92a0fd1a94ae515ae9dc065071dcf,train,train,crowdsourced,NG,,628,What is the primary cause of death among women of reproductive age in Africa?,"Complications during childbirth, including postpartum hemorrhage and obstructed labor, are the primary cause of death among women of reproductive age in Africa."
33c6018de643097987c3245447597c3de45fb47843b65dab5209e81217c9a37f,train,train,crowdsourced,NG,,629,What is the primary mode of transmission of hepatitis C virus (HCV) in Africa?,"Hepatitis C virus (HCV) is primarily transmitted through exposure to infected blood, such as through injection drug use, unsafe medical injections, or transfusion of unscreened blood products in Africa."
bb4fdfeebf1e544cd38ffe11aef0d6ca52593aa33c73eb3738d97cddfd916486,train,train,crowdsourced,NG,,630,What initiatives are in place to promote vaccination in African countries?,"Initiatives include national immunization programs, outreach campaigns, and partnerships with international organizations like the WHO and UNICEF."
c51d52fb34be3c92e40041c60709556c910f6dbb381ed2bea3ab37b72552697f,train,train,crowdsourced,NG,,631,Discuss the clinical features and management of malaria in pediatric patients in Nigeria,"Clinical features of malaria in pediatric patients can vary depending on factors such as age, immunity, and malaria species. Common clinical features include:
1. **Fever**: Persistent fever is often the first and most common symptom of malaria in children. Fever may be cyclical in nature, occurring every 48 to 72 hours in the case of Plasmodium falciparum malaria.
2. **Chills and Rigors**: Children with malaria may experience episodes of chills and rigors, especially during the onset of fever.
3. **Fatigue and Weakness**: Malaria can cause fatigue and weakness in pediatric patients, leading to reduced activity and lethargy.
4. **Headache**: Headache is a frequent symptom, often accompanying fever in pediatric malaria cases.
5. **Nausea and Vomiting**: Some children may experience nausea and vomiting, which can contribute to dehydration.
6. **Anemia**: Malaria can lead to hemolytic anemia, particularly in cases of severe or prolonged infection. Symptoms of anemia may include pallor, weakness, and shortness of breath.
7. **Hepatosplenomegaly**: Enlargement of the liver and spleen is common in pediatric malaria, especially in cases of prolonged or severe infection.
8. **Respiratory Symptoms**: In severe cases, children may develop respiratory distress, rapid breathing, and cough, which may indicate complications such as pulmonary edema or acute respiratory distress syndrome (ARDS).
Management of malaria in pediatric patients involves several key components:
1. **Prompt Diagnosis**: Rapid diagnostic tests (RDTs) or microscopy should be used to confirm the diagnosis of malaria promptly.
2. **Antimalarial Treatment**: Antimalarial medications such as artemisinin-based combination therapies (ACTs) are the mainstay of treatment for uncomplicated malaria. The choice of antimalarial depends on factors such as the species of malaria, local drug resistance patterns, and the child's age and weight.
3. **Supportive Care**: Supportive care measures may include the management of fever, hydration, and treatment of symptoms such as vomiting and diarrhea.
4. **Monitoring for Complications**: Pediatric patients with severe malaria or those at risk of complications should be closely monitored for signs of organ dysfunction, such as impaired consciousness, respiratory distress, seizures, jaundice, or severe anemia.
5. **Prevention and Control**: In addition to treatment, efforts should be made to prevent and control malaria transmission through measures such as insecticide-treated bed nets, indoor residual spraying, and antimalarial prophylaxis in high-risk areas.
Overall, early diagnosis, appropriate treatment, and supportive care are essential for the effective management of malaria in pediatric patients and for reducing morbidity and mortality associated with the disease."
368265dfc9ce58312f0544f0a91c419f4f0a2993532d6a90ece4d5000945aca1,train,train,crowdsourced,NG,,632,What are the common causes of domestic violence in African populations?,"Common causes of domestic violence in African populations include gender inequality, cultural norms, and socioeconomic factors."
09394b79a4111370df66d2023664201a14805d990d786dda2e32ff43c9bc6d12,val,train,crowdsourced,NG,,633,"Which bacterial infection, commonly found in Africa, is transmitted through contaminated water and food, leading to symptoms such as severe diarrhea, vomiting, and dehydration?","Typhoid fever, caused by the bacterium Salmonella typhi, is commonly found in Africa, particularly in areas with poor sanitation and hygiene. Contaminated water and food are the primary sources of transmission, leading to symptoms such as severe diarrhea, vomiting, and dehydration."
735e51b417646270168429414f3b56d913783391b7ec3a08a130cbdc46f1bc21,train,train,crowdsourced,NG,,634,What indigenous African remedies are used for managing allergies and hay fever?,"Africans may use herbs like stinging nettle, butterbur, and rooibos tea to help manage allergies and hay fever symptoms, as well as consuming locally produced honey, which is believed to contain pollen that can desensitize the immune system"
2412435374f60f1d848b2925372f3706274637d89083d36c4fa6353a6d734405,val,train,crowdsourced,NG,,259,Describe the histopathological changes observed in African cases of endemic onchocerciasis affecting the skin.,"African cases of endemic onchocerciasis affecting the skin typically exhibit dermal fibrosis, inflammatory infiltrates, and the presence of Onchocerca volvulus microfilariae within nodules or subcutaneous tissue. Histopathological features may include hyperkeratosis, acanthosis, and varying degrees of lymphocytic infiltrates in affected areas."
317927a1a7475f3fbd670452bb567f4f54ef537c7210982037501d664ed309df,train,train,crowdsourced,NG,,635,What initiatives are in place to address the gender gap in surgical leadership and workforce representation in Africa?,"Initiatives include mentorship programs, leadership training, advocacy for gender equity policies, and efforts to promote women's participation and leadership roles in surgical organizations and academic institutions across Africa."
cfedcb9bf4e07f3447546df4b2885c232d3af3df10ec15dc5719401e0550680a,train,train,crowdsourced,NG,,636,Which endemic infection in Africa is associated with the development of hemolytic anemia and disseminated intravascular coagulation (DIC)?,Meningococcal meningitis caused by Neisseria meningitidis bacteria is associated with the development of hemolytic anemia and disseminated intravascular coagulation (DIC) in Africa.
a34e217e0e564bc7cb09aed529de5d2c3719b4aacc837694c6b64049b1c6be3e,train,train,crowdsourced,NG,,637,What are some common nutritional deficiencies in African populations?,"Common nutritional deficiencies include vitamin A, iron, and iodine deficiencies, which can lead to conditions like night blindness, anemia, and goiter."
3d9439b11a6bc10feb390ff0d72e88d16f7b69115c7992911fce7dfcf9e46a07,val,train,crowdsourced,NG,,29,What is the leading cause of neonatal mortality in Nigeria?,"Preterm birth is the leading cause of neonatal mortality in Nigeria, accounting for approximately 35% of all neonatal deaths. The condition is caused by premature birth, which can lead to respiratory distress, infection, and other complications if not treated promptly. Preterm birth is a significant public health challenge in Nigeria, with inadequate access to healthcare, poor maternal health, and lack of skilled birth attendants being some of the contributing factors."
a8a7f7c26535c0f0e7be884099e805594d1eca556512fb5d921a90c4605d5d69,train,train,crowdsourced,NG,,638,"Among patients in Africa, what neurological disorder is associated with Wilson disease and may present with hepatic and neuropsychiatric symptoms?","Wilson disease, though relatively rare, can affect individuals in African populations and manifest with hepatic and neuropsychiatric symptoms requiring specialized management."
dd51c1ec66af9ec679ad0ce6487f33131b352c1859ad12d2348b83f37a465be9,train,train,crowdsourced,NG,,639,What traditional African remedy is used to manage symptoms of ear infections?,Applying warm olive oil infused with garlic or onion juice into the affected ear is a common practice in Africa to alleviate pain and reduce inflammation associated with ear infections.
3a735bf90b90d0c5024009273b771de0da0b7ca8584b5c54317a9f7a3c9ab896,train,train,crowdsourced,NG,,640,What is the most common etiology of acute diarrhea in adults in Africa?,"Enterotoxigenic Escherichia coli (ETEC) and norovirus are the most common etiologies of acute diarrhea in adults in Africa, particularly in outbreak settings or areas with poor sanitation."
9522f0c5e9b18df18d2d811250bee24cfa67c207abe31b25538a7595dcd6a998,train,train,crowdsourced,NG,,641,Write short note on most common hepatitis in Africa,"Hepatitis B is a significant public health concern in Africa, with high rates of prevalence and associated morbidity and mortality.
Prevalence:
• Africa has one of the highest prevalence rates of hepatitis B virus (HBV) infection globally, with an estimated 8-10% of the population being chronically infected.
• The prevalence varies by region, with some countries in sub-Saharan Africa experiencing even higher rates of HBV infection, particularly among certain population groups such as pregnant women and healthcare workers.
Transmission:
• Hepatitis B is primarily transmitted through contact with infected blood or bodily fluids, including sexual contact, childbirth (from mother to child), sharing of contaminated needles or syringes, and exposure to infected blood during medical procedures or through transfusions of unscreened blood products.
• Other risk factors for HBV transmission in Africa include traditional scarification practices, unsafe injection practices, and cultural practices such as female genital mutilation.
Presentation:
• Hepatitis B infection can range from acute, self-limiting illness to chronic infection, which can lead to cirrhosis, liver failure, and hepatocellular carcinoma (liver cancer).
• Many individuals with chronic HBV infection in Africa are asymptomatic and unaware of their infection status. However, some may experience symptoms such as fatigue, jaundice (yellowing of the skin and eyes), abdominal pain, nausea, and vomiting.
Prevention:
• Vaccination: Hepatitis B vaccination is the most effective way to prevent HBV infection. The vaccine is included in routine childhood immunization programs in many countries, but coverage rates vary across Africa.
• Safe injection practices: Ensuring the use of sterile needles and syringes for medical procedures and promoting injection safety practices can help reduce the risk of HBV transmission.
• Prevention of mother-to-child transmission (PMTCT): Providing antenatal screening for HBV, administering antiviral therapy to pregnant women with high viral loads, and providing hepatitis B immunoglobulin (HBIG) and vaccination to newborns born to HBV-positive mothers can help prevent mother-to-child transmission.
• Safe sex practices: Practicing safe sex, including the use of condoms, can reduce the risk of sexual transmission of HBV.
Management:
• Screening: Identifying individuals with chronic HBV infection through screening programs allows for timely intervention and management.
• Antiviral therapy: Antiviral medications such as tenofovir and entecavir are used to suppress HBV replication and reduce the risk of liver damage and progression to cirrhosis and liver cancer.
• Monitoring: Regular monitoring of liver function tests, HBV DNA levels, and liver imaging studies is essential for assessing disease progression and treatment response.
• Liver transplantation: In cases of advanced liver disease or hepatocellular carcinoma, liver transplantation may be considered as a treatment option.
Challenges:
• Despite the availability of effective prevention and treatment options, several challenges hinder efforts to control hepatitis B in Africa, including limited access to healthcare services, high treatment costs, stigma associated with the disease, and inadequate infrastructure for screening and diagnosis.
Overall, addressing hepatitis B in Africa requires a comprehensive approach that includes vaccination, prevention of mother-to-child transmission, promotion of safe injection practices, and access to screening and treatment services. Efforts to strengthen healthcare systems, improve awareness and education, and reduce stigma are crucial for reducing the burden of hepatitis B on the continent."
057625178fde9fa06232cb0fe13b1e92db7a4ea1d55fee64d88ac6acf7752f56,train,train,crowdsourced,NG,,642,How do certain African societies manage symptoms of sciatica?,Applying hot compresses or poultices made from turmeric paste or ginger to the affected area is a traditional method used to alleviate pain and reduce inflammation associated with sciatica in some African communities.
10189931de8de7e72013d9f9e8908d685f640f8b3439cbdff5a230242959d590,train,train,crowdsourced,NG,,643,What initiatives are in place to promote safe surgery and anesthesia in Africa?,"Initiatives such as the WHO Safe Surgery Saves Lives program and the African Surgical Outcomes Study aim to improve surgical safety and anesthesia practices through training, quality improvement initiatives, and data collection."
77f9f79c0a2d6638a7bcc8b9aa2806ef54d390fe1f0c4230f694f46b9fd16e12,val,train,crowdsourced,NG,,644,"How does the prevalence of obstetric fistula vary across different regions in Africa, and what challenges exist in providing surgical repair services and rehabilitation support to women with obstetric fistula?","Obstetric fistula is a devastating childbirth injury that disproportionately affects women in Africa, particularly those living in poverty and remote areas with limited access to obstetric care. The prevalence of obstetric fistula varies across different regions in Africa, with higher rates observed in countries with weak healthcare systems, high fertility rates, early marriage, and cultural practices that discourage seeking medical care for obstetric complications. Challenges in providing surgical repair services and rehabilitation support to women with obstetric fistula include lack of trained healthcare providers, insufficient infrastructure and equipment, financial barriers, stigma and social isolation, and limited access to follow-up care and psychosocial support. Efforts to address obstetric fistula require strengthening health systems, training healthcare providers in fistula prevention and treatment, raising awareness about maternal healthcare rights and services, providing comprehensive obstetric care, and empowering women with access to quality maternal health services and economic opportunities."
573914b2ed2aedc5cf17ce245ba0448652418b1bc88893c1d6fe32a72b392016,train,train,crowdsourced,NG,,12,What is the first-line medication for treating uncomplicated acute bacterial rhinosinusitis in adults in Africa?,"Amoxicillin-clavulanate or doxycycline is the first-line medication for treating uncomplicated acute bacterial rhinosinusitis in adults in Africa, with consideration for intranasal corticosteroids in adjunctive therapy."
9edd815a71d177f539093f3c4011ef2b769740944d2c928884e10a346c173376,train,train,crowdsourced,NG,,645,Discuss the role of nutrition-sensitive interventions in addressing malnutrition and food insecurity in Africa.,"Nutrition-sensitive interventions aim to address underlying determinants of malnutrition and food insecurity, including poverty, inadequate access to nutritious food, and lack of education about healthy eating practices. Examples include agricultural interventions, income generation programs, and nutrition education initiatives."
e9738461d715b1b474190f1f24385e291460448b1e9a011649435382fe354203,train,train,crowdsourced,NG,,646,Explain the epidemiology and control measures for Ebola virus disease outbreaks in Africa.,"Ebola virus disease outbreaks occur sporadically in African countries, primarily in Central and West Africa. Control measures include case identification and isolation, contact tracing, safe burial practices, and public health education."
600776242a4d86d92e86ade9d154dce171ffba31cb5c2b5bc5abcefc76b562a2,train,train,crowdsourced,NG,,647,What is a leading cause of liver disease in many African countries?University of Abuja Teaching Hospital,"Hepatitis B virus (HBV) infection is a major cause of liver disease in Africa due to its high prevalence, inadequate vaccination coverage, and limited access to healthcare resources for screening and treatment."
8e308066ae0093eb77cd3fece1dd9aa885b338b488aa3af5f56cc075f927547a,val,train,crowdsourced,NG,,648,"Describe the prevalence and impact of malariain Nigeria, and initiatives to combat the disease.","Malaria is endemic in Nigeria, with significant morbidity and mortality, particularly among children under five and pregnant women. Initiatives to combat malaria include the distribution of insecticide-treated bed nets, indoor residual spraying, prompt diagnosis and treatment with artemisinin-based combination therapy (ACT), intermittent preventive treatment for pregnant women, and community-based malaria control programs."
826829b3e7efef504bb7edb09f0c71a568c53f61fd911b733110d88d84c4c1e1,train,train,crowdsourced,NG,,649,"What is the primary mode of transmission of Schistosoma haematobium, the causative agent of urogenital schistosomiasis, in Africa?","Schistosoma haematobium is primarily transmitted through contact with freshwater contaminated with infected snails in Africa, particularly during activities such as swimming, bathing, or washing clothes."
094ff6ebcadf2a5dfb70c1abd676da9387f95ee304c8b04556aff0feb16cc022,train,train,crowdsourced,NG,,650,How does the prevalence of tropical diseases like Ebola and Lassa fever affect surgical practice in Africa?,"Outbreaks of tropical diseases can strain surgical resources and disrupt routine surgical services, necessitating specialized infection control measures and adjustments to surgical protocols to minimize transmission risks."
1c7d57a27655e4e362fc02ea143807495883a938a437e62f15c9a74b0bea9370,train,train,crowdsourced,NG,,651,What are the common causes of chronic sinusitis in Africa?,"Chronic sinusitis in Africa is often caused by environmental factors such as dust, smoke, and pollution, as well as infectious agents like fungi and bacteria endemic to the region."
c69c297feeb5547786c564fbc8fda36ec21240e8777c65bea3c3595466fb3b05,val,train,crowdsourced,NG,,652,What are common causes of skin infections in rural African communities?,"Skin infections can often result from poor sanitation, lack of access to clean water, and exposure to environmental irritants. Conditions like scabies and fungal infections are prevalent."
74d536e30cb72f70ddd5b6aa43513b03df552a874c91654b2f0ada189408b957,train,train,crowdsourced,NG,,653,What traditional remedies are commonly used in Africa for treating malaria?,"Many Africans use herbs like Artemisia annua (sweet wormwood) or neem leaves, and concoctions made from ginger, garlic, and lemon grass to treat malaria."
7810bd9ee06fc5c8dde1a70d908e82bd014ff66b2c29420b911d90fc21c62ae6,train,train,crowdsourced,NG,,357,What is the recommended first-line treatment for uncomplicated brucellosis in children in Africa?,Trimethoprim-sulfamethoxazole (TMP-SMX) is the recommended first-line treatment for uncomplicated brucellosis in children in Africa due to its effectiveness against Brucella species and safety during childhood. Treatment should be administered under medical supervision and monitored for potential adverse effects.
61184365fd3f341d51346efa56fe1d11613334cf324f289b2f7d504ff63ff864,train,train,crowdsourced,NG,,654,What cultural practices contribute to the prevalence of parasitic infections like schistosomiasis in African communities?,Activities such as swimming or fishing in contaminated water sources and lack of access to proper sanitation facilities increase the risk of parasitic infections in many African regions.
420d5d41a02cc09c30a0366c6bd7bb5c7df27e7b02c3f1a3888f9659f10f8e80,train,train,crowdsourced,NG,,19,How does the presentation of HIV/AIDS differ in African populations compared to Western populations?,"HIV/AIDS in African populations may present at later stages with more severe symptoms due to limited access to testing, treatment, and healthcare services."
08f8f2a0e11359a57c782d0f2243ba1799367199aa18e4befc0a3a6d56d99ab4,train,train,crowdsourced,NG,,655,"Which zoonotic disease, transmitted to humans through contact with infected animals or consumption of contaminated animal products, is prevalent in Africa?","Anthrax, a zoonotic disease caused by the bacterium Bacillus anthracis, is prevalent in Africa. The disease can affect both animals and humans and is primarily transmitted through contact with infected animals or consumption of contaminated animal products, such as meat or hides. Cutaneous anthrax, the most common form in humans, manifests as skin lesions, while inhalation and gastrointestinal anthrax can lead to severe respiratory and gastrointestinal symptoms, respectively."
eee6fb98ad99f64ce9b9b877c5e5bc4ae4bf923b013e972476b7534bc096fa60,val,train,crowdsourced,NG,,656,How does the management of trauma differ in African communities with limited healthcare resources compared to well-resourced settings?,"Management of trauma in African communities with limited healthcare resources may involve basic first aid and transportation to healthcare facilities, but access to advanced trauma care is limited."
0d50cea209c18955993da85550feb18177a0c51a0219fe19360df38f39f7108f,train,train,crowdsourced,NG,,585,How does the availability of essential medicines differ between urban and rural healthcare facilities in Africa?,"Rural healthcare facilities often face challenges in maintaining adequate stocks of essential medicines due to logistical issues and limited resources, impacting patient care and treatment outcomes."
d8282be73e6a7682a75bc236a3295c08e0879b57a738543b3ddbb094f52189dd,val,train,crowdsourced,NG,,657,What is the main risk factor for cervical cancer in Africa?,Human papillomavirus (HPV) infection is the main risk factor for cervical cancer in Africa.
cda77050f3cd8ef2bfa35678b7cf2353dde94f94519e81bafd52d5a83bbacb66,train,train,crowdsourced,NG,,658,What traditional methods are used for pain relief during childbirth in African cultures?,"Traditional methods for pain relief during childbirth in African cultures may include massage, hot compresses, aromatherapy with herbal oils,"
8f98269837e829738683e93bf9a2e00617ab803c74cda63f902fb1c2ba6233d4,train,train,crowdsourced,NG,,659,What is the main risk factor for esophageal cancer in Africa?,"The consumption of hot beverages, such as tea, is a significant risk factor for esophageal cancer in Africa."
73cdb11f915deade971c9aeb81d4a054166847bc9002a101708febd43cdfda34,train,train,crowdsourced,NG,,660,"Discuss the clinical features, diagnosis, and management of sickle cell disease in Nigeria.","Sickle cell disease (SCD) is a common genetic disorder in Nigeria, characterized by hemolytic anemia, vaso-occlusive crises, and multi-organ complications. Diagnosis is made through hemoglobin electrophoresis or genetic testing. Management includes supportive care, hydration, pain management during crises, hydroxyurea therapy, folic acid supplementation, and prophylactic antibiotics to prevent infections."
76a1dba1cb034412a134ead56a7bf03b46bf09083cc33dd6260f6af683123de7,train,train,crowdsourced,NG,,661,Describe the epidemiology and prevention strategies for Lassa fever in Nigeria,"Lassa fever is endemic in Nigeria, with seasonal outbreaks occurring mainly in the dry season. It is transmitted through contact with urine or feces of infected rodents, particularly the multimammate rat. Prevention strategies include rodent control measures, practicing good personal hygiene, and avoiding contact with potentially infected materials. Early detection, isolation of cases, and proper infection control measures are crucial in preventing further spread during outbreaks."
88efbc7d3a92240fcd29bda2a76e70b6f7e7aa2ec7a6c3bb931c5b34c8b88a83,train,train,crowdsourced,NG,,88,What are the common causes of skin infections in refugee populations in Africa?,"Common causes of skin infections in refugee populations in Africa include overcrowding, poor sanitation, and limited access to clean water."
f43c4778076b519032d8ad0206302367161b1c059cfaddccae0dbbe936e2e772,train,train,crowdsourced,NG,,662,What strategies are being employed to integrate traditional medicine with modern surgical care in Africa?,"Integrative healthcare models promote collaboration between traditional healers and modern healthcare providers to improve patient outcomes, enhance cultural competence, and ensure respectful and holistic care delivery."
717520dfb2197f3763eb01ae2f977787e72625e85c695266ad2d94a5a9349bae,train,train,crowdsourced,NG,,168,What are some unique challenges in managing diabetes in Africa?,"Managing diabetes in Africa faces challenges such as limited access to healthcare, affordability of medication, and cultural beliefs impacting treatment adherence."
ccec885a14ea6818d30888a02819e7a40b7a72869d07149ca45082ca3299595a,train,train,crowdsourced,NG,,663,How can communities address the impact of cultural beliefs about HIV/AIDS on prevention and treatment efforts in Africa?,"By promoting accurate information about HIV/AIDS transmission and prevention, addressing stigma and discrimination, and providing access to testing and treatment services, communities can improve HIV/AIDS outcomes."
90e07872fa4c72ad1ee5003bd8bf4aa21793ffb7c652d6eae2503eabeff7db18,train,train,crowdsourced,NG,,664,"Discuss the epidemiology, clinical presentation, and management of endemic fungal infections, such as cryptococcal meningitis and invasive candidiasis, in Nigerian patients.","Endemic fungal infections pose a significant burden in Nigeria, particularly among immunocompromised individuals. Clinical presentation varies depending on the site of infection but may include fever, respiratory symptoms, and neurological deficits. Diagnosis involves laboratory tests (e.g., culture, antigen detection, microscopy). Management includes antifungal therapy (e.g., amphotericin B, fluconazole) and supportive care."
23c471601bac4f0359b79b23a363f647a02af0daa512f020154ef1a911165468,train,train,crowdsourced,NG,,665,How does the prevalence of tuberculosis vary across African countries?,"Tuberculosis prevalence varies across the African countries, with high burden countries including South Africa, Nigeria, and the Democratic Republic of the Congo."
649efc363af4743773ff93f99c2a5b99c1a6b95fb9a8a01291392c642bf237a5,train,train,crowdsourced,NG,,666,"In African patients, what liver condition is frequently linked to hepatocellular carcinoma and may result from chronic infection with hepatitis B or C viruses?","Viral hepatitis-related hepatocellular carcinoma, exacerbated by chronic infection with hepatitis B or C viruses prevalent in Africa, poses significant health risks and requires early detection."
32b8c1ce7338291faea0e0e9ea89498d6fa9a8c10841b917f95621679fa08513,train,train,crowdsourced,NG,,667,How do African communities traditionally address childhood malnutrition?,"Traditional methods for addressing childhood malnutrition in Africa may involve using nutrient-rich foods like moringa leaves, baobab fruit, and millet porridge, as well as participating in community feeding programs and receiving guidance from local health workers."
9a310a6b695c5df51c238fa9aa367f27bc6ba72060e59e28ca49b8dc23824e2a,train,train,crowdsourced,NG,,87,"How does the prevalence of schistosomiasis in Africa compare to other regions, and what are the contributing factors?","Schistosomiasis is highly prevalent in Africa, particularly in areas with poor sanitation and limited access to clean water. Factors such as water contact activities and lack of awareness contribute to its transmission."
7d27dc8d2fc2b501ba120d8640674a10c7ca13408c78260feaf81b551ec94b19,train,train,crowdsourced,NG,,668,"Explain the clinical features, diagnostic approach, and management of rheumatologic disorders, such as rheumatoid arthritis and systemic lupus erythematosus, in Nigerian patients","Rheumatologic disorders are relatively common in Nigeria, with clinical features including joint pain, stiffness, and swelling. Diagnosis involves clinical evaluation, laboratory tests (e.g., rheumatoid factor, anti-CCP antibodies, ANA), and imaging studies. Management includes pharmacotherapy (e.g., DMARDs, NSAIDs, glucocorticoids), lifestyle modifications, and physical therapy"
330858fffeaf8cd1220185ca2977a580007e4e7dbd4f7c44348f1e454e3d3cc4,train,train,crowdsourced,NG,,669,What is the primary cause of chronic cough in children under 5 years old in Africa?,"Tuberculosis (TB) is the primary cause of chronic cough in children under 5 years old in Africa, particularly in regions with high TB prevalence. Factors such as household exposure, malnutrition, and limited access to healthcare services contribute to the persistence of TB-related cough in this vulnerable population."
828f916971db68c20aa72632d1c031cd1ad5d9e5a9db6531547d7872b03284f5,train,train,crowdsourced,NG,,670,What are the unique considerations in providing maternal and neonatal care in rural African settings compared to urban hospitals in developed countries?,"Limited access to skilled birth attendants, emergency obstetric care, and basic medical supplies contribute to higher maternal and neonatal mortality rates in rural African settings. Community-based interventions and training of traditional birth attendants are often implemented."
f6489d018c5809334ec823eb57efa99ec42b1524dd0e23ea9b89f5a334ece49f,train,train,crowdsourced,NG,,671,What is the primary vector responsible for transmitting malaria in sub-Saharan Africa?,"The primary vector responsible for transmitting malaria in sub-Saharan Africa is Anopheles gambiae.
The reason Anopheles gambiae is the primary vector of malaria in sub-Saharan Africa is because it is a highly efficient mosquito species that feeds predominantly on humans and thrives in the diverse ecological habitats found in the region. Anopheles gambiae is well-adapted to urban, rural, and peri-urban environments, making it a formidable carrier of the malaria parasite, Plasmodium falciparum, which causes the most severe form of malaria in humans. The widespread presence of Anopheles gambiae throughout sub-Saharan Africa contributes significantly to the high burden of malaria in the region. Therefore, vector control measures targeting Anopheles gambiae, such as insecticide-treated bed nets and indoor residual spraying, are crucial for malaria prevention and control efforts in sub-Saharan Africa."
4444f17a1b0ddcf430d8a105115392409222c39653a43c46218506a3e4af585c,train,train,crowdsourced,NG,,672,Which medication is commonly used for the treatment of tuberculosis (TB) in Africa?,"Rifampicin is commonly used for the treatment of tuberculosis (TB) in Africa as part of first-line therapy, often in combination with isoniazid, pyrazinamide, and ethambutol."
fe1decc463a008679f5a0657979635808e619d358bc6388cf283c2c917a4869a,val,train,crowdsourced,NG,,673,Which viral infection is a leading cause of liver cancer in Africa?,Hepatitis C virus (HCV) infection is a leading cause of liver cancer in Africa.
a2dfecdb0460816654b0ae06f74c99354d4fefa8be8dfd675bd0ac0eca5283c8,train,train,crowdsourced,NG,,674,What is the primary cause of perinatal mortality in Africa?,"Birth asphyxia, resulting from inadequate oxygenation and perfusion during the perinatal period, is the primary cause of perinatal mortality in Africa. Factors such as limited access to skilled birth attendants, obstetric emergencies, and delays in emergency obstetric care contribute to the high incidence of birth asphyxia-related deaths."
0d1a368fa7a824f514f853f1ba7eb7c90db4963052a751ab9c46a20e7e4202fd,train,train,crowdsourced,NG,,675,"Describe the epidemiology, clinical features, and management of Rift Valley fever outbreaks in African populations.","Rift Valley fever outbreaks in African populations are caused by the Rift Valley fever virus, primarily transmitted through mosquito bites or contact with infected animals. The disease predominantly affects livestock, but human outbreaks occur during epidemics. Clinical features include fever, headache, muscle pain, joint pain, and sometimes severe complications such as hemorrhagic fever and encephalitis. Management focuses on supportive care, including hydration, pain relief, and treatment of complications. Prevention measures include mosquito control, vaccination of livestock, and public health education on avoiding contact with infected animals and their products."
82c6a010d9c6d7a3654716626b74d6b6c5a70e7544d4eee14a67e8218c161ea0,train,train,crowdsourced,NG,,676,What is the primary cause of death in children under 5 years old in Africa?,"Infectious diseases, including pneumonia, diarrhea, and malaria, are the primary cause of death in children under 5 years old in Africa. Factors such as limited access to healthcare, inadequate nutrition, and poor sanitation contribute to the high burden of infectious diseases among children in the region"
bdba0e5188b2f36c0bac4fff995cfae6af99dcce5bfed8af12bc5182c185fdca,train,train,crowdsourced,NG,,677,What is the recommended first-line treatment for uncomplicated yaws in Africa,"Single-dose azithromycin or benzathine penicillin G is the recommended first-line treatment for uncomplicated yaws in Africa. These antibiotics effectively treat yaws by targeting the causative bacterium, Treponema pallidum subspecies pertenue, and preventing the transmission of the disease."
fecef2f330d48132f89146d9e4dfbc9c1fa0cfa60418e1c65a0c86ba01b590c9,val,train,crowdsourced,NG,,678,Discuss the prevalence and impact of non-communicable diseases (NCDs) such as diabetes and hypertension in Africa.,"NCDs are on the rise in Africa due to urbanization, lifestyle changes, and aging populations. They pose a significant burden on healthcare systems, increase healthcare costs, and contribute to premature mortality and disability."
5fd2325f6393a6e487f2ee1d452c87e112d6e637e901ec4d547b0789f4d5839b,train,train,crowdsourced,NG,,679,What are the factors contributing to the high prevalence of adolescent pregnancies in certain African communities?,"Factors contributing to the high prevalence of adolescent pregnancies in certain African communities include limited access to comprehensive sexual education, early marriage, poverty, and lack of access to contraception."
ba8b2795ad1a4424655092aae9cc658987b52405fc1efda0234ebac4543e30bc,train,train,crowdsourced,NG,,680,What is the primary mode of transmission of Rift Valley fever virus in Africa?,"Rift Valley fever virus is primarily transmitted through the bite of infected mosquitoes, particularly of the Aedes and Culex species, in Africa."
2f9f9cfcb7af8c00d27c0408b74e9f23332fbdae7ca3b7d43cdebf9a08ba79ed,train,train,crowdsourced,NG,,310,"A 50-year-old female presents with fatigue, shortness of breath, and palpitations for the past few weeks. She reports recent travel to Nigeria, where she visited family in a rural area. On examination, there are signs of pallor, including pale conjunctiva and nail beds. Laboratory tests reveal low hemoglobin levels and microcytic hypochromic red blood cells.What is the most likely diagnosis, and what is the recommended next step in management for this patient?","The most likely diagnosis is iron deficiency anemia, likely exacerbated by factors such as poor nutrition, parasitic infections, or blood loss during travel to Nigeria. The recommended next step in management is to perform further evaluation to determine the underlying cause of iron deficiency, including stool testing for occult blood, serological tests for parasitic infections such as hookworm or schistosomiasis, and assessment of dietary intake. Additionally, the patient should be started on iron supplementation to correct the anemia and improve symptoms."
52eaea6338aabbea4f281ec50cd5055e85b5629dc0a748ed5d3b1f93133856de,train,train,crowdsourced,NG,,681,How do certain African cultures traditionally support individuals with epilepsy?,"Traditional methods for managing epilepsy in Africa may involve spiritual ceremonies, wearing protective charms, and seeking guidance from traditional healers who use methods like herbal remedies and rituals."
047edd6796ee269832f7e9ba9c282ddba54ba7d2c2328d856e5c66aa0f927289,train,train,crowdsourced,NG,,682,What is the first-line treatment for uncomplicated amoebic colitis in Africa?,"Metronidazole is the first-line treatment for uncomplicated amoebic colitis in Africa due to its effectiveness in killing Entamoeba histolytica, the causative parasite. Oral metronidazole is well-absorbed and provides high intraluminal concentrations, making it an effective therapy for intestinal amoebiasis."
036e34b1d48d7345eeaa06398c4feb52fd4b0967616b06a71105e39ee4f5000b,train,train,crowdsourced,NG,,683,What is the first-line treatment for uncomplicated cystitis in non-pregnant women in Africa?,Oral nitrofurantoin is the first-line treatment for uncomplicated cystitis in non-pregnant women in Africa due to its effectiveness against common uropathogens and low risk of antimicrobial resistance. Treatment should be guided by local antibiotic susceptibility patterns and individual patient factors.
30badf550862f7cf18907da4db1fcf75b04ec574f4fcbcf27262d68b32357206,val,train,crowdsourced,NG,,684,"What traditional practices are associated with infant feeding in African cultures, and how do they influence infant health outcomes?",Practices like prelacteal feeding and delayed breastfeeding initiation can impact infant health and nutrition.
5e8fc576aad446612d48d0e24ef7d688cdaa6f69061584d33f877f48b366910f,train,train,crowdsourced,NG,,685,What is the primary method used for diagnosing hemolytic anemia associated with parvovirus B19 infection in Africa?,Serological testing for parvovirus B19-specific IgM antibodies is the primary method used for diagnosing hemolytic anemia associated with parvovirus B19 infection in Africa. Detection of IgM antibodies indicates recent or acute infection.
d179a857401c20fd8d827ec286461e1e37a5098e92387c543b149d78d26317b7,train,train,crowdsourced,NG,,205,How does the prevalence of parasitic infections differ between urban and rural areas in Africa?,"Parasitic infections such as malaria, schistosomiasis, and soil-transmitted helminthiasis are more prevalent in rural areas of Africa due to factors such as poor sanitation and limited access to clean water."
d8860c9b31aa71930ef9e7392a7cc64f74978d89027a29c6b439d9616ae30f10,train,train,crowdsourced,NG,,686,What is the leading cause of death from cancer among women in Africa?,Cervical cancer is the leading cause of death from cancer among women in Africa.
d59756a29ddf36c1c07ea2c2dad1b7a41120dc67b4373b4ad0c913ab752de451,val,train,crowdsourced,NG,,687,What is the primary method used for diagnosing hemolytic anemia associated with snakebite envenomation in Africa?,"Assessment of clinical signs and symptoms, along with laboratory tests such as complete blood count (CBC) and peripheral blood smear examination, is the primary method used for diagnosing hemolytic anemia associated with snakebite envenomation in Africa."
8a7dfb30bc5883db1774f1f6156424a23e0b696350303e4568ca8e1b7f895a96,train,train,crowdsourced,NG,,688,African race is a modifiable risk factor for hypertension. True or False?,False. It is non-modifiable
8dedef31431096a593b8e7dd44403fb83fe21bcdd46cd8feb628b40ae572f2b1,train,train,crowdsourced,NG,,57,What is the primary cause of chronic kidney disease in adults in Africa?,"Hypertension is the primary cause of chronic kidney disease in adults in Africa, leading to progressive renal damage and nephron loss over time. Factors such as poor blood pressure control, limited access to healthcare services, and genetic predisposition contribute to the high prevalence of hypertension-related kidney disease in the region."
454de0b22e45a78754ecb23bb563d58be271bb66c3ef4a27667d86bb98f002aa,train,train,crowdsourced,NG,,689,What is the recommended first-line treatment for uncomplicated cellulitis in adults in Africa?,"Oral antibiotics such as dicloxacillin, cephalexin, or clindamycin are the recommended first-line treatments for uncomplicated cellulitis in adults in Africa, with coverage for Staphylococcus aureus and Streptococcus pyogenes."
d69e2d9f388ca5b0daec85e4f9e25643a522f02ee43809465ddc6197964a3f53,train,train,crowdsourced,NG,,690,How do certain African societies manage symptoms of gastritis?,Consuming diluted apple cider vinegar or aloe vera juice is believed to help alleviate symptoms of gastritis in some African cultures.
bbba37270804aaf8e7e40a897717a97b28205973687bb7d13d57634113a2569b,train,train,crowdsourced,NG,,691,What local practices in Africa are used for promoting respiratory health?,"Africans may use herbal remedies such as eucalyptus steam inhalation, drinking teas made from plants like peppermint or thyme, and consuming foods rich in vitamin C and antioxidants to promote respiratory health."
dc0f2ee7affa81f778b120b2875154b3182183117123a726f6b20b6b777541e1,train,train,crowdsourced,NG,,692,How does the management of snakebite envenomation differ in African populations compared to Western populations?,"Management of snakebite envenomation in Africa may involve administration of antivenom and supportive care, but access to antivenom and healthcare services may be limited."
1434a64fcc50b26e949237909e660d8b51cb971c0b9f96aad12c64e8ff3d6ea8,train,train,crowdsourced,NG,,693,What are the common causes of poisoning in African populations?,"Common causes of poisoning in African populations include ingestion of toxic substances (such as pesticides, household chemicals, and traditional medicines)."
d106afa801c4b337e4426bbfda9d4d03d17c1847b22cee67692412a291db5ee5,train,train,crowdsourced,NG,,694,What is the first-line medication for treating uncomplicated acute bacterial meningitis in Africa?,Ceftriaxone or cefotaxime is the first-line medication for treating uncomplicated acute bacterial meningitis in Africa due to their broad-spectrum coverage and ability to penetrate the blood-brain barrier.
544ccf5f526f796e1349b30b7b9564c77e29f2873414e144bc6c0b93c38f34d8,train,train,crowdsourced,NG,,695,What are the common causes of neonatal mortality in African communities with limited healthcare resources?,"Common causes of neonatal mortality in African communities with limited healthcare resources include prematurity, birth asphyxia, and infections."
4ae3e6c94c9b86bcc8c4b76ef6232509ba77a0960b755feed5086b6f328fd710,train,train,crowdsourced,NG,,19,How does the presentation of HIV/AIDS differ in African populations compared to populations in developed countries?,"In African populations, HIV/AIDS often presents at a later stage with more advanced disease due to limited access to testing, treatment, and prevention services."
756804bd5186836d81193a5da68158aefd06bba34bdd381b3e2915262feb3a2e,val,train,crowdsourced,NG,,696,How prevalent is malnutrition among children in Africa?,"Malnutrition is a significant issue in Africa, with a high prevalence of stunting, wasting, and underweight children, particularly in sub-Saharan Africa."
40979d0a6a798781c0269afdb8303676e551cf49ed1367058c1e47140a5ee7b2,train,train,crowdsourced,NG,,697,What is the first-line treatment for uncomplicated cutaneous larva migrans (creeping eruption) in Africa?,"Albendazole is the first-line treatment for uncomplicated cutaneous larva migrans (creeping eruption) in Africa due to its effectiveness in killing larvae of hookworm species such as Ancylostoma braziliense. This benzimidazole anthelmintic disrupts the helminth's energy metabolism and inhibits microtubule formation, leading to parasite death and resolution of skin lesions."
daf0cfc8124e207bfca6bff0ebbb1efb2058155ab0a9c4c4923bc189ed47c464,train,train,crowdsourced,NG,,698,What is the first-line treatment for uncomplicated toxoplasmosis in Africa?,Pyrimethamine plus sulfadiazine is the first-line treatment for uncomplicated toxoplasmosis in Africa due to their effectiveness in killing Toxoplasma gondii parasites and reducing the risk of severe disease manifestations. Combination therapy is necessary to target both the acute and latent phases of infection and to prevent relapses.
424f1909c48121707d52605cb5a2059c91b53b8d03703b70332d11f59ec64fa0,train,train,crowdsourced,NG,,699,Which endemic infection in Africa is associated with the development of hemolytic anemia and thrombocytopenia?,"Anaplasmosis, caused by Anaplasma bacteria transmitted through the bite of infected ticks, is associated with the development of hemolytic anemia and thrombocytopenia in some individuals in Africa."
4dee43fc46445a08fca4e7f40c61acb8f6eac2c9b831e8d1bda78694a54be3e8,train,train,crowdsourced,NG,,700,"Which disease, caused by a bacteria, is a common cause of diarrhea in Africa?","Escherichia coli (E. coli) infection
Reason: E. coli infection is a common cause of diarrhea in Africa, particularly in areas with poor sanitation and contaminated water sources."
f7f98f11d21549d6d5387ed7081dc1556609bd079284b01a85758c791b7692dc,train,train,crowdsourced,NG,,701,How does sickle cell disease (SCD) manifest differently in individuals of African descent compared to other populations?,"Individuals of African descent with SCD may experience more severe symptoms and complications, including frequent pain crises, acute chest syndrome, and a higher risk of stroke, due to the prevalence of the sickle cell gene in African populations."
179e824b9c7514ea6b788346b758912b814ce8e177fd9283c2815724397bf5ad,train,train,crowdsourced,NG,,702,What are common traditional remedies for treating gastrointestinal disorders in Africa?,"Herbal remedies such as ginger, peppermint, and fenugreek seeds are commonly used for treating gastrointestinal disorders in African traditional medicine."
e45667a108d7c022f5040c49f1aedf437136587d5e91b49bf64b1a641e28bfb8,train,train,crowdsourced,NG,,474,What are the common causes of mental health disorders in refugee populations in Africa?,"Common causes of mental health disorders in refugee populations in Africa include trauma, displacement, and lack of access to basic needs and healthcare."
83019e3485a40e857f0aba5491271b20ef53e6ade0a1423007eb50550d8a61de,train,train,crowdsourced,NG,,703,What histopathological features are associated with African cases of endemic leishmaniasis affecting the mucosal tissues?,"African cases of endemic leishmaniasis affecting the mucosal tissues often exhibit chronic inflammation, with the presence of Leishmania amastigotes within macrophages or histiocytes. Histopathological features may include ulceration, pseudoepitheliomatous hyperplasia, and mixed inflammatory infiltrates composed of lymphocytes, macrophages, and plasma cells."
0220238be8b83ceefa0868a131e55b0e3366cf754cba7839b121db54f6c3376a,train,train,crowdsourced,NG,,704,"Which condition is characterized by the presence of painless, firm testicular enlargement and is the most common malignancy in young African men?","Testicular germ cell tumor, including seminoma and non-seminoma subtypes, is characterized by painless, firm testicular enlargement and is the most common malignancy in young African men. Early detection and treatment with radical orchiectomy and adjuvant chemotherapy can achieve high cure rates."
f13b18a70466cb3410470165cbd2305691c028a26cefdcda538cad3dbaad7a9c,val,train,crowdsourced,NG,,705,"Among African patients, what mitochondrial disorder is associated with neuropathy, ataxia, and retinitis pigmentosa (NARP) syndrome?","NARP syndrome, a mitochondrial disorder prevalent in some African populations, manifests with neurologic and ophthalmic manifestations requiring specialized care."
d0e93b7d0777d116326592e32da5c0fd93a040437f700ada1abb9e82ab5ec2df,train,train,crowdsourced,NG,,706,What is the recommended first-line treatment for severe acute vaso-occlusive crisis in children with sickle cell disease in Africa?,"Intravenous hydration and analgesia with opioids, such as morphine or fentanyl, are the recommended first-line treatments for severe acute vaso-occlusive crisis in children with sickle cell disease in Africa."
a1e7e479dd2c7be4e37066ec955bef0142e29e7abc16f6c5161eeea14e0728a3,train,train,crowdsourced,NG,,707,What is the leading cause of death among adults in Africa?,HIV/AIDS is the leading cause of death among adults in Africa.
59913884d8ae45dc28bcc357b3981949328955414dc61c8201e2f7435f99330d,train,train,crowdsourced,NG,,708,What are the unique challenges faced by healthcare workers in providing mental health services in conflict-affected regions of Africa?,"Healthcare workers in conflict-affected regions of Africa encounter obstacles such as trauma, stigma, and limited resources, impacting their ability to provide adequate mental health support and resulting in higher rates of untreated psychiatric disorders compared to more stable settings."
70d96f339e4e43923113416673e53a5707bbb33393907e762830ee5c77cb45f8,train,train,crowdsourced,NG,,709,Discuss the prevalence and impact of chronic kidney disease (CKD) in African populations.,"Chronic kidney disease (CKD) is a significant public health issue in African populations, with a high prevalence and impact on morbidity and mortality. Contributing factors include the high prevalence of hypertension, diabetes, infectious diseases, and genetic predisposition. Late presentation, limited access to healthcare, and lack of resources for renal replacement therapy exacerbate the burden of CKD, leading to poor outcomes and reduced quality of life."
5b7058e8b430a75576809dfe77eb68574df9039a5f316c11445fc896016a966a,train,train,crowdsourced,NG,,710,What histopathological changes are observed in African cases of endemic typhoid fever affecting the intestines?,"African cases of endemic typhoid fever affecting the intestines often exhibit transmural inflammation, ulceration, and the presence of Salmonella typhi within the intestinal mucosa. Histopathological features may include crypt abscesses, lymphoid hyperplasia, and varying degrees of inflammatory cell infiltrates in affected areas."
aca092c8fbcdff5fde975b41dc7774f491002bb365332ecd1cd3525a04b16d2e,train,train,crowdsourced,NG,,711,What traditional African remedy is used to relieve symptoms of menopause?,Drinking tea made from dried leaves of the red clover plant (Trifolium pratense) or consuming red clover supplements is believed to help alleviate menopausal symptoms in some African cultures.
1d794274d23f75455e2366874dbff5aea8e5048f998e8348b1e2e2bb5334122c,train,train,crowdsourced,NG,,712,What is the primary method used for diagnosing hemolytic anemia associated with liver abscesses in Africa?,"Liver function tests, imaging studies such as ultrasound or CT scan, and blood cultures are the primary methods used for diagnosing hemolytic anemia associated with liver abscesses in Africa."
f9ba5026b1295081d5f09a5e9a6852e1e8ba2610d478cde8777028d7bfd026db,train,train,crowdsourced,NG,,713,How does the management of skin infections in refugee populations differ in African refugee camps compared to well-resourced settings?,"Management of skin infections in African refugee camps may involve basic hygiene practices, topical medications, and limited access to healthcare services."
9742ba2cf22412d115d2b2d8934d9ce611b6efb07b5725969f0d6d4edac6fb79,train,train,crowdsourced,NG,,714,How do certain African societies manage symptoms of acne?,Applying aloe vera gel or tea tree oil topically to affected areas is a traditional method used to reduce inflammation and alleviate symptoms of acne in some African cultures.
e137b7500a5c729f48bcfd1a3561adb3456c0e96fe4026c84345d6a0ebcebbef,train,train,crowdsourced,NG,,715,What is the primary cause of chronic lung disease in adults in Africa?,"Tobacco smoking is the primary cause of chronic lung disease in adults in Africa, including chronic obstructive pulmonary disease (COPD), lung cancer, and interstitial lung diseases. Factors such as increasing tobacco consumption, indoor air pollution, and occupational exposures contribute to the high burden of chronic lung disease in the region"
11892680a366522c96ede300fd341f39487624ca7d22486cde714e12078df3a9,train,train,crowdsourced,NG,,716,What is the recommended first-line treatment for uncomplicated acute bronchiolitis in infants in Africa?,"Supportive care, such as hydration, nasal suctioning, and oxygen therapy as needed, is the recommended first-line treatment for uncomplicated acute bronchiolitis in infants in Africa, with consideration for bronchodilators in select cases."
d95c78532226114745ac0e63f35ab32e5475b4972c3a9963da4438f6e91ce8b9,train,train,crowdsourced,NG,,717,What is the typical progression of untreated malaria in endemic African regions?,"Untreated malaria can progress from uncomplicated malaria to severe malaria, potentially leading to organ failure and death."
7764f287e3c6122be3e586f99781384178db0b5319141e2c5c9ccc931f3efef0,train,train,crowdsourced,NG,,718,"Which mosquito-borne viral disease has seen outbreaks in Africa and is characterized by fever, joint pain, and rash?","Chikungunya, a mosquito-borne viral disease caused by the chikungunya virus (CHIKV), has seen outbreaks in Africa. It is characterized by symptoms such as fever, joint pain, rash, and debilitating arthritis. Chikungunya is transmitted to humans primarily by Aedes mosquitoes, particularly Aedes aegypti and Aedes albopictus, which are prevalent in tropical and subtropical regions of Africa."
1be78659d9a2090856b561b8d4f0710f977f6717267a6f5fd725e73d8ce7e3f4,train,train,crowdsourced,NG,,87,"How does the prevalence of diabetes in Africa compare to other regions, and what are the contributing factors?","Diabetes is becoming more prevalent in Africa, partly due to urbanization, changes in lifestyle (such as diet and physical activity), and genetic predisposition."
7c8650db506bf837f30061b36c0933ddde6a10b86f3ece0ed3a4fae2711ba420,train,train,crowdsourced,NG,,719,Which nutritional deficiency is a common cause of macrocytic anemia in Africa?,"Folate deficiency is a common cause of macrocytic anemia in Africa, often due to poor dietary intake of folate-rich foods such as leafy green vegetables."
53afdb708051789f92ddf318bc5c901751ab22f3378f7a8389d92664721a2df0,train,train,crowdsourced,NG,,720,How do certain African societies manage symptoms of carpal tunnel syndrome?,Applying cold compresses or poultices made from turmeric paste or ginger to the affected wrist is a traditional method used to alleviate pain and reduce inflammation associated with carpal tunnel syndrome in some African communities.
2e9cfae871a93f3cb622907ab89452be301fa2fbbcb014ecd6535ceef3a99530,train,train,crowdsourced,NG,,721,What is the most common infectious disease in Africa?,"Malaria is the most common infectious disease in Africa, transmitted by mosquitoes."
46aa332f0a4750b243a7c0fa3318962992d985540027623b61bcdb4c98804771,train,train,crowdsourced,NG,,722,Describe the histopathological changes observed in African cases of endemic trypanosomiasis affecting the heart.,"African cases of endemic trypanosomiasis affecting the heart often exhibit myocarditis, with inflammatory infiltrates, fibrosis, and the presence of Trypanosoma brucei parasites within myocardial cells or interstitial tissue. Histopathological features may include cardiomyocyte hypertrophy, interstitial fibrosis, and varying degrees of inflammatory cell infiltrates in affected areas."
4367747959fdc834911acdcc16fa8109be5983ea652ad7d1af4e48c2300c1e98,train,train,crowdsourced,NG,,723,What are the main factors contributing to the spread of antibiotic resistance in African countries?,"Factors contributing to the spread of antibiotic resistance in African countries include overuse of antibiotics, poor infection control practices, and limited access to quality healthcare."
7e679f564f7ccab841e13f1c9ee8757cde3bb9e17e9c22df939b12806fb70477,train,train,crowdsourced,NG,,724,What are common traditional remedies for treating headaches in Africa?,"Herbal teas made from plants like feverfew, peppermint, or basil are often used to treat headaches in African traditional medicine."
7bf1aab7da3a8494c892df63440048c30ac22164560ce7c0817df7896b687775,train,train,crowdsourced,NG,,725,How can communities address the impact of conflict and displacement on health in Africa?,"By providing access to humanitarian aid, mental health support services, and rebuilding healthcare infrastructure, communities can mitigate the health effects of conflict and displacement."
754d45574a267dd210b8e5e9f01b0387ae8a87e6b56a2a512e06e7cec029743c,train,train,crowdsourced,NG,,726,"Explain the epidemiology, clinical features, and management of yellow fever outbreaks in African populations.","Yellow fever outbreaks in African populations are caused by the yellow fever virus transmitted by infected mosquitoes, primarily Aedes aegypti. The virus circulates in tropical regions, particularly in sub-Saharan Africa, where unvaccinated populations are at risk.
Clinical features of yellow fever include fever, headache, muscle pain, nausea, and vomiting, progressing to more severe symptoms such as jaundice, hemorrhage, and organ failure in severe cases.
Management involves supportive care to alleviate symptoms, with no specific antiviral treatment available. Prevention relies on vaccination campaigns targeting at-risk populations, vector control measures to reduce mosquito breeding sites, and surveillance to detect and respond to outbreaks promptly.
By implementing vaccination and vector control strategies effectively, African populations can prevent yellow fever outbreaks and reduce morbidity and mortality associated with the disease."
45d5e6a76dbcc65f53e0bdc48a70984e7a37ebb8fc313ba8f872c354f385b7e2,train,train,crowdsourced,NG,,727,How does the prevalence of malnutrition affect pediatric healthcare in rural African regions?,"Malnutrition contributes to higher rates of childhood morbidity and mortality, necessitating targeted interventions such as nutritional supplementation and education."
0b39475d33b26a28bd84d4db8ff81799e6a0924175720206eeace44db3e80646,train,train,crowdsourced,NG,,728,What indigenous African remedies are used for managing chronic pain conditions like fibromyalgia?,"Africans may use herbs like Devil's claw, ginger, and turmeric to help manage chronic pain conditions like fibromyalgia, as well as engaging in practices like acupuncture and massage therapy."
cb5ccd70d81ee5ad2a9a88c939f6f96d978df4c6e21702804ba8e40f890cfca8,val,train,crowdsourced,NG,,729,"In African populations, which bone is commonly affected by sickle cell disease, leading to increased risk of bone infarctions and osteomyelitis?","The femur, prone to complications from sickle cell disease, often presents with bone infarctions and osteomyelitis in African patients."
1aa309fa6c5a72f53e0943baf3b4232d2c60070fb36a4cf2fb9b5768cc342900,train,train,crowdsourced,NG,,730,What traditional African remedy is used to manage symptoms of impetigo (skin infection)?,Applying crushed garlic cloves or onion juice topically to the affected area is a common practice in Africa to promote healing and reduce bacterial growth associated with impetigo.
c768ca1829ee9ce5499790c237d75b647d88a653763c23dfd8f55b481bae182c,val,train,crowdsourced,NG,,731,"Which vaccine-preventable disease, still prevalent in some African countries, causes severe coughing fits, respiratory distress, and can be fatal, particularly in infants and young children?","Pertussis, or whooping cough, is still prevalent in some African countries due to factors such as inadequate vaccination coverage, limited access to healthcare, and challenges in disease surveillance and control. Infants and young children are particularly vulnerable to severe complications and death from pertussis infection."
709227103e57fd8674757110a3ce1e3e14d3dc09fe8c37502047e316773aec4b,val,train,crowdsourced,NG,,732,"Describe the etiology of Buruli ulcer, a neglected tropical disease prevalent in some African countries.","Buruli ulcer is caused by infection with Mycobacterium ulcerans, a bacterium that produces a toxin leading to tissue destruction."
196d333416fb0a70fd4b431f3f314227dfaaca189d4911db15ec0903e8e7797c,train,train,crowdsourced,NG,,733,What traditional African remedy is used to manage symptoms of fibromyalgia?,Massaging the affected areas with warm castor oil or applying turmeric paste topically is a common practice in Africa to alleviate pain and reduce inflammation associated with fibromyalgia.
2959a036bc7eb9313ccaf2206366df9ce3d6c9df9a10d4c23aa7775c9f56f480,train,train,crowdsourced,NG,,734,What is the first-line treatment for uncomplicated trachoma in Africa?,Tetracycline eye ointment is the first-line treatment for uncomplicated trachoma in Africa due to its effectiveness in eliminating Chlamydia trachomatis bacteria from the conjunctiva. Mass drug administration (MDA) with azithromycin or doxycycline may also be used to control trachoma in endemic communities.
3795fd6e3e01df0e3cea517ec314389364330e99c322a9c0ec5c905e145ac0f3,train,train,crowdsourced,NG,,735,What indigenous African plant is used to manage symptoms of constipation?,Consuming dried fruits of the senna plant (Senna alexandrina) or drinking senna tea is a traditional method used to relieve constipation in many African cultures.
225f8fbeba15cceb5589b3598c293669ab06aa9078b30e93767ace3b40edae34,val,train,crowdsourced,NG,,736,How does the prevalence of diabetes differ among African ethnic groups?,"Diabetes prevalence varies among African ethnic groups, with some populations, such as the Pima people in Kenya, having higher rates compared to others due to genetic predisposition and lifestyle factors."
58afda5713b15285360c40c8dd01428abfb60d23373677a688bea150bdc61575,val,train,crowdsourced,NG,,29,What are the common causes of maternal mortality in Africa?,"Common causes of maternal mortality in Africa include hemorrhage, infection, hypertensive disorders, and obstructed labor."
a86a205f2bc5a18a1cf5abb2b2df86749df17b59c0298cfe9e568caa9ae17618,train,train,crowdsourced,NG,,737,What are the challenges in providing rehabilitation services for survivors of traumatic injuries in African countries compared to developed nations?,"Limited access to rehabilitation facilities, trained professionals, and assistive devices pose challenges for survivors of traumatic injuries in African countries. Community-based rehabilitation programs and capacity building are essential."
85e41289b19ea99f555090e8c9c7cda75dd72ee6906d72fbda5a321e365fd4ba,train,train,crowdsourced,NG,,91,What is the recommended first-line treatment for uncomplicated acute otitis media in children in Africa?,"Amoxicillin is the recommended first-line treatment for uncomplicated acute otitis media in children in Africa, with amoxicillin-clavulanate reserved for cases of treatment failure or recurrent infections."
2685af703eb5974a85ec92a4e0e24f0e82fd8c1fbb82bacfc93bf5a4f0ca9fd3,train,train,crowdsourced,NG,,738,How do cultural beliefs about childbirth pain influence attitudes towards pain management during labor in African communities?,Beliefs about the naturalness of childbirth pain may influence attitudes towards pain management interventions
f36159a3c004c05a8dad3099b2a0559816815b74610bba85c2442477f9dbeb44,train,train,crowdsourced,NG,,739,What are some culturally specific considerations in providing surgical care in Africa?,"Cultural considerations in Africa may include respecting traditional healing practices, accommodating family involvement in decision-making, and addressing language and communication barriers to ensure effective patient-provider interaction."
21d880c5af52b286b29c6854c81ee0551e4b637c2754baa4cde3db8485610aac,train,train,crowdsourced,NG,,519,What is the primary mode of transmission of HIV in Africa?,"Heterosexual transmission is the primary mode of HIV transmission in Africa, accounting for the majority of new infections."
2dc6463be5b95f9660a8d9a4ed49d34ce5eb65e7e6d9091c298c7f84283f9f56,train,train,crowdsourced,NG,,740,What is the recommended first-line treatment for severe thrombocytopenia due to dengue fever in Africa?,Supportive care with close monitoring of platelet counts and hydration is the recommended first-line treatment for severe thrombocytopenia due to dengue fever in Africa. Platelet transfusion may be considered in cases of severe bleeding or hemorrhage.
f170a2f2d72e29e3c8b7058f4f9a657a6cc9064e161c9c8673d38ed8514d7595,train,train,crowdsourced,NG,,741,What are common traditional methods of wound care in African cultures?,"Common methods may include the application of poultices made from medicinal plants, such as aloe vera or turmeric, as well as the use of specific rituals or ceremonies believed to promote healing and protect against infection."
36aab0b34cc4d4c3ef81139b1f9636a5832b1d267fde13c0abbb872cf2840400,val,train,crowdsourced,NG,,742,Describe the histopathological changes observed in African cases of endemic toxoplasmosis affecting the brain.,"African cases of endemic toxoplasmosis affecting the brain often exhibit focal necrosis, inflammation, and the presence of Toxoplasma gondii cysts or tachyzoites within the brain parenchyma. Histopathological features may include perivascular cuffing, microglial nodules, and varying degrees of gliosis and neuronal degeneration in affected areas."
0b95290124fb4696bd9bcd2fe1bc317188f44c41d4683b9bb9f47d25b10b2f23,train,train,crowdsourced,NG,,743,"Which bacterial infection, commonly found in Africa, is transmitted through the bite of infected fleas and causes symptoms such as fever, headache, and swollen lymph nodes (buboes)?","Bubonic plague, caused by the bacterium Yersinia pestis, is commonly found in certain regions of Africa. It is transmitted to humans through the bite of infected fleas that typically infest rodents."
4e7b19357aa99f5c503ac152d77f5e958fab46f9c9bdb88e3bdbb8105fc7ab8a,train,train,crowdsourced,NG,,744,How do certain African cultures traditionally support individuals experiencing menstrual irregularities?,"Traditional methods for managing menstrual irregularities in Africa may involve using herbs like Vitex agnus-castus (chasteberry), engaging in rituals or ceremonies, and seeking guidance from traditional healers."
3e187fadb6220a5de16a8dad66d521bd44009e9f441c0acc52ce8b2fadc220cf,val,train,crowdsourced,NG,,745,Describe the histopathological changes observed in African cases of endemic visceral leishmaniasis affecting the spleen.,"African cases of endemic visceral leishmaniasis affecting the spleen often exhibit hyperplastic white pulp with depletion of lymphocytes, red pulp congestion, and the presence of Leishmania amastigotes within histiocytes or macrophages. Histopathological features may include splenic architecture disruption, sinusoidal dilation, and varying degrees of fibrosis and necrosis."
d35151ab0e114311ec282027c8dafb40aacc0b5f51b0073e7c55cb4bb8ef2ded,val,train,crowdsourced,NG,,746,What indigenous African plant is used to manage symptoms of bronchitis?,Drinking tea made from dried leaves of the African potato (Hypoxis hemerocallidea) or pelargonium root (Pelargonium sidoides) is believed to help alleviate cough and congestion associated with bronchitis in Africa.
870f28d5d1df1cf64f1638bc1d39c74124ce41b9afe9c21ef59f141be5cd28f5,train,train,crowdsourced,NG,,747,What indigenous African remedies are used for managing symptoms of attention deficit hyperactivity disorder (ADHD)?,"Africans may use herbs like ginkgo biloba, gotu kola, and bacopa to help manage symptoms of ADHD, as well as engaging in activities like outdoor play and mindfulness exercises to support concentration and focus."
746b5c421fbeca010f876e34343c3efded1611c12601d4246db12e1b152685f4,train,train,crowdsourced,NG,,748,How does the prognosis of cervical cancer differ in African women compared to Western populations?,"The prognosis of cervical cancer in African women is often worse due to late presentation, limited access to treatment, and other socioeconomic factors."
f996ff6f2c75ff18afeb225c8131ddff66099f6e0257d4b0bfe2755ca65f3151,train,train,crowdsourced,NG,,749,What are the environmental and occupational risk factors associated with respiratory diseases in artisanal mining communities across Africa?,"Artisanal mining communities in Africa are exposed to various respiratory hazards including dust, fumes, and toxic chemicals, leading to a higher prevalence of respiratory diseases such as silicosis, pneumoconiosis, and chronic obstructive pulmonary disease (COPD) compared to non-mining populations."
5e13908150266c0f5544089d6f3ba9d6c7115deaace3ed535f148f40a435e05a,val,train,crowdsourced,NG,,624,Describe the role of traditional medicine in healthcare delivery in Africa.,"Traditional medicine plays a significant role in healthcare delivery, particularly in rural areas where access to modern healthcare is limited. However, challenges include standardization, regulation, and integration with conventional healthcare systems."
c3dd1f8d1f6544d4a348a5769ccb763fa9c790227d692d460250ca7d59674929,train,train,crowdsourced,NG,,750,Which condition is characterized by the presence of endometrial tissue outside the uterus and is a leading cause of pelvic pain and infertility in African women?,"Endometriosis is characterized by the presence of endometrial-like tissue outside the uterus, commonly affecting the pelvic peritoneum, ovaries, and fallopian tubes. This condition is a leading cause of pelvic pain and infertility in African women, with symptoms such as dysmenorrhea, dyspareunia, and dyschezia."
ab4d2f4f16aa773a2f1a9377facb96066a7d6da5669cab499452056fc9da4368,train,train,crowdsourced,NG,,751,"How does the prevalence of mental health disorders, such as depression and anxiety, vary across different socio-economic groups in Africa, and what are the barriers to accessing mental healthcare services?","Mental health disorders are prevalent across various socio-economic groups in Africa, but disparities exist in terms of access to mental healthcare services. Factors such as poverty, stigma, cultural beliefs, inadequate mental health infrastructure, shortage of trained mental health professionals, and limited awareness contribute to barriers in accessing mental healthcare"
9753ca376b663cfcb21c33775c729a65129f98250460ae4dd44d82a7ecd09d8f,train,train,crowdsourced,NG,,752,"Which parasitic disease, transmitted by the bite of infected tsetse flies, affects both humans and animals in Africa?","African animal trypanosomiasis, also known as Nagana, is a parasitic disease transmitted by the bite of infected tsetse flies. It affects both humans and animals, primarily livestock, causing symptoms such as fever, weakness, anemia, and neurological disturbances. The disease has significant economic implications for agriculture and livestock production in affected regions of Africa."
093821e26261916dc2935d53b816a1d2cc556bdabd310af278b254207a4d87ca,train,train,crowdsourced,NG,,753,"How do traditional healing practices and spiritual beliefs influence the management of chronic illnesses, such as diabetes and hypertension, in African populations?","Traditional healing practices may be integrated with biomedical treatments or preferred over modern medicine due to cultural beliefs, impacting treatment adherence and health outcomes for individuals with chronic illnesses."
f6c9cd6a78f3e8124e844e9635053cd4f3237cf059694c0f0767e698ca27225f,train,train,crowdsourced,NG,,754,Which condition is characterized by the abnormal curvature of the penis during erection and is a common cause of sexual dysfunction in African men?,"Peyronie's disease is characterized by the abnormal curvature of the penis during erection, resulting from fibrous plaque formation in the tunica albuginea. African men with Peyronie's disease may experience penile pain, erectile dysfunction, and difficulty with vaginal penetration, requiring multidisciplinary management approaches."
252693569d47da563e5ebbd54173d266e112594ed1ea08f9749cf04ad4213262,train,train,crowdsourced,NG,,755,"How do traditional healing practices and cultural beliefs influence the management of mental health disorders in rural communities in West Africa, and what are the implications for integrating traditional and biomedical approaches?","Traditional healing practices and cultural beliefs often shape the perception and management of mental health disorders in rural West African communities, emphasizing spiritual or ancestral causes and traditional healing methods. Integrating traditional and biomedical approaches requires collaboration between traditional healers and healthcare professionals to provide culturally sensitive and effective care."
28fb00576fcb822a1c27864ce40e7db1ebfa0772022d84174f0800a3f0876f31,train,train,crowdsourced,NG,,756,"Describe the clinical presentation, diagnostic workup, and management of diabetes mellitus in Nigerian patients.","Diabetes mellitus is a significant health issue in Nigeria, with type 2 diabetes being the most common form. Clinical presentation includes polyuria, polydipsia, weight loss, and blurred vision. Diagnostic workup involves fasting blood glucose or oral glucose tolerance test. Management includes lifestyle modifications, oral hypoglycemic agents, insulin therapy, regular monitoring of blood glucose levels, and screening for diabetic complications."
166c7093b4682be52df43d2861db320b72f8bdeab1c28f92d8d2e39587dc0a94,train,train,crowdsourced,NG,,757,What indigenous African plant is used to manage symptoms of gout?,Drinking tart cherry juice or consuming extracts from the leaves of the devil's claw plant (Harpagophytum procumbens) is believed to help alleviate symptoms of gout in some African communities.
953312d3396cf29a501cd16b74b6a6b65c708c63a0c6988a2e803d87191911e0,train,train,crowdsourced,NG,,758,"What are the gender-specific barriers to accessing reproductive health services, including contraception and maternal healthcare, for adolescent girls in conflict-affected regions of Central Africa, and how can these barriers be addressed?","Gender-specific barriers, such as early marriage, sexual violence, and lack of autonomy, hinder adolescent girls' access to reproductive health services in conflict-affected regions of Central Africa. Addressing these barriers requires comprehensive strategies, including legal protections, community awareness campaigns, and youth-friendly health services."
0f02c1920939c53aa1abd00ffe26e379036455f8e3d078a803dfa972279b6a1d,train,train,crowdsourced,NG,,759,"How does the prevalence of waterborne diseases in Africa, such as cholera and typhoid fever, differ between urban and rural areas, and what are the primary interventions needed to reduce the burden of these diseases?","Waterborne diseases pose a significant public health challenge in both urban and rural areas of Africa, but the prevalence may vary depending on factors such as access to clean water and sanitation facilities. In urban areas, overcrowding and inadequate infrastructure can contribute to the spread of waterborne diseases, while in rural areas, reliance on unsafe water sources and poor sanitation practices are major risk factors. Primary interventions to reduce the burden of waterborne diseases include improving access to clean water through infrastructure development, promoting proper sanitation and hygiene practices, implementing water treatment methods, conducting health education campaigns, and strengthening surveillance and response systems for early detection and management of outbreaks."
7f8d5806cea22e853b09ef422ba274d79bd89c423dbfefd0cf9f732057101100,train,train,crowdsourced,NG,,760,What are some traditional methods of wound healing in African cultures?,"Traditional methods may involve the use of plant extracts, such as aloe vera or shea butter, as well as specific rituals or ceremonies believed to promote healing."
493c772153a716385752ab867da01feeac18bd3c9d1991c9c70779ff4bc7a2a0,val,train,crowdsourced,NG,,66,How does the management of blindness differ in African populations compared to Western populations?,"Management of blindness in Africa may focus on preventive measures, such as cataract surgery and trachoma control, due to limited access to eye care services."
376074ceac2c84fc3fc1c6102fd4626891726353bfce0b0168cb281ac6791707,train,train,crowdsourced,NG,,761,Which parasitic infection is a leading cause of seizures in Africa?,"Cerebral malaria, caused by Plasmodium falciparum, is a leading cause of seizures in Africa."
b5364d40c2aec05bc4bcd10926a9475cbddc631f8369b7bcd1a465a0992ddfd8,train,train,crowdsourced,NG,,762,How does the lack of trained anesthesia providers affect surgical access and safety in Africa?,"Shortages of trained anesthesia providers contribute to delays in surgical care, limited access to anesthesia services, and increased risks of anesthesia-related complications in African healthcare settings."
cf8b91dfe11d229e65259a3eccefd5eb91d610ed3fc6a810db02c71113c2fbfd,train,train,crowdsourced,NG,,763,What is the prevalence of malnutrition among elderly populations in Africa?,"Malnutrition among elderly populations in Africa is often underreported but is a significant concern, particularly in regions affected by food insecurity and poverty."
10b5f8aa0683401469106e39029855a29da110188a874f5b92e06b5806d48e5c,train,train,crowdsourced,NG,,764,Explain the role of community health workers (CHWs) in improving healthcare delivery in rural areas of Nigeria.,"Community health workers play a crucial role in improving healthcare delivery in rural areas of Nigeria by providing basic health services, health education, disease prevention, and promoting healthy behaviors within communities. They act as a bridge between communities and formal healthcare systems, helping to increase access to healthcare, improve health outcomes, and reduce health disparities."
ae27dfb3af200b7b691188e81d676fbdf2f552756c6f9c895aa772bdf68569a4,train,train,crowdsourced,NG,,765,How do some African communities manage symptoms of oral herpes (cold sores)?,Applying honey or propolis (bee glue) topically to the affected area is a traditional method used to promote healing and alleviate pain associated with oral herpes in Africa.
e46d4dfc677fa807caf16066273f9f9a6275fd3f8194131db3d78f8c352d0c85,val,train,crowdsourced,NG,,766,Which condition is the most common cause of hypercalcemia in Africa?,"Albinism is a genetic condition that results in a lack of melanin pigment in the skin, hair, and eyes. In African populations, individuals with albinism face significant dermatological implications due to their fair skin. They are at a much higher risk of sunburn and skin cancer, particularly squamous cell carcinoma and basal cell carcinoma, because of their lack of natural protection from the sun's UV radiation. Regular use of sunscreen, protective clothing, and routine dermatological examinations are essential to manage these risks and monitor for early signs of skin cancer"
acf371c22996a62fa7e141fed6313f60045f1d4a957f65acdb0aa27c04a73a98,train,train,crowdsourced,NG,,767,What is the primary cause of neonatal mortality in Africa?,"Prematurity and low birth weight are the primary causes of neonatal mortality in Africa, accounting for a significant proportion of deaths within the first month of life. Factors such as inadequate prenatal care, maternal malnutrition, and limited access to neonatal intensive care contribute to the high neonatal mortality rate in the region."
c4e3ef27f652e9b7faedf9f75a39b4dd0397f703a888394d3349b2db4a4084ae,train,train,crowdsourced,NG,,156,What is the recommended first-line treatment for severe anemia due to trypanosomiasis in Africa?,Treatment of the underlying trypanosomal infection with medications such as suramin or melarsoprol is the recommended first-line treatment for severe anemia due to trypanosomiasis in Africa.
7d11cef38fa343935065bcfb4d2afc35f7d89b96ad654b8510d82687decac9b2,train,train,crowdsourced,NG,,768,"Among African communities, what mitochondrial disorder is associated with Leigh syndrome and may present with progressive neurologic deterioration and respiratory failure?","Leigh syndrome, prevalent in some African populations, can manifest with progressive neurologic deterioration and respiratory failure, posing significant health challenges."
861707f0af7acff911d07d962903194467f44bd0271b22c8bcdae0592d245c51,train,train,crowdsourced,NG,,57,What is the primary cause of chronic kidney disease (CKD) in adults in Africa?,"Hypertension is the primary cause of chronic kidney disease (CKD) in adults in Africa, contributing to the high burden of end-stage renal disease (ESRD) in the region. Factors such as genetic predisposition, lifestyle factors, and limited access to healthcare services contribute to the high prevalence of hypertension-related CKD."
5bc425bd0824a56be5655722401aaec569a5ab0e28bae9024858e0b008a7fb43,train,train,crowdsourced,NG,,769,What histopathological features characterize African cases of endemic angiostrongyliasis affecting the central nervous system?,"African cases of endemic angiostrongyliasis affecting the central nervous system often exhibit meningitis, with inflammatory infiltrates, eosinophils, and the presence of Angiostrongylus cantonensis larvae within the meninges or brain tissue. Histopathological examination may reveal vasculitis, neuronal degeneration, and varying degrees of inflammatory cell infiltrates in affected areas."
3cbc9599e410100a82f836e224cb493dd6c795936352372361428b6e97fd7ac1,train,train,crowdsourced,NG,,770,How can healthcare systems in Africa address the challenges of diagnosing and managing liver cancer?,"Healthcare systems in Africa can address the challenges of diagnosing and managing liver cancer by strengthening early detection and screening programs, improving access to diagnostic tools (AFP testing, imaging studies, biopsy), enhancing capacity for oncology and hepatology care, expanding treatment options (surgery, radiotherapy, chemotherapy, targeted therapies), facilitating multidisciplinary collaboration, and promoting public awareness about risk factors, symptoms, and preventive measures. These efforts require political commitment, investment in healthcare infrastructure, workforce training, and international collaboration to improve outcomes for patients with liver cancer."
445ae6101e683ac954ef33a1ebec5905e53c6dec3ee9bd2c7584b85e9e6b0215,train,train,crowdsourced,NG,,771,Which endemic infection in Africa is a risk factor for the development of thrombotic thrombocytopenic purpura (TTP)?,"Endemic infections such as HIV and schistosomiasis in Africa are risk factors for the development of thrombotic thrombocytopenic purpura (TTP), although the exact mechanisms are not fully understood."
498e9cd0d604892305322f77bd7a2d07cdec8a6a18802f6acc1455835e9e2990,val,train,crowdsourced,NG,,772,What is the primary mode of transmission of Cholera in Africa?,"Cholera is primarily transmitted through the consumption of contaminated food or water in Africa, particularly in areas with poor sanitation and hygiene practices."
d4647db3ec66879202a651b55984ada28a562fb24bb5f76f091ed9b0247c3329,train,train,crowdsourced,NG,,773,How do certain African societies manage symptoms of dysentery?,Consuming boiled guava leaves or drinking guava leaf tea is a traditional remedy used to alleviate symptoms of dysentery in some African cultures.
383e3675d7a40ff774f53f3d75f9c6e2c1d733099a29da0f4fecca2a79012475,train,train,crowdsourced,NG,,304,What is the primary cause of chronic liver disease in children in Africa?,"Hepatitis B virus (HBV) infection is the primary cause of chronic liver disease in children in Africa, leading to progressive liver inflammation, fibrosis, and cirrhosis. Vertical transmission from mother to child and early childhood exposure contribute to the high prevalence of chronic HBV infection in pediatric populations."
85138209a2dfd626f129dcbc56f3ad84f9e12b8fa570690702b633cdac4dfa77,train,train,crowdsourced,NG,,486,What is the primary method used for diagnosing hemolytic anemia associated with thalassemia in Africa?,Hemoglobin electrophoresis or high-performance liquid chromatography (HPLC) is the primary method used for diagnosing hemolytic anemia associated with thalassemia in Africa. This test identifies the abnormal hemoglobin variants characteristic of thalassemia.
0a9717d6b6379f76fbe9b22538ac077b357c2ef48f036755e8d733273fd9810a,val,train,crowdsourced,NG,,774,What strategies are effective in preventing the spread of Ebola virus in African countries?,"Strategies include early detection, isolation of cases, contact tracing, community engagement, and vaccination campaigns."
0e38b0cf54fc3bf5561e23232bae68468e80e6d3a0b0c35849a9fb59c4eafd20,val,train,crowdsourced,NG,,775,What is the role of community health workers in malaria control programs in Nigeria?,"Community health workers play a crucial role in malaria prevention and treatment by providing education, distributing bed nets, conducting rapid diagnostic tests, and administering antimalarial medications at the community level.
Reason: Community health workers are essential in reaching remote and underserved populations in Nigeria with malaria prevention and treatment interventions. Their involvement in community-based malaria control programs helps increase access to essential services, improve health outcomes, and reduce malaria transmission rates."
eecceb005972b69bd322e2da7db0047522fba105ebbc5c9c2e6497727ca20c80,val,train,crowdsourced,NG,,776,"Among African communities, what bone fracture is commonly seen in individuals engaged in traditional stick-fighting or martial arts?","Clavicle fractures, prevalent among African martial artists and stick-fighters, require prompt diagnosis and appropriate management to prevent complications."
327e8bebd36856947edee4786ad22e71f1aca22f384446e61e0ffcdc7202f8f8,train,train,crowdsourced,NG,,777,How prevalent is sickle cell anemia in African populations?,Sickle cell anemia is more prevalent in African populations due to genetic factors.
c23b643514f05fb8b76914d8fdba0c32fc2d5df90728fb39f2aaece56de9a62b,test,test,expert,KE,General_Surgery,778,Differentiate R1 from R2 pathology report following a gastrectomy for gastric carcinoma,"R1= evidence of microscopic disease in the margins,
R2= evidence of macroscopic disease in the margins"
a4b9e5d0afb6aa92648b6e9298e6280dfbfebaaaf7069bbc70c6ce24d2581674,test,test,expert,KE,General_Surgery,779,What key nutritional complications occur in the patient following a total gastrectomy,"Weight loss from low volume of food intake,
iron deficiency anemia due to intrinsic factor deficiency,
osteoporosis due to low calcium absorption,
Low Cholecystokinin causes low absorption of fat-soluble vitamins"
bfe899a3f30fc2cb258b2f5438491c5472140ab272a78c3a62dbcff4b5ce1117,test,test,expert,KE,General_Surgery,780,Give indications for surgery in a patient with peptic ulcer disease,"Perforation,
bleeding,
intractable pain,
recurrences despite treatment,
gastric outlet obstruction,
suspected neoplasm"
6716b8c42b5502df5ccd008ecfd25880ef9ce13366a7dea5f58424100ecccd94,test,test,expert,KE,General_Surgery,781,"An adult male with epigastric pain and weight loss, is admitted to the surgical unit. He reports having completed a course of H. Pylori therapy a few weeks earlier but the pain has persisted. Following endoscopic evaluation, it is decided that he undergoes a total gastrectomy for an ulcerative gastric carcinoma. Name THREE (3) methods for assessing the possibility of Helicobacter Pylori infection in this patient","Urea breath test,
serology (rapid urease test),
stool antigen test"
b83d29fe6d11b9676ea62cba1a802d93a15019aab62b88bd5bf7d5977fc4605c,test,test,expert,KE,General_Surgery,782,List four (4) possible complications of a large goiter,"• Upper airway obstruction
• Dysphagia
• Recurrent laryngeal palsy
• Jugular compression
• Horner’s syndrome
• Tracheomalacia"
1f05d63950a9a684fc65d7e71737035fcd74c95480e05ae2c28b28084b57cad1,test,test,expert,KE,General_Surgery,783,What is the treatment for this patient with toxic diffuse goiter,"• Symptomatic management with beta blockers
• Disease control
a. Carbimazole/ propylthiouracil
b. Radioactive Iodine
c. Dexamethasone/prednisone
d. Lugols iodine
• Thyroidectomy when euthyroid"
b3a4a19c4aed1bb27bf550933d0c99384725da3eeb82b4518b0c835a1bf8995d,test,test,expert,KE,General_Surgery,784,"A 45-year-old woman is referred to the general surgical outpatients after her GP noticed a swelling in the neck. On questioning, the patient reports losing about 12kg in weight over the preceding 3 months, despite having an increased appetite. She also complains that she always feels hot and has to sleep on top of the bed covers at night. Her bowel motions have been loose. On further examination the surgeon makes a diagnosis of Grave’s disease. What are the initial investigations of this patient?","Bloods:
o Thyroid function tests
o Thyroid peroxidase antibodies (TPO Abs)
o TSH receptor antibodies (TR Abs)
Imaging:
o Ultrasound (USS)
Pathology:
o Fine needle aspiration (FNA)"
ead9ec39dfb20bd2c94f8253369751751d45b86997688951d6b23a2b46a5feea,test,test,expert,KE,General_Surgery,784,"A 45-year-old woman is referred to the general surgical outpatients after her GP noticed a swelling in the neck. On questioning, the patient reports losing about 12kg in weight over the preceding 3 months, despite having an increased appetite. She also complains that she always feels hot and has to sleep on top of the bed covers at night. Her bowel motions have been loose. On further examination the surgeon makes a diagnosis of Grave’s disease. List FOUR (4) examination signs noticed by the surgeon specific to Grave’s disease","o Exophthalmos
o Chemosis
o Ophthalmoplegia
o Thyroid acropachy
o Pretibial myxedema"
ab0c3fa8ec853dc6cb82bf8526d5c1db4f4b9ffd2ac7eb7acebf610fdc687345,test,test,expert,KE,General_Surgery,785,What explains the higher frequency of hepatic abscesses on the right lobe than on the left lobe,Anatomical orientation or RPV from PV. it's called Streamline phenomenon
a0a8ba709f4d801f2b4b359e72c5d3a4f64ea49f87fea7d5309adf37708df748,test,test,expert,KE,General_Surgery,786,Outline the “PAIR” procedure used in managing a case of hydatid cyst.,"puncture (P), Aspiration (A), Instillation (I), and Reaspiration (R)"
ab96db8ab3bff58ebd1bd693a502f0b13837f6c2d24182d980c96ef88871fb8e,test,test,expert,KE,General_Surgery,787,"An adult alcoholic male present with right upper quadrant pain and a low-grade fever for 4 days. On examination he has marked right upper abdominal tenderness extending to the low intercostal spaces. On Ultrasonography a large cystic mass is noted on the right lobe of the liver. List five (5) aetiologic sources, and the route for each source, for pyogenic liver abscesses","Portal vein from GI,
Hepatic artery from septicemia,
Biliary tree from cholangitis,
Umbilicus from sepsis,
Local extension spread chest, diaphragm, abdominal wall"
3ae7deced40e38cc018a81d9272ccac3b2e07aadb7ab6a3769af71100bfccc6f,test,test,expert,KE,General_Surgery,787,"An adult alcoholic male present with right upper quadrant pain and a low-grade fever for 4 days. On examination, he has marked right upper abdominal tenderness extending to the low intercostal spaces. On Ultrasonography a large cystic mass is noted on the right lobe of the liver. What specific management would you initiate in managing this patient?","Antibiotics, and Aspiration/Drainage"
bbf69fd1ad8f24689e1a7465323ee930682dacfc1c5fffe0504addc1d01a590a,test,test,expert,KE,General_Surgery,788,In few words state the standard treatment of first choice after these diagnoses are confirmed - Fibroadenosis - Fibroadenoma - Galactocele - Phylloides tumor - Breast cyst Rx - Mastitis,"- Fibroadenosis Rx – Analgesics (NSAIDs)
- Fibroadenoma Rx - Analgesics
- Galactocele Rx Repeated aspirations
- Phylloides tumor Rx – Wide excision
- Breast cyst Rx – Aspiration or Enucleation
- Mastitis – Antibiotics/analgesics"
5c9b4402737826d84e8cd4899d75ec9ec64d143fcb464ac49863b97d3b9781f7,test,test,expert,KE,General_Surgery,789,"A 35-year-old lady presented with a six months history of a painful breast lump. The pain was cyclical (premenstrual). She is para 4+0 and she breast fed all her children. The breast lump was in the left upper outer quadrant. It measured 2X2 cm, not tender, mobile, firm, no clear margins and not attached to the skin. Both breasts felt lumpy and granular. The ipsilateral axillary nodes were not palpable. Other systems were normal. Histological evaluation is negative for malignancy Enumerate most likely differential diagnoses in this particular patient","- Fibroadenosis. Fibroadenoma.
- Galactocele.
- Phylloides tumor.
- Breast cyst.
- Mastitis"
024456eb66228e57b3fedcd392c51581f9f5bc9d0f18c675a77715e2ad528644,test,test,expert,KE,General_Surgery,789,"A 35-year-old lady presented with a six months history of a painful breast lump. The pain was cyclical (premenstrual). She is para 4+0 and she breast fed all her children. The breast lump was in the left upper outer quadrant. It measured 2X2 cm, not tender, mobile, firm, no clear margins and not attached to the skin. Both breasts felt lumpy and granular. The ipsilateral axillary nodes were not palpable. Other systems were normal. Histological evaluation is negative for malignancy. a) What is your clinical diagnosis in this particular patient?",Fibroadenosis (Fibrocystic disease).
23df495b4b9ef9dfb8d30626551f1dbe7fb94e0f43b109ee0c71ee6b95a4565b,test,test,expert,KE,General_Surgery,790,What is the management of this disorder Inguinal hernia in children?,- Herniotomy
3efa7941aa37f2fdbd4310afe43f084af1711fad5b8fea92b3f93c8d94992a97,test,test,expert,KE,General_Surgery,791,"Regarding hydrocele in children, What are two the associated conditions?","- Undescended testis
- Inguinal hernia"
39da289a748b3aa5c02eca4c4e78a2f437f4c4e037669c1a793b739774a33c18,test,test,expert,KE,General_Surgery,792,List the types of hydroceles.,"- Communicating/congenital
- Infantile
- Loculated/encysted
- Vaginal"
008c6e42e6ebcb7e5031a0e34dc5d7dec8de606fe2d35bfb94322d0d67a308d0,test,test,expert,KE,General_Surgery,793,"Regarding hydrocele in children, What is the diagnostic procedure of choice.",Unltrasound
6207753bb7a696a43fa2022fa5d587bdbe3580245ca8e737b8aaa6862ef1cefa,test,test,expert,KE,General_Surgery,794,"Regarding hydrocele in children, What is the etiology?",- Persistent processus vaginalis
ed78c366243c4f40550459ae640f8f067a28bfef3cd42bfed4a8f9643f0c373b,test,test,expert,KE,General_Surgery,795,"For patients with lung cancer, state four treatment modalities and give an example.","- Surgery: Pneumonectomy, Lobectomy, Video Assisted Thoracoscopic Surgery (VATS)
- Radiotherapy: Inoperable stages, Hemoptysis, Spinal Cord Compression, Mediastinal, Intracranial
- Endobronchial treatment: Laser, radiotherapy, photodynamic
- Chemotherapy: Small cell carcinoma is more responsive"
cec0808f1c96301308d4a551efd8a3ef85758dc3fd90287d7a2ebd7028c74bd8,test,test,expert,KE,General_Surgery,796,Name FIVE (5) symptoms and for each symptom indicate the associated mechanism(s) in patients with mediastinal tumors,"- Cough: Airway narrowing, Compression
- Chest Pain: Chest wall and nerve invasion
- Dyspnea: Airway compromise, pleural effusion, pericardial tamponade, pulmonary stenosis, heart failure
- Hemoptysis: Airway invasion, pulmonary stenosis, heart failure
- Dysphagia: Esophageal narrowing, obstruction, dysmotility
- Hoarseness: Vocal cord paralysis
- Facial swelling: SVC syndrome"
b5e444f2fb9f78d7c9ecea469d5c729f06e53e724f4d3f3b547636d35455a038,test,test,expert,KE,General_Surgery,797,"A patient presents with pleural effusion. The following investigations have been done; complete blood count and chest x ray. What other investigations, laboratory(3) and imaging(3), would you request for in the evaluation of this patient?","- Pleural fluid -cytology, LDH, protein levels, sugar levels, CEA levels, ZN stain, Gene expert
- Pleural biopsy
- Thoracoscopy
- Video thoracoscopy
- Echocardiogram
- Chest CT"
73aa89590321278ae974882d2d2771f9cb640b45d8eac5be91949047f6395be8,test,test,expert,KE,General_Surgery,798,Complications of massive blood transfusion,"• Coagulopathy
• Hypocalcemia
• Hypokalemia/hyperkalemia
• Hypothermia
• Metabolic acidosis
NB: COAGULOPATHY, HYPOTHERMIA & METABOLIC ACIDOSIS make the lethal triad of death"
27a46d0916cac814954fea5c6048886467152ca53dd1610f97369c26c553c0fe,test,test,expert,KE,General_Surgery,799,End points of resuscitation,"• Vitals- pulse, blood pressure, mentation
• Urine output
• CVP
• Electrolytes
• Serum lactate
• Base deficit
• Passive leg raise test.SV > 10%. Pt is responsive
Other: pulse pressure variation, mixed venous oxygen concentration"
80a72097873526d3fd76bc8d781182cfa8d00053f4e29df0d63eb20b523b387d,test,test,expert,KE,General_Surgery,800,Indications of iv fluids,"• Resuscitation
• Administration of medications
• Cleaning and dressing of wounds
• Flushing of IV access/maintain venous access
• Correct electrolyte disturbances/imbalance
• Correct metabolic alkalosis and acidosis
• NS can be used in underwater seal drainage
• Abdomen washout during surgery’s
• Correct patients’ nutritional status-D50, albumin"
1f97461f6f5ecd741b2557a3171be97b33aab549a4e0a2f7248b4482044fb096,test,test,expert,KE,General_Surgery,801,Distribution of spaces of IV fluids,"• D5- intracellular, plasma and interstitial spaces
• NS-plasma and interstitial spaces
• RL-similar to NS
• Colloids-intravascular(plasma)"
3dde9523117476ff37e66946146fd3adf0e9d59d04a68b90db78ccfa0a8c594b,test,test,expert,KE,General_Surgery,802,Classify IV fluids giving examples,"Crystalloids-
a. Hypotonic-0.45% NS
b. isotonic -RL, 0.9% NS, D5
c. hypertonic-3% NS • Colloids
Colloids contain larger molecules which stay in the circulation for longer.
Increase oncotic pressure and can draw fluid back into the circulation. a. Plasma–derived (albumin, plasma, fresh frozen plasma)
b. Synthetic (Gelatines (Hemaccel, Gelofusine), Dextran Hydroxyethyl starch (Hetastarch or HES) and Pentastarch)
• Blood and blood products
NB: colloids used in severe hemorrhage greater than 20% with hypotension not responsive to crystalloid therapy."
1bc82d2835a0e7cef4da4e8b51f36a399752db15170951544b5e974ecf28f71d,test,test,expert,KE,General_Surgery,803,Examples of insensible losses and average volume,"Insensible fluid loss is the amount of body fluid lost daily that is not easily measured, from the respiratory system, skin, and water in the excreted stool.
Average insensible loss 8-12 ml/kg (600- 1500mls)"
eb555faafd7217d8403f02f59c1b8cd5f9e94e406f9f4b6d80685704fe36f7bd,test,test,expert,KE,General_Surgery,804,Define 3rd spacing,"• Third spacing – fluid accumulation in spaces that normally contain minimal fluid volumes (e.g., the peritoneal or pleural cavities) during surgery, anaesthesia or as a result of inflammatory conditions (e.g., sepsis)."
42640b7e63fa27cbe82d3b9d0c75d34a5bbc3feea943f01cdecf95907c045e57,test,test,expert,KE,General_Surgery,805,What makes transcellular fluid:,"Transcellular fluids include cerebrospinal fluid, synovial fluid, pleural fluid, ocular fluid, etc."
841bbf38883323e7db812706f3fe0b046f3ee598ce6aa87b62e81733866ca5dd,test,test,expert,KE,General_Surgery,806,What is the normal Body fluid distribution,"• 2/3-ICF
• I/3-ECF
• 1/3ECF=plasma
• 2/3ECF=transcellular & interstitial fluid"
fcc94e3b581dc40de8febe903f049ad2e06d679c93bb732b9810652f2f1cece1,test,test,expert,KE,General_Surgery,807,Management thyroid ca,"Specific management
• Surgery
• Followed by radioiodine ablation for remaining thyroid tissue-adjuvant therapy.
• Systemic chemotherapy in some few patients. Does not help much
• Palliative chemo for very advanced ca
• Thyroid hormone supplements"
73fa6916eb4b08e0f99e47bcad02526433f0d803ad90e93f04e3866d71277bd0,test,test,expert,KE,General_Surgery,808,Investigations thyroid ca,"• TFTs-T3, T4, TSH. Done but does not rule out malignancy
• FNAC. difficult to differentiate follicular adenoma vs follicular ca
• Serum calcitonin-elevated in medullary ca
• Tumor markers- best for monitoring therapy rather than diagnosis-include
a. Thyroglobulin-FTC, PTC
b. Calcitonin-MTC
c. CEA-MTC
• Routine lab works. -FHG, UECs/LFTs
Thyroid imaging
• US-Dx and targeted sampling
• CT, MRI, PET scan- malignancy, extent of retrosternal goitre
Radioisotope scanning"
dfd100eab5551e5cb4a062553d7789ad575c34bbf7442f66fa46ba51553c9518,test,test,expert,KE,General_Surgery,809,Types of thyroid ca,"Follicular including Hurthle cell variant
Papillary-most common
Anaplastic
Medullary
Others-Lymphomas"
8cd0325f17c864ecb253058200289d092f52ee949a071fa91871c3dde72d7912,test,test,expert,KE,General_Surgery,810,Risk factors for thyroid cancer,"• Irradiation
• Female
• Obesity
• Family history/hereditary-type 2 MEN
• Age"
8af46a9ff09fa41bba45fd9f0746b8b570d767c5545b8d20665bb634a33f5013,test,test,expert,KE,General_Surgery,811,Pre-op preparation for thyrotoxicosis,"Traditionally
• Patient is made euthyroid through use of antithyroids (carbimazole) for about more than 8-12 weeks
Alternatively,
• Use of B blockers (propranolol) to abolish clinical manifestations of toxic state. Rapid response and surgery can be arranged within a week.
Pre op investigations
• TFTs
• Laryngoscopy
• Serum ca2+
• Isotope scan
• FBC
• GXM
• Airway assessment
• ASA scoring
• NPO
• Premedication
• Consent"
4401d067b64e5fa90e74cd91a0d88dbc03bc3bcf05077ee2cd1173fcdd273991,test,test,expert,KE,Endocrinology,812,Specific Management of thyrotoxicosis,"• Medical
a. Antithyroid-carbimazole, propylthiouracil-to restore the patient to euthyroid. Milder cases 6 months duration, severe cases 2 yrs. Duration of Rx
b. B blockers-for sympathetic signs and symptoms. (Tremors, palpitations etc.) Propranolol, nadolol
• Surgical
a. thyroidectomy
• radioiodine"
efbf8d9a362f5db0851fc1e6b82da1198a4bd8e050a24bf1fe89da5527d7e794,test,test,expert,KE,Endocrinology,813,Types of thyroidectomies Total thyroidectomy,"Subtotal thyroidectomy
Near-total thyroidectomy
Lobectomy
Radical thyroidectomy
Intracapsular/extracapsular thyroidectomy"
1f7ab4fcf4a7e89d5a8fc1bb91bf6eed0893603536363860ebfd7285f39e1566,test,test,expert,KE,Endocrinology,814,Post-op notes after thyroidectomy,"• Monitor vitals PR & BP every 15 min till pt. awake
• Observe for bleeding at the site
• Keep stitch/clips removing tray @ bedside
• NPO till awake
• Iv fluids NS 500 mls 6 hourly till oral feeding starts"
e756d666a9d942f0f451a4b803da402889b7e08ac37b65b09e728b148f2873c4,test,test,expert,KE,Endocrinology,815,Complications of thyroidectomy,"Immediate
• Hemorrhage
• Airway obstruction-tracheomalacia hematoma
• RLN injury
• Thyroid storm
• Injury to parathyroids
Early
• Parathyroid insufficiency
• Infection
• Hypocalcemia
Late
• Hypothyroidism
• Recurrent thyrotoxicosis
• Hypertrophic or keloid scar if incision overlies sternum
• Stitch granuloma"
86d41493626e0eff553f6b369f9019d7b5ef639f321c42474233af0ccbbf53a8,test,test,expert,KE,Endocrinology,816,Indications for surgery on a goitre,"• Cosmesis
• Signs of compression-
a. distended neck veins
b. Difficulty in breathing
c. Dysphonia/voice hoarseness
d. Dysphagia
• Goitre refractory to medical treatment
• Malignant goitre
• Retrosternal goitre
• Pt’s preferences"
7688c3faca219a516ec7c895f07ce64e549dfbfebe209758f00ce5ccf04a0a5a,test,test,expert,KE,Endocrinology,817,Differential diagnosis for goitres,"Thyroglossal cyst
Lymphomas
TB adenitis
Carotid hemangiomas
Cystic hygroma
Secondary syphilis"
34a4a43c5e1a86b10d7f59548868ff71f9fef29a10f01aeeaa2e0363661f1aa8,test,test,expert,KE,Endocrinology,818,Investigations for goitre/thyroid function,"• TFTs-T3, T4, TSH
• Thyroid auto antibodies
• FNAC
Thyroid imaging
• Chest and thoracic inlet radiography-confirming retrosternal goitre and evidence of compression
• US-Dx and targeted sampling
• CT, MRI, PET scan- malignancy, extent of retrosternal goitre
• Radioisotope scanning"
363771bdb19c50e7324aec8b73f74c0b387a521c1ec755071b4a7b8e9347df39,test,test,expert,KE,Endocrinology,819,Classify goitres,"Broadly into
• Toxic-associated with a hyperthyroidism/thyrotoxicosis
a. Toxic nodular
b. Diffuse i.e., Grave’s disease
c. Multi nodular
d. Recurrent toxicosis
• Non toxic
a. Endemic goitre (simple goitre)-iodine deficiency
b. Physiological goitre-puberty and pregnancy
c. Nodular goitre (Multinodular).
d. Solitary nontoxic nodule
e. Colloid goitre
• Other goitres- inflammatory goitre, neoplastic"
55a9d04f6187795834a079af5d0102b9a22032fe7b07791aface142c802cb513,test,test,expert,KE,General_Surgery,820,What is ANDI and examples,"Aberration in the normal development and involution of the breast. Involves a wide spectrum of benign breast disease.
Some examples of ANDI
• Polymastia and polythelia
• Accessory axillary breast tissue
• Cyclical nodularity and mastalgia
• Cysts
• Fibroadenoma
• Duct ectasia
• Fibrocystic change
• Galactocele
• Puerperal abscess"
409fde8b66416811f47de48ac28f42eaf60f0c90f0b61018a551c4265b185bf5,test,test,expert,KE,General_Surgery,821,Prevention of breast ca,"• Avoid avoidable risk factors
• Encourage breastfeeding
• Health Education
• Population screening-
• history-risk factors
• CBE-clinical breast exam
• BSE-breast self-exam
• Prophylactic anti-estrogens
• Early diagnosis and early treatment
• Prophylactic mastectomy in high-risk patients"
fec82b7924c4674b547fc3d2fc48f58e465ff74a39bc4aca4a5ec38897fe5df7,test,test,expert,KE,General_Surgery,822,Prognostic indices in breast cancer,"• Stage
• Grade
• Receptor status
• Early intervention"
f9a3aabfa1eb6b0db9ae8cce6bbc5eca54e38e2d7c4b2944c0ff5dc7ea5b1a78,test,test,expert,KE,General_Surgery,823,Screening modalities for Breast disease,"• US-<40 yrs.
• Mammogram->40yrs"
85359508b423199373570ffe9514f8e06abbc45fb958f4f6594df810045bea1a,test,test,expert,KE,General_Surgery,824,Other modalities of treatment of Breast Ca,"• Chemotherapy
• Radiotherapy
• Hormone therapy"
d0566867a971f8aff5cef0d3e8dbfc2a37ee7987ff6339269f41563f706810d7,test,test,expert,KE,General_Surgery,825,Surgical procedures for breast diseases,"1. Breast conservation surgery
• lumpectomy
• Partial mastectomy
• Quadrantectomy
2. Simple mastectomy
3. Modified Radical mastectomy-simple mastectomy + ALND (axillary lymph node dissection)
4. Toilet mastectomy for inoperable breast ca to reduce infection, pain, and bleeding
5. Sentinel lymph node Biopsy-in patients with clinically negative node disease
6. Mammoplasty : Reduction, Augmentation -implants, Muscles flaps"
91364cb97133f98c22e58d3dfb7e77485af4ccfc2d82708aa06f2d9c90227b8e,test,test,expert,KE,General_Surgery,826,BREAST CANCER: Staging (TNM and Manchester staging),"• T1-<2cm
• T2-2-5cm
• T3->5cm
• T4-tumor extends to the skin or chest wall
• N1-mobile axillary nodes
• N2-firm/fixed axillary nodes
• N3-supraclavicular lymph nodes
• M1-Metastasis"
ba9e8f8d9a7b90ed3ed8db41d99584b005b0eb54ae844c04aee062441f82fbdf,test,test,expert,KE,General_Surgery,827,BREAST CANCER : Management of breast ca,"Supportive
• For patients in stage 4
• Support nutrition-malnourished
• Ulcerated wound-cleaning and dressing
• Pain management-stage4. 1,2,3 painful
Definitive
• Mastectomy"
7cc364f68a9aeb18a1c19bcb510b5fb2065ba6b8749a37509ddff8f94b208e92,test,test,expert,KE,General_Surgery,828,BREAST: CANCER Investigations,"Laboratory
• CBC
• UECs
• LFTs
• FNAC
• Core biopsy samples for histology
• GXM
Imaging
• CXR
• US
• MRI
• Mammography
• Ct scan chest abdomen
• Isotope bone scan"
75080f5ac70901f12f7e3846522d9d0c5cf674b2f5c281d76a2d2e183ffaa071,test,test,expert,KE,General_Surgery,829,BREAST CANCER: Risk factors,"Age
Gender-female
Genetic factors BRCA genes
Nulliparity
Radiations
Alcohol
Diet -low in phytoestrogen
HRT-use of uncombined HRT"
b9c9a49875e7d03517a77b805587e8ff69d9435380ab84d31f904c22787fd0ca,test,test,expert,KE,General_Surgery,830,Triad of death,"• Coagulopathy
• Hypothermia
• Acidosis"
a1d47a3910c9f9ceec340d173002fb703a413bbd51509d212b8f78206ad48c93,test,test,expert,KE,General_Surgery,831,What’s a positive DPL,"• At least 10mls of gross blood
• RBC count at least 100000/ml
• WBC count at least 500 cells/ml
• Amylase >19 iu/l
• Food, bile or bacteria
• ALP > 2IU/l
• Bilirubin > 0.01mg/dl"
86aad40a6e7bfa857d8844b4ddf3ceebf2d2434370c756231609b2cc63107712,test,test,expert,KE,General_Surgery,832,Thoracotomy indications,"• Resuscitation thoracotomy: To do open cardiac massage.
• Emergency thoracotomy:
For massive hemothorax, cardiac tamponade, major air leak, great vessel injury, intrathoracic foreign body and chest wall defect.
• Elective thoracotomy: (done in after investigations):
For diaphragmatic injuries, esophageal injuries, intracardiac injuries, aortic rupture with false aneurysm, clotted hemothorax and empyema.
After chest tube insertion
• Drainage of > 1500mls of blood in 24 hours
• Continuous bubbling after 24 hours
• Drainage of blood > 300mls/h for 3 consecutive hours"
8c2f18bf7db753d056870264d5e8a7b79a8588c3a3123ec67b9ac1275466bbac,test,test,expert,KE,Orthopedic_Surgery,833,Chest tube complications,"• Malposition
• Pain
• Infection
• Re-expansion pulmonary edema due to drainage of more than 1-5 l of fluid in less than 30 minutes.
• Injury to adjacent organs. Lungs, heart, ribcage, neurovascular bundle."
5e1d00148139d5addd047931a8e452461a61eae371e6c3838aea570fe9ae5375,test,test,expert,KE,Orthopedic_Surgery,834,Chest tube indications,"Pneumothorax
Hemothorax
Empyema thoracis
Pleural effusion
Chylothorax"
86e4d15d0b2e50933bbaf4e5d8cfee18fff09cf5e155b6d37b994a019563b3f1,test,test,expert,KE,Orthopedic_Surgery,835,ATLS protocols for trauma patients,"• Primary survey
ABCDE
• Secondary survey
Head to toe exam"
2220e8d0721f48133becb79d64a67fce83755eb43a48b9bc1d42c9fdb8b72459,test,test,expert,KE,Orthopedic_Surgery,836,Potentially life-threatening injuries,"• Aortic injuries
• Tracheobronchial injuries
• Diaphragmatic injuries
• Pulmonary contusions
• Myocardial contusion
• Esophageal injuries"
8b8091caa272ca806703bf0dff80e52bb24502b11073f8fd3fa63fe110aed8fa,test,test,expert,KE,Orthopedic_Surgery,837,Identify immediate life-threatening injuries,"• Tension pneumothorax
• Massive hemothorax
• Flail chest
• Cardiac tamponade
• Open pneumothorax
• Airway obstruction"
9aa516b3df3776e0a51cf1dc245df7be90652398560c06e5cca238afb3477b61,test,test,expert,KE,General_Surgery,838,Complications of herniorrhaphy,"• Hemorrhage
• Hematoma
• Infection
• Haematocoele
• Hyperesthesia over the medial side of the inguinal canal due to ilioinguinal nerve damage
• Recurrence of hernia
• Osteitis pubis
• Injury to urinary bladder, bowel;
• Testicular atrophy"
35ab03b04bf6d67eea2ae87a3ba7d6121b738cdb74e568d699c84cfc84b15d17,test,test,expert,KE,General_Surgery,839,Surgical management of inguinal hernia,"• Surgery can be open or laparoscopic
a. Open surgery
b. Herniotomy- in children done alone. Excision of the hernial sac.
• Adults : involve herniotomy plus,
ii. Herniorrhaphy and Posterior wall repair
iii. Hernioplasty and Reinforcement of the posterior wall with a synthetic mesh
Pure tissue repair techniques
Shouldice
Mac vay
Modified bassini
Prosthetic tissue repair (mesh repair)
• Lichtenstein
b. Laparoscopic
• total extraperitoneal (TEP) or
• transabdominal pre-peritoneal (TAPP))."
ccd95d914cf2c0f09546710a539a24d572bc4a5e8a236bec0fed1652405eab5f,test,test,expert,KE,General_Surgery,840,What is an incarcerated hernia vs a strangulated hernia?,"• Incarcerated hernia is an irreducible hernia. Unable to return to its normal cavity. Blood supply intact.
• Strangulated hernia. Blood supply is compromised leading to bowel ischemia. Surgical emergency
• Incarcerated hernia can easily become strangulated."
0dd0606baa9ccb0f06fc589c55b5b4b2b1cdb0471e658f286afa568c3bc0b7fc,test,test,expert,KE,General_Surgery,841,Components of the spermatic cord,"• 3 arteries
a. Cremasteric artery
b. Testicular artery
c. Artery to the vas deferens
• 2 nerves
a. Genital branch of the genitofemoral nerve
b. Sympathetic plexus around the artery to the vas
• Veins
a. Pampiniform plexus • Other structures
b. Vas deferens
c. Lymphatics
d. Spermatic fascia
e. Cremasteric fascia
f. Remnants of processus vaginalis"
3fd29ba1e17752bcffc62f006eaec91a6410db44d549d77bd8c0c9f101f8dd7d,test,test,expert,KE,General_Surgery,842,Components of the inguinal canal,"• Spermatic cord in males
• Round ligament in females
• Ilioinguinal nerve"
6a9881573c1848261d9ca41fa3cdbb3ce8b1b7a57fe5837ccdfb92141c239c30,test,test,expert,KE,General_Surgery,843,List methods of bowel preparation for colonic surgery.,"Mechanical bowel preparation- enema
Pharmacological – luminal antibiotics- metronidazole, neomycin, sulfazaline"
4b8f6a0598824a2464ba4fa07f64b739b6e4eebde82751fea64c69997edfba53,test,test,expert,KE,General_Surgery,844,A 34-year-old patient presents to the emergency department with a history of rectal bleeding that is bright red and only noticed on wiping. The patient was complaining of constipation with no history of weight loss. The patient is hemodynamically stable with normal blood results. Outline measures to manage constipation in this patient.,"To increase their fiber intake and ensure good oral hydration.
Oral laxatives or stool softeners."
693a71721aeb2ee7001eecc371c5f74b830066d55dc29f49a1deaeefa8bdc10b,test,test,expert,KE,General_Surgery,844,A 34-year-old patient presents to the emergency department with a history of rectal bleeding that is bright red and only noticed on wiping. The patient was complaining of constipation with no history of weight loss. The patient is hemodynamically stable with normal blood results. List TWO investigations/procedures that will confirm the diagnosis.,"Proctoscopy
Sigmoidoscopy.
Colonoscopy"
a0974733152f8a2e046774929f644553e1a7ad609850c631a40634558977d444,test,test,expert,KE,General_Surgery,844,A 34-year-old patient presents to the emergency department with a history of rectal bleeding that is bright red and only noticed on wiping. The patient was complaining of constipation with no history of weight loss. The patient is hemodynamically stable with normal blood results. List FOUR possible causes of the bleeding?,"Bleeding hemorrhoids.
Anal fissure
Rectal polyp
Rectal/anal carcinoma
Ulcerative colitis
Diverticular disease"
fe1a2fc324d06e6c3ecc7c6d245e5bc0947a01ffb2397017a5545b6eaf88b140,test,test,expert,KE,General_Surgery,845,Enumerate FOUR (4) predisposing factors to the patient’s condition.,"A long sigmoid loop with a narrow mesentery.
A loop fixed at its apex by adhesions, around which it rotates;
Chronic constipation
A high-fibre diet
Systemic neurological disease(e.g. Pseudobulbar Palsy)
In South America, there is an association with Chagas disease"
c8a24d71cdc854849dd184d84d5a2fb49529ed606e74645e4efd168938cdbbe0,test,test,expert,KE,General_Surgery,846,Enumerate FOUR (4) features that suggest Ischemia/strangulation of bowel:,"Change in character of pain from colicky to continuous
Tachycardia
Pyrexia
Peritonism
Bowel sounds absent or reduced
Leucocytosis
Raised C - reactive protein (CRP)"
aa1b65eb80aa9cbfd37c0376f7d2f80345c6bf49aa5cb5f64a21730e57e3039b,test,test,expert,KE,General_Surgery,847,List FOUR (4) causes that may result in dehydration and electrolyte loss in this patient ?,"Reduced oral intake
Defective intestinal absorption
Vomiting
Sequestration in the bowel lumen."
d50fb02fdc167d40ca7bb24e6f930596fd343c5139db04557b6dcb2a7f6dc610,test,test,expert,KE,General_Surgery,848,"A 68-year-old female with chronic constipation is brought with a history of rapid distension of the abdomen and constipation. She has had previous similar episodes, which have been treated conservatively. Abdominal X-ray reveals ‘coffee bean’ sign. What is the diagnosis?",Sigmoid Volvulus - a type of Mechanical Intestinal Obstruction
c66f1a049b28c9f3f54888bc84a59542042fb635713d3845816cdfacda287226,test,test,expert,KE,General_Surgery,849,List THREE (3) contraindications for liver resection in a patient with HCC.,"Large tumour size (> 4cm), Multifocal disease (>3 nodules), extrahepatic metastasis, vascular /portal vein invasion, Poor performance status (ECOG score)"
0f65a4f5e44c2c45f0b0d9fd066dd4c677882a24e002008e21f25692f528f374,test,test,expert,KE,General_Surgery,850,What is the tumour marker for HCC screening.,Alpha feto protein
cd88f81af5e136d8e0a0623bceed7f5102178ba724ed0ac29b34ca0fba0968fc,test,test,expert,KE,General_Surgery,851,Which imaging characteristics would increase your suspicion that the mass is most likely a HCC?,"Heterogenous single or multiple mass,
Rapid contrast arterial enhancement with a delayed portal venous washout"
f7d4a78a8e7667d3bde0021cb9c75271fb9eea598b6b114e9eea5eff946e3958,test,test,expert,KE,General_Surgery,852,A 60-year male presents with a palpable right upper quadrant mass suspicious of a hepatocellular carcinoma (HCC). He is scheduled for a liver resection surgery. List FOUR (4) modifiable etiological factors for HCC.,"Control alcohol abuse,
Hepatitis B,C transmission reduction , (screen blood transfusion,, unsafe sex , IV drug use) ,
screening and treatment of hepatitis carriers ( antiviral drugs), limit Aflatoxins ingestion, control
Toxin exposures (copper, iron), control smoiking,
Control obesity /diet / NAFLD"
c9d33401bb6ff909003c398b82738508e2a3831a5528e94c77b4c4dde1dfb06f,test,test,expert,KE,General_Surgery,853,Name one major long-term complication of the treatment options of axillary lymph nodes,Upper limb lymphoedema
34c7b50d48c9c6878c8e8ac00a2088bb0be5979bbe84bf75488074d9e3a31278,test,test,expert,KE,General_Surgery,854,Name two ways of management of the axillary nodes in breast cancer if the nodes were positive.,"Axillary nodes lymph node dissection (ANLD)
Axillary nodes irradiation"
5a3e4b8aa1545355e28e83c43e9daceb0159da0d6335222ef70b2628c5c22b13,test,test,expert,KE,General_Surgery,855,Name two other non-hormonal agents useful as a TARGETERD therapy in this patient.,"Any 2 of the following
Monoclonal antibodies, trastuzumab (Herceptin) (Kinase inhibitors, lapatinib, CD4, CD6, conjugated monoclonal antibodies"
eee1ba18801f674fad894c81c4b1c2b8aae10bfec401ffa3fe70836709a5b632,test,test,expert,KE,General_Surgery,856,Name two hormonal agents and one surgical hormonal procedure applicable to this patient.,"Antioestrogens (or any two antioestrogens eg.tamoxifen) or Luteinizing hormone releasing hormone
Bilateral oophrectomy (ovariectomy)"
db4b6d5a5a3fbcfa530fe18436e6a225d1fd8278024125f6a83632bd724bbf46,test,test,expert,KE,General_Surgery,857,Name two surgical options for the treatment of this patient,"Breast conservation surgery
Simple (Total) mastectomy"
9a82e25a35c5f9e4590b9ec617ee9e81d8ba02f27793d75bd3698a04ce2be3ac,test,test,expert,KE,General_Surgery,858,"A 35 premenopausal lady has a biopsy confirmed breast carcinoma. The tumor is 2.5 cm. There were 3 mobile ipsilateral axillary nodes. On radiological staging, there were no distant metastases. The tumor was estrogen/progesterone and HER2 receptor positive. Sentinel node biopsy was negative. Using TNM classification, what is the level of the “T”, the “N”, and the “M” levels in this patient.",T2N1MO
c4f49dce4de77978b1b4006ec695fa7043cc389001468fd199255b1bf3e7c4b4,test,test,expert,KE,General_Surgery,859,Name two tumor markers used to monitor recurrence of medullary cancer after total thyroidectomy.,Calcitonin. CEA
7eb071e2e4a82709d85da4815676c052b591202eecc374ec58d85d801e3f8ec7,test,test,expert,KE,General_Surgery,860,Which of the MEN syndromes is associated with medullar carcinoma of thyroid.,MEN 2
e97310ce715df505c9a95ef8da9675ededa7302fa69a8650cac2518f1d0af248,test,test,expert,KE,General_Surgery,861,What is the surgical treatment of a medullary thyroid cancer staged as nodal metastases.,Total thyroidectomy +Lymph node neck dissection (palliative)
bb96bd654f8fea52e7b10ced64e7259e49337800853c2e5e4a172ea0004ec83e,test,test,expert,KE,General_Surgery,862,What factors are taken into account in staging the medullary carcinoma.,"Capsular involvement , Nodal metastases, blood metastases"
8eb0f299bc112a22074a2661d124b35bf1e71b372665453fbb46824875a23df2,test,test,expert,KE,General_Surgery,863,About Medullary carcinoma of thyroid From which cells does medullary carcinoma arise,Parafollicular cells
7738fefb3714af795c732821bb5b3050d2d29a3bac16a0011a774478457798be,test,test,expert,KE,General_Surgery,864,What is the best parameter of estimating protein metabolism in a critically ill patient?,Nitrogen balance
9c0fc03fad4e3f2eb056342caf3faa62b2da330137a69cd9c13e9d2db3516685,test,test,expert,KE,General_Surgery,865,Enumerate three (3) physiological advantages of enteral feeding over parenteral feeding.,"Maintains integrity of gastrointestinal tract-
Reduces translocation of gut bacteria that may lead to infection.
Reduces the levels of pro-inflammatory cytokines generated by the gut that contribute to hypermetabolism.
Complete nutritionally"
b602de36c7b3b3dc9607eb8be419e36bb2c8d7fefcc47e26a2ec769de7f2429f,test,test,expert,KE,General_Surgery,866,List FOUR (4) contraindications to enteral feeding?,"Bowel obstruction
Prolonged ileus
Severe pancreatitis
High-output enterocutaneous fistula
Short gut syndrome
Bowel ischemia"
68a220d01d24e43ffaa0035b102469c753dccd48565a3ffa1b1b5886b5215c74,test,test,expert,KE,General_Surgery,867,"A 30-year-old male, weighing 70kg, develops a high output anastomotic leak 5 days after undergoing resection and anastomosis for adhesive small bowel obstruction. Total parenteral nutrition is planned. Estimate the caloric requirements of this patient.",25(20-30) kcal/kg/day – 1400-2100kcalories
93aa2f7a8d47f68a5c8b5be1ca7d9908583a24ad38218a6d85263343b68fc39e,test,test,expert,KE,General_Surgery,868,"A 65-year-old female, weighing 100kg, with a history of hypertension underwent surgery for cancer of the right colon. The estimated blood loss was 800 mL and intra-operative urine output was 150 ml. A central venous catheter was inserted. The patient received 1,000 mL of normal saline and 1 unit of packed red blood cells during surgery. Admission to the ICU was requested because the patient was slow to awaken from anesthesia. He arrived in the ICU on mechanical ventilation. Vital signs in the first hour included BP 110/50, HR 120, urine output of 25 mL for the hour, and a temperature of 35.4°C. What is the next step in the management of this patient?","Continuous hemodynamic monitoring
Pain management/sedation
A fluid and diuretic challenge. At least 0.5 to 1 mL/kg of urine per hour
Restoring a normal temperature - external warming, devices, warm IV fluids, humidified air delivered by the ventilator, and raising the temperature of the patient’s room
Residual neuromuscular blockade evaluation
Anticoagulation/stockings"
63ca9c71b52fabf92263c881663efa1a98fcfb19c8bdb1d793b64129267268e9,test,test,expert,KE,General_Surgery,868,"A 65-year-old female, weighing 100kg, with a history of hypertension underwent surgery for cancer of the right colon. The estimated blood loss was 800 mL and intra-operative urine output was 150 ml. A central venous catheter was inserted. The patient received 1,000 mL of normal saline and 1 unit of packed red blood cells during surgery. Admission to the ICU was requested because the patient was slow to awaken from anesthesia. He arrived in the ICU on mechanical ventilation. Vital signs in the first hour included BP 110/50, HR 120, urine output of 25 mL for the hour, and a temperature of 35.4°C. List the investigation you would request in this patient?","Chest X-ray is needed to evaluate the placement of the central venous catheter (CVC) and endotracheal tube (ETT)
An arterial blood gas (ABG) to assess ventilation/oxygenation
A complete blood count
Urea and electrolytes"
d6573d6bd37b5140999fdbe39583580e5977bc106e6e3ce2acdb3f1bd78684ed,test,test,expert,KE,General_Surgery,869,"How do one reverse the following medication(aspirin, clopidegrol, warfarin and heparin) to prevent coagulation abnormalities in patients undergoing elective surgery?","Aspirin – stop for 7-10days
Clopidegrol – stop for 10-14 days
Warfarin- vitamin K, prothrombin complex concentrates, FFP
Heparin – protamine sulfate"
e160b991a0d9221dd0acc33ea644d775129ab997d4cb257525c7843cc88631b5,test,test,expert,KE,General_Surgery,870,What is the most potent endothelial factor responsible for preventing intravascular thrombosis?,"Nitric oxide. Other: include prostacyclin, thrombomodulin, heparin sulfate proteoglycan, and tissue plasminogen activator"
46aeffc8335254d98ede79c636f5d03ccb29303caf468655d97b9d7bd6f73a79,test,test,expert,KE,General_Surgery,871,How does aspirin affect the coagulation process?,"Aspirin irreversibly inhibits the cyclooxygenase enzyme, which inhibits platelet aggregation (effect lasts up to 10 days)."
421d45ff1d03d3aad2b180dd0e03bb2be4262547b021527ab6546f9fc2a6768d,test,test,expert,KE,General_Surgery,872,A 27-year-old female with accidentally lacerates her hand while cutting onions. What sequence of events results in hemostasis in this healthy individual?,"Vasoconstriction
Platelet stimulation, adhesion, and aggregation (primary hemostasis)
Activation and binding of coagulation factors forming thrombin (secondary hemostasis)
Fibrin deposition to strengthen the platelet plug"
3da24a93cfbf5a49884a53722a26a90a5eb0da54c5fadbcd21e054f60f9f2ab7,test,test,expert,KE,General_Surgery,873,Give four factors associated with poor prognosis with malignant melanoma,"Thickness greater than 4mm, Lymph node involvement, Nodular melanoma, Ulceration, Melanomas over the trunk, head and neck, Male gender, Advancing age, Distant metastasis"
96f2dcafc6f204ef98af655d0009653c4431857b248555d5bdc525bdf1bba58d,test,test,expert,KE,General_Surgery,874,What is the ugly duckling sign and what is its significance?,refers to one mole among many that sticks out and looks different (“the ugly duck”) and should raise suspicion for melanoma.
0ba3f14d440b2e2bed944898fe83ab9d240bd59ea7c84bcfe786bb20b31a46d3,test,test,expert,KE,General_Surgery,875,Give 2 risk factors that are common to both squamous cell and basal cell carcionmas.,"Ultraviolet light, ionizing radiation, arsenic exposure, xeroderma pigmentosa, immunosuppression"
b4c7b945c4381a2134c3b472a3c3c9f155cc4bd7fad48bddc743c83ee0915f52,test,test,expert,KE,General_Surgery,876,Give 1 premalignant lesion for squamous cell carcinoma and malignant melanoma,"SCC – actinic keratoses, leukoplakia, bowens disease, erythroplasia
Malignant melanoma – lentigo maligna, dysplastic nevus"
fd6f48f8a75d5abb9a042ec0a97253c3442377b62a5ee6171b333c9e9b12141e,test,test,expert,KE,General_Surgery,877,Indicate 2 common sites and 2 treatment options for an acrochordon.,"Sites - axilla, neck, inframammary, and inguinal regions
Treatment - excision, cryosurgery, electrodesiccation"
4ad04190d5a5220975da699fcc6b756b0c0814f103d9eb3b47aa15de6d2f53d0,test,test,expert,KE,General_Surgery,878,What is the significance of the Rockall score in upper gastrointestinal bleeding?,A score of 2 or less is associated with a low risk of further bleeding or death.
6010aeaa4741513059826b13da8b0a312256d9a3554384819941cae10edbf013,test,test,expert,KE,General_Surgery,879,Give two (2) minimally invasive techniques used to manage upper gastrointestinal bleeding,"Sclerotherapy
embolization"
e59e2c345633ca9cc65cf6a409a422ec01b01be2674824602bd7fc8856e3cdff,test,test,expert,KE,General_Surgery,880,What is the value of Blood Urea Nitrogen to creatinine ratio in patients with upper gastrointestinal bleeding,"patients with acute upper GI bleeding typically have an elevated blood urea nitrogen (BUN)-to-creatinine
Values >30:1 suggest upper GI bleeding as the cause"
484c4601c29a58cec3ff111483729b5c8927f0e8c06b2049e465eb5fac7bbdcb,test,test,expert,KE,General_Surgery,780,Give four indications for surgery in a patient with a bleeding peptic ulcer,"Severe, life-threatening hemorrhage not responsive to resuscitative efforts
Failure of medical therapy and endoscopic hemostasis with persistent recurrent bleeding
A coexisting reason for surgery (eg, perforation, obstruction, malignancy)
Prolonged bleeding, with loss of 50% or more of the patient's blood volume
A second hospitalization for peptic ulcer hemorrhage"
71f2dcd63733a64f8eb3e8f2ffbb44f6895ca9e5ace47c034cd5d0f25a31264b,test,test,expert,KE,General_Surgery,881,"Apart from peptic ulcer disease, Give four (4) possible causes for an upper gastrointestinal bleed.","Severe or erosive esophagitis, Esophagogastric varices, Mallory-Weiss syndrome, Portal hypertensive gastropathy, Angiodysplasia (vascular ectasia), dieulafoy lesion, Mass lesions (polyps/cancers); Hemobilia; Hemosuccus pancreaticus; Aortoenteric fistula; Cameron lesions; Ectopic varices; Iatrogenic bleeding after endoscopic interventions"
c88c596bad0b9dd13d7f28185c70805663a0fc87a86270242c7fae1151bc9358,test,test,expert,KE,General_Surgery,882,What is the best estimate of protein metabolism in a critically ill patient?,"Nitrogen balance, which can be calculated from nitrogen intake and output."
326dc9788c09c251c6b3738ee9c6b6d0760b898d61a400f241006e15dc5d726b,test,test,expert,KE,General_Surgery,866,What are the contraindications to enteral feeding?,"Bowel obstruction
Prolonged ileus
Unable to obtain enteral access
Severe pancreatitis
High-output enterocutaneous fistula
Short gut syndrome"
296506107955212aa0d3f9b18e1e6d4e94dc0952365cd7e6a0887ad3c71f0431,test,test,expert,KE,General_Surgery,867,A 30-year-old male develops an anastomotic leak 5 days after undergoing resection and anastomosis for adhesive small bowel obstruction. Total parenteral nutrition is planned.,"Rough estimate: • 25 kcal/kg/day (35 kcal/kg/day for a critically ill or stressed patient)
Calculation of basal energy expenditure (BEE) using the Harris-Benedict equation:
Calculation of BEE using indirect calorimetry and the Weir Equation"
c8fb0a6f993c1ab8dfdc1dfac1f9baab3d89913583e984f5199ede94e8a6fd37,test,test,expert,KE,General_Surgery,883,The patient develops progressive acute kidney injury (elevated urea and creatinine levels). What are the indications for hemodialysis?,"Acid–base problems (severe acidosis or alkalosis)
Electrolyte problems (hyperkalemia)
Intoxications
Overload, fluid
Uremic symptoms"
3e95cc3d32d28cba71e6f872dc908a5c9b32a0c76641d62f69d0ee0d5d13ba1b,test,test,expert,KE,General_Surgery,868,"A 65-year-old female with a history of hypertension underwent surgery for cancer of the right colon. The estimated blood loss was 800 mL and intra-operative urine output was 150 mL. A central venous catheter was inserted. The patient received 3,000 mL of normal saline and 1 unit of packed red blood cells during surgery. Admission to the ICU was requested because the patient was slow to awaken from anesthesia. He arrived in the ICU on mechanical ventilation. Vital signs in the first hour included BP 110/50, HR 120, urine output of 25 mL for the hour, and a temperature of 35.4°C. The patient is not moving. What are the next steps in management?","Continuous hemodynamic monitoring
Pain management/sedation
Chest X-ray is needed to evaluate the placement of the central venous catheter (CVC) and endotracheal tube (ETT)
An arterial blood gas (ABG) to assess ventilation/oxygenation
A complete blood count and chemistry panel are indicated to evaluate blood loss and check electrolytes
A fluid challenge. At least 0.5 to 1 mL/kg of urine per hour is generally desirable
Restoring a normal temperature - external warming, devices, warm IV fluids, humidified air delivered by the ventilator, and raising the temperature of the patient’s room
Residual neuromuscular blockade evaluation"
b2e9c99311fcf66da5781b1bc89c50b4327090795fe9c139635b7236308c7f28,test,test,expert,KE,General_Surgery,884,Many acute pancreatitis patients develop residual insignificant pancreatic pseudocysts. List two clinical circumstances when surgical drainage of the pseudocyst is required.,"Symptomatic cysts (pain, infection, compressing)
Large cysts (>7 cm d)
Enlarging cysts"
1a321c2e1f64c4812585d35f4d5273c586b40f9b2eee37a693d34443cc09f7eb,test,test,expert,KE,General_Surgery,885,Serum Lipase is a more specific marker for pancreatitis than amylase. List 4 extrapancreatic sources of amylase,"mesenteric infarction, small bowel obstruction, perforated DU, tubo-ovarian disease and renal insufficiency, parotitis"
693f483723b8c08d346383810c3bd1f71e166c7ce3b7429905a01818efaec014,test,test,expert,KE,General_Surgery,886,List four drugs implicated in the aetiology of acute pancreatitis,"antihypertensives (furosemide, enalapril, losartan) ,
antibiotics (Co-trimoxazole, tetracycline) ,
steroids, codeine, antiepileptics (carbamazepine, Valproic acid),
thiopurines (azathioprine, mercaptopurine) antiretrovirals,
chemotherapeutics. steroids ( dexamethasone, prednisolone),
5-aminosalicylates (e.g. sulphasalazine, mesalazine)."
b857a029af6f71930c8092116eab4b282db6474013f53bb8b98833913dc448c9,test,test,expert,KE,General_Surgery,887,"The management of a patient with acute severe pancreatitis requires a multidisciplinary input of seveal care divers. Beyond nutrition, fluids and electrolyte management, list four other therapeutic interventions needed:","Pain management/ analgesic
Prophylactic/ therapeutic antibiotics
Insulin for sugar control
Antiemetics
Sedation/ diazepines for alcohol withdrawal"
b372091e59155e789a4334e14fd1b67ff26f6d7a37cc8399a55a545123257b11,test,test,expert,KE,General_Surgery,849,List four contraindications for liver resection in a patient with HCC,"Large tumour size (> 4cm), Multifocal disease (>3 nodules), extrahepatic metastasis, vascular /portal vein invasion, Poor performance status (ECOG score), Uncontrolled viral hepatitis, Uncontrolled alcoholism"
7cf4223eabc87dac654ab84108ab5b0f31fcf91e4d365e321d707607c3228fee,test,test,expert,KE,General_Surgery,888,List 4 common symptoms of peripheral arterial disease,"Pain achiness, fatigue, paresthesia/burning, or discomfort in the muscles of your feet, calves, thighs or buttock, pallor, pulselessness, and paralysis."
d5d52e1e0d4bf86a228361d20cf459bfe551e10da8bc12fd653f372cea6e8720,test,test,expert,KE,General_Surgery,889,List any 6 common features associated with leg ulcers,"Commonly found on the lower leg and ankle
Sunken, asymmetrically shaped wound
The edges of the ulcer are clearly defined from the surrounding skin
The surrounding skin is intact, but inflamed
The surrounding skin may be pigmented, hardened or calloused
Yellowish-white exudate (pus)
Pain, particularly while standing
Varicose veins in the leg.
Venous insufficiency
Arterial ulcers
Neuropathic ulcers
Pressure ulcers
Trauma
Chronic wounds
Co-morbidity"
66fedb78b37476ef0f6b1dd0f62374b62eb1c4877178673dfaee971272a57d70,test,test,expert,KE,General_Surgery,890,List four acyanotic cardiac conditions.,"Ventricular septal defect (VSD),
Atrial septal defect (ASD),
Patent ductus arteriosus (PDA),
Pulmonary valve stenosis,
Aortic valve stenosis,
Coarctation of the aorta."
9e32f7b837daf6430227eeb1eae9e1d87e341b086119363c6051bd4e22090997,test,test,expert,KE,General_Surgery,891,What are the four defects in Tetralogy of Fallot?,"Tetralogy of Fallot is a combination of four congenital heart defects. The four defects are Ventricular septal defect (VSD),
Pulmonary stenosis,
Overriding aorta and
A thickened right ventricular wall (right ventricular hypertrophy)."
8e2d86eefc8eafe9b7d09086d40444a6fa9c527e3d5d03653495f5c12befe712,test,test,expert,KE,General_Surgery,892,Give six investigations for a patient who presents with pleural effusion,"High LDH,
CEA levels
Pleural fluid cytology,
Needle biopsy,
Open pleural biopsy,
Lung biopsy
Thoracoscopy,
Videothoracoscopy,
CXR,
Echo,
CT, Contrast CT
Thoracocentesis is mainstay of treatment ."
1f28507344be8276438f9ebf7641465449e34179f428b77a84ac16b7736dad01,test,test,expert,KE,General_Surgery,893,How would you evaluate a lesion suspected to be malignant melanoma?,"Asymmetry, if a lesion is bisected, one half is not identical to the other half
Border irregularity,
Color variegation,
Diameter >6 mm,
Evolution - a lesion that is changing in size, shape, or color, or a new lesion"
d958070c613924d42f99a2313df6d2319976bafdfa771882be340272d6559184,test,test,expert,KE,General_Surgery,894,What are the four (4) treatment options for basal cell carcinoma?,"Surgery
Radiation
Photodynamic therapy
Pharmacologic therapy eg topical 5 fluorouracil"
1f1014d64b2c9be082bb1701b1ceb1045d1ce3cc336b3fe765eb1debcd90c642,test,test,expert,KE,General_Surgery,895,List four (4) features you would evaluate while monitoring the blood supply of a flap following surgery.,"Color, temperature, capillary refill, bleeding, edema, and appearance of the flap"
eafffb7e55a0cb020f2f64ed7072424bdea47262feadfaf517b3b1d45431bb38,test,test,expert,KE,General_Surgery,896,What is primary vs secondary graft contracture?,"Primary contraction relates to the immediate contraction or recoil of freshly harvested skin and is more pronounced in FTSG.
Secondary contraction describes the process of contraction once the graft has been applied to its bed and healing is underway, and is more pronounced in STSGs."
afb66992a10a64cecd38c5bce86001c359ce240ac5afd2f14bd2840f342ae1b2,test,test,expert,KE,General_Surgery,897,what is the choice operation for a duodenal perforation?,Graham patch/omentopexy
8a84c987a83098dcbd5ca5f8b0ee9cc5309288e87f626514bfefaf7035b72533,test,test,expert,KE,General_Surgery,898,what is the initial management of a patient with suspected peptic ulcer perforation?,"Fluid resuscitation, nasogastric decompression, acid suppression, and empiric antibiotic therapy."
11368731716479bc003d38805967557b7ae653ef56cc68083bf3657574ac9c4d,test,test,expert,KE,General_Surgery,899,Give six (6) risk factors for peptic ulcer perforation,"Prior history of ulcer disease or use of NSAIDs, age greater than 60 years, concomitant use of alendronate, selective serotonin reuptake inhibitors, steroids"
d2c4459357fee0d919ae25482a092facaf8d8c962ffff11630212e82fa2d2527,test,test,expert,KE,General_Surgery,900,Classify gastric ulcers based on location,"Type 1: in the antrum, near the lesser curvature
Type 2: combined gastric and duodenal ulcer
Type 3: Prepyloric ulcer"
3b78680502d816c6741f653ce7a46d5ecdb386342bb4f0f09ba226d61fb7c385,test,test,expert,KE,General_Surgery,780,Give four (4) indications for surgery in peptic ulcer disease,"Bleeding,
Perforation,
Obstruction,
Intractable disease (rare), and
Suspected malignancy"
9719f7ce59d9961457a4bf5a7877fa0abae29f4b89c26aea78c2fcc13d33094d,test,test,expert,KE,General_Surgery,901,Boundaries of the Hesselbach triangle,"a) Inferior border-inguinal ligament
b) Lateral border-inferior epigastric vessels
c) Medial border-lateral border of rectus abdominis"
ed5576bac7821fc2e9e34dd6eb775fb9db586c6de4e281ef0ed56219248db797,test,test,expert,KE,General_Surgery,902,Boundaries of the inguinal canal,"• 2 muscles, 2 aponeuroses, 2 ligaments, 2Ts
• M-roof-internal oblique and transverse abdominis muscle
• A-Anterior- aponeurosis of internal and external oblique muscle
• L-Floor-inguinal ligament and Lacunar ligament
• T-posterior-transversalis fascia, conjoined tendon"
39d319a5bdc03b5ada23de2ac969845e1bfd59d8e6beb7943207300665d00c37,test,test,expert,KE,General_Surgery,903,What are the types of inguinal hernia and risk factors,"• Direct
• Indirect
Risk factors of inguinal hernia
• Straining.
• Lifting of heavy weight.
• Chronic cough (tuberculosis, chronic bronchitis,
• bronchial asthma, emphysema).
• Chronic constipation (habitual, rectal stricture).
• Urinary causes
– Old age: BPH, carcinoma prostate.
– Young age: stricture urethra.
– Very young age: phimosis, meatal stenosis.
• Obesity.
• Pregnancy and pelvic anatomy (especially in femoral
• hernia in females).
• Smoking.
• Ascites.
• Appendicectomy through McBurney’s incision may injure the ilioinguinal nerve causing right-sided direct inguinal hernia.
• Familial-collagen disorder—Prune Belly syndrome."
e51e89691ad5a53834c3454c02c7eecbed51b81b5493e67140f439b847a9676c,test,test,expert,KE,General_Surgery,904,Complications of the Whipple procedure,"a) Hemorrhage (peripancreatic vessels)
b) Delayed gastric emptying
c) Pancreatic duct leak/ fluid collection/fistula
d) Biliary/enteric anastomotic leak
e) intraabdominal abscess
f) Wound sepsis"
47fb2e116507b25b0e43f731b88c5bac15b8b43620f2b728e81fbba9ac71ab93,test,test,expert,KE,General_Surgery,905,Differential diagnosis for pancreatic cancer,"a) Cholelithiasis
b) Cholangitis
c) Cholangiocarcinoma
d) Acute myocardial infarction"
c4275cf685d13de31777835dc047907ca5c74d82cdfe8fbabb35e2cd3512ece4,test,test,expert,KE,General_Surgery,906,Management of pancreatic cancer,"• MDT
• Modalities include
a. Surgery. Only curative
b. Chemotherapy
c. radiotherapy
• Depending on the degree of contact between the tumor and surrounding vessels (namely the portal vein, superior mesenteric artery or vein, coeliac trunk, and common hepatic artery), Pancreatic tumors are classified as a. resectable,
b. borderline resectable
c. locally advanced and
d. metastatic disease.
Resectable disease. Whipple’s procedure
• Remove head, distal stomach(antrum), proximal jejunum, duodenum, gallbladder and common bile duct.
• This is followed by post operative chemotherapy
Borderline resectable
• neo-adjuvant chemotherapy, followed by chemoradiation, prior to surgery non resectable disease
a. locally advanced disease- direct contact / invasion of local vessels should undergo chemotherapy.
b. Metastatic disease-palliative chemotherapy mainstay.
• Those with poor performance status, consider symptomatology control. Relieve symptoms associated with jaundice e.g., pruritus by placement of a biliary stent
• If there is exocrine insufficiency, consider enzyme replacement i.e., lipase to control steatorrhea and malabsorption"
fa95573620ce5594146e55771483c4f2b9b8ad501f2875abb5a0c19b6074cd7b,test,test,expert,KE,General_Surgery,907,Define the Courvoisier law,"Courvoisier’s law states that in the presence of jaundice and an enlarged/palpable gallbladder, malignancy of the biliary tree or pancreas should be strongly suspected, as the cause is unlikely to be gallstones."
5e5377c214560b4301f6e9ec3a8aabdeb96935efb2bd77f0e130ccea26d00111,test,test,expert,KE,Oncology,908,Investigations of pancreatic cancer,"• Laboratory
a) CBC
b) LFTs (raised bilirubin, alkaline phosphatase, and gamma-GT).
c) Serum albumin
d) Coagulation screen
e) CA 19-9. Not for diagnosis but elevated in Pancreatic head ca. monitoring response for treatment
f) AFP. Rule out HCC
• Imaging
a) Abdominal ultrasound
b) CT imaging. Gold standard for preliminary diagnosis, as well as providing prognostic informative, as it can stage disease progression. A CT chest-abdomen-pelvis scan will be further required once pancreatic cancer has been diagnosed for staging.
c) PET-CT scan or MRCP may be useful in unclear diagnostic stages
d) Endoscopic Ultrasound (EUS) largely used in the staging of adenocarcinoma, alongside potential tissue biopsy for histological confirmation."
01144400e9debb73da50b5626bae53f1348efc566216fc7d5a79b381f87146a8,test,test,expert,KE,Oncology,909,Clinical presentation of pancreatic cancer,"a) Obstructive jaundice – due to compression of the common bile duct (present in 90% of cases at the time of diagnosis), typically painless. PRURITUS
b) Weight loss – due to the metabolic effects of the cancer, or secondary to exocrine dysfunction
c) Abdominal pain (non-specific) – due to invasion of the coeliac plexus or secondary to pancreatitis
d) GOO
e) Less common presentations include acute pancreatitis or thrombophlebitis migrans (a recurrent migratory superficial thrombophlebitis, caused by a paraneoplastic hypercoagulable state
f) Late-onset diabetes mellitus can be the presenting feature for pancreatic cancer;"
343d902db5bedf650c4f146adfe73061246014bb36f62835b616cc0f25fcdb54,test,test,expert,KE,General_Surgery,910,Risk factors for head of Pancreas Cancer,"a) Smoking
b) chronic pancreatitis
c) dietary. High red meat intake
d) family history
e) age
f) DM. patients aged 50 yrs. have 8x greater risk of developing pancreatic carcinoma in the following three years, compared to the general population.
g) Alcohol consumption • Obesity
h) Occupational chemicals beta naphthylamine, benzidine."
8e8c2f243ced855a9c6c727e842b59b1ffb32e8c5bdc9a4056356a52da5bc765,test,test,expert,KE,General_Surgery,911,Common sites of metastasis of colorectal ca,"• Liver
• Lungs
• Brain"
da0b6c9bd9e3efa62578c6a2982322458fc04148c30dac39af2890c4b2614c6b,test,test,expert,KE,General_Surgery,912,Screening and prevention of colorectal ca,"a) FOBT every year. Fecal immunohistochemistry test more superior • Colonoscopy every 10 years
b) Sigmoidoscopy every 5 yrs.
c) In high-risk patients i.e., family history Sigmoidoscopy every 3yrs • Colonoscopy every 5-10 yrs.
• Prevention
a) Public Education
b) Regular screening
c) Prophylactic colectomy"
879423abcb19f6a59c85a53de0b6317acb389b9f2482456d4962cf6c6c101a05,test,test,expert,KE,General_Surgery,913,Management of colorectal ca,"• MDT
• Modalities include
a. Surgery. Mainstay of cure
b. Chemotherapy
c. Radiotherapy • Surgical procedures
a. Colectomy. Choice based on site of the tumor and the blood supply of the region
b. Anterior resection for high rectal tumors>5cm above the anus. Anal sphincters intact
c. Abdominoperineal resection for rectal ca < 5cm from the anus. Require permanent colostomy as all the anal sphincters, distal colon and rectum are excised
• Chemotherapy
Adjuvant modality of treatment post-surgery
Part of palliation in advanced colorectal ca
• Radiotherapy
In rectal ca. rarely in colon ca due to risk of small bowel injury. most often as neo-adjuvant treatment, and can be given alongside chemotherapy (Chemo radiation) to shrink the tumor before surgery.
Colon ca
a. T1/T2/T3/T4- surgery first, followed by chemo if T3/T4
b. N1/N2 post op chemo
c. M1-chemo radiation & palliative surgery
Rectal ca
a. T1/T2-surgical resection
b. T3/T4 or N1/N2-chemoradiation alone, or chemoradiation & surgical resection
c. MI-chemoradiation and palliative surgery"
4f3d2716defc236bfb6e6b8b2e36b5960a6a09cc368bc036cfec50c85edb2f9c,test,test,expert,KE,General_Surgery,914,Staging colorectal ca,"Duke staging
A Submucosa mucosa
B Muscular propria
C Lymph node involvement
D Distant Metastasis
E TNM staging"
d90ee7ccbc29f3815fbe015c53f8f4453322e97cfa0f23f7751b9f58b277d81d,test,test,expert,KE,General_Surgery,915,Investigations for colorectal ca,"• Laboratory
a) CBC- microcytic hypochromic anemia
b) LFTs
c) CEA-not to be used for diagnosis but to monitor treatment
d) Coagulation screen
e) FOBT-for screening
f) Fecal immunohistochemistry test-for screening
• Imaging
a) Colonoscopy-gold standard. Take biopsies for histology
b) Ct scan abdomen pelvis. To check for liver mets
c) MRI rectum for rectal cancers
d) Endo anal Ultrasound- (for early rectal cancers, T1 or T2 only) to assess suitability for trans-anal resection"
07a3d0c305412633bd6cdbb2370cda80e83a16b42ab886b93b57ba8d9e38045d,test,test,expert,KE,General_Surgery,916,Clinical presentation colorectal ca,"Weight loss
Malignant bowel obstruction features?
When right-sided colon cancers –
a) abdominal pain
b) iron-deficiency anemia
c) palpable mass in the right iliac fossa, often present late
Left-sided colon cancers – rectal bleeding
a) change in bowel habit
b) tenesmus
c) palpable mass in left iliac fossa or on PR exam"
f75051298607263cd861e2e05c9caa1f8e1692103895ed82d5014b9fa0bbec79,test,test,expert,KE,General_Surgery,917,Risk factors for colorectal ca,"a) Increasing age
b) Family history
c) Hereditary syndromes. (Familial adenomatous polyposis, hereditary non polyposis colorectal ca (Lynch syndrome))
d) Smoking
e) Alcohol
f) Low-fiber diet"
24afc0eade42f04b9892f537dabad5b75f3608307472ce8ee55fec1b472db861,test,test,expert,KE,General_Surgery,918,What are the commonest sites of colorectal ca,"a) Rectum-38%
b) Sigmoid-20%
c) Other sites
d) Descending colon
e) Transverse colon
f) Recto sigmoid junction
g) Splenic and hepatic flexure
h) caecum
i) Ascending colon
j) Anus"
9695b7e4a7c7a14c7688696fc8be9b9ecc8987db4a3b8627f25c842f4390252c,test,test,expert,KE,General_Surgery,919,Principles of management of Lower GI Bleeding,"• Approach
a) Depends on the severity of bleed, patients’ stability, patients vital sign
b) For Unstable patients ABCs. Ensure adequate fluid resuscitation. 2 wide bore iv catheters, urinary catheter
c) Specific interventions depending on the cause
• Bleeding vessels can be
a) cauterized,
b) clipped,
c) rubber band ligated, or
d) injected with epinephrine -usually 1:10,000 or 1:20,000 dilution,
e) argon laser for Angiodysplasia
• surgery indicated for
a) A hemodynamically unstable patient with negative CTA and negative OGD/colonoscopy
b) The bleeding is unable to be controlled endoscopically
c) Necrotic intestine secondary to mesenteric ischemia
d) Neoplasia -colorectal ca
e) Refractory inflammatory bowel disease,
f) Meckel’s diverticulum
g) Internal grade 3 and 4 Hemorrhoids
• Coagulopathy or thrombocytopenia should be corrected with:
a) Vitamin K supplementation • Fresh frozen plasma,
b) Platelet transfusion.
c) Discontinue temporarily any antiplatelet or anticoagulant drugs that the patient is taking"
f02f632284e08e909750396d3dc814da9f33b2602a1380c17323bf585c9b04ff,test,test,expert,KE,General_Surgery,920,Lower GI Bleeding Investigations,"• Laboratory
a) Full blood count (wbcs- T &D)
b) liver function tests,
c) renal function,
d) Coagulation Screen
e) Typing/grouping and crossmatching for blood products
• Others
a) Anoscopy. Both therapeutic and diagnostic
b) Sigmoidoscopy
c) Colonoscopy
d) CT angiography. Useful for hemodynamically unstable patients
e) Nuclear Scintigraphy with Technetium for very slow hemorrhage
f) Capsule endoscopy. For stable patients. Useful to detect small bowel abnormalities.
g) Balloon enteroscopy. Similar to capsule endoscopy
h) Nasogastric lavage to rule out upper GI source of bleeding
OGD to rule out upper GI source of bleeding"
6e48f9b861667b35eb58a3b901e99c79ab6dde16cde5f271301bfc60f65494ab,test,test,expert,KE,General_Surgery,921,Define lower GI Bleeding and etiology,"Bleeding distal to ligament of Treitz Etiology:
• Small intestine
a) Neoplasm
b) Angiodysplasia
c) Inflammatory bowel disease
d) Mesenteric ischemia
e) Recent small intestine surgery
f) Meckel’s diverticulum
g) Dieulafoy’s lesion
h) Aortoenteric fistula
i) Intussusception
• Colon/rectum
a) Diverticulosis-painless bleeding
b) Neoplasm
c) Angiodysplasia
d) Inflammatory bowel disease
e) Recent colorectal surgery/colonoscopy/
f) biopsy
g) Radiation Proctitis
h) Ischemic colitis
i) Infectious colitis (Enterohaemorrhagic Escherichia coli-EHEC, Salmonella,
• Campylobacter, Shigella, CMV, amoebic infection)
a) Rectal varices
b) Fecal impaction
c) Aortoenteric fistula
• Anus
a) Hemorrhoids
b) Anal fissure
c) Inflammatory bowel disease
d) Local trauma
e) Perianal variceal disease"
e452636b29771983fe13f27c27f5af208e7a37156551bff3f66a98770f43b42a,test,test,expert,KE,General_Surgery,922,Complications of upper GI bleeding,"a) Acute Kidney injury
b) Aspiration pneumonia
c) Iron deficiency anemia
d) Mesenteric ischemia
e) Multiorgan system failure
f) Complications related to endoscopic interventions or surgery"
a04b08df660af6719590e4aa868e9314abebc0c4a7ba45004ff9307d29e38d8e,test,test,expert,KE,General_Surgery,923,Management of variceal bleeding,"a) ABCs and Resuscitation
b) Start octreotide/vasopressin
c) Confirm varices on OGD. Endoscopic band ligation and sclerotherapy
d) If bleeding stops, patient continues with 7 days of Antibiotics
If bleeding does not stop, consider balloon tamponade, or surgical shunts"
6e5e3d8717653d4195da3ac2d4d09a8dc3e7557025bbd837f0af75201a5850d9,test,test,expert,KE,General_Surgery,924,Indications of surgery in upper GI bleeding,"a) If the patient requires transfusion greater than 6 units
b) Non-transfusable patient
c) Failed endoscopic therapy."
9932dd1f9f83c4cf62f411c4b4cbca266bb3aa127abe5046e1bc35bbcfe575b2,test,test,expert,KE,General_Surgery,925,Principles of Management of upper GI bleeding,"a) Multidisciplinary approach to management
b) Resuscitate, ABCs. 2 wide bore IV lines for fluid therapy/blood. Collect blood for GXM, FBC, coagulation screen, LFTs
c) secure airway. If respiratory compromised, early intubation
d) urinary catheter for input, output monitoring. Aim is to prevent multiorgan system failure
e) fluid therapy. Replace each milliliter of blood loss with 3 mL of crystalloid fluid. Lactated ringers’ sol 2 litres, else normal saline
TRANSFUSE if:
unstable after the initial fluid challenge,
a) limited fluid use by cardiopulmonary dx (Packed cells),
b) ongoing bleed,
c) high-risk rebleed
then assess (hx/pe), (define dx), control bleed, prevent recurrence
depending on the cause stop bleeding/prevent recurrence using
a) pharmacological therapy
b) Endoscopic hemostatic therapy
c) Angiography (vasoconstrictor or embolization)
d) Surgical repair"
c771ddeca8068dbdd5dcce25ca6d96f1fcc573d43270dd6bf141eb9a284da26a,test,test,expert,KE,General_Surgery,926,Forest classification of ulcers on endoscopy,"Forest classification of ulcers
a) Grade Ia: Active, pulsatile bleeding. High Risk
b) Grade Ib: Active, non-pulsatile bleeding. High Risk
c) Grade IIa: Nonbleeding visible vessel. High risk
d) Grade IIb: Adherent clot. Intermediate Risk
e) Grade IIc: Ulcer with black spot. Low Risk
f) Grade III: Clean, nonbleeding ulcer bed. Low Risk"
d3a472eb368beeeced67c7c721f6e2a3853f28c89bb5c4db26772b72861b0b74,test,test,expert,KE,General_Surgery,927,Investigations for Upper GI Bleeding,"• Laboratory
a) CBC and differential white cell count
b) UECS
c) LFTs
d) ESR, CRP
e) Urinalysis
f) Gastrin levels in patients with multiple ulcers
g) Coagulation screen. PT, APTT, bleeding time
h) H. pylori tests.
i) Tumor markers
j) Fecal Occult Blood test
• Imaging
a) OGD
b) CT scan abdomen
c) Chest X ray
d) CT angiography
e) MRI angiography
f) Tagged RBC Scan
g) Ultrasonography
• Others
a) Ng tube lavage.
b) ECG before OGD. Risk of cardiac arrest"
b1d1688f42f96fec9f715368670e7500b10ddc3954c6d723409834e3eda4476a,test,test,expert,KE,General_Surgery,928,Define Upper GI Bleeding and causes,"Bleeding proximal to the ligament of treitz
Causes:
• Swallowed blood-
a) dental,
b) ca larynx,
c) hemoptysis,
d) epistaxis
• Esophagus-
a) Varices
b) Trauma, fish bone
c) Mallory Weiss tears
d) Aortic aneurysm
e) Mediastinal tumors
f) Esophagitis
g) BoerHaave’s syndrome Stomach
h) Gastritis
i) Mallory Weiss tears
j) Ca stomach
k) Dieulafoy lesions
l) PUD
• Duodenum
a) PUD
b) Aortoenteric fistula
c) invasive ca pancreas/cholangio ca or
d) primary tumour, divertivuli
• Liver, pancreas, biliary tree
a) Haemobilia,
b) hemosuccus pancreaticus
• Systemic disease:
a) Coagulopathies: leukaemia, haemophilia, Ebola, yellow fever, blackwater fever
b) Iatrogenic causes
• During or after procedures such as
a) endoscopic sphincterotomy
b) percutaneous endoscopic gastrostomy
c) stress ulcers
d) curling ulcers following burn injuries
e) Cushing ulcers following brain injuries"
34c6e8f4d84b19dadcef8856e9b4aa6675075227ab4602f82d4c6eca0468251c,test,test,expert,KE,General_Surgery,929,Complications of sigmoid volvulus,"a) Gangrene of the colon
b) Peritonitis
c) Acute renal failure due to dehydration
d) Respiratory embarrassment"
9eef475bf5660c14a42678f782f4891e724960aba6dac6289d1c050ea52fa75d,test,test,expert,KE,General_Surgery,930,Abdominal X-ray features of sigmoid volvulus,"a) Coffee bean sign
b) Bent inner tube sign
c) Rigler sign
d) Left flank overlap sign
e) Northern exposure sign on a supine abdominal X-ray
Bird beak sign on contrast study"
6080345d0370cdcde0bdb7e36805cd7ceea6fd1881ee46e58be8b82976f608c5,test,test,expert,KE,General_Surgery,929,Management of Sigmoid volvulus,"• Supportive
a) Fluid resuscitation to correct fluid losses and electrolyte imbalances
b) Pain management
c) Ng tube decompression if vomiting
• Definitive: Non-surgical
a) Endoscopic decompression/reduction using a sigmoidoscope
b) Hydrostatic reduction
Definitive: Surgical
a) Check for viability of the colon by color and presence of peristalsis. If viable,
Sigmoidopexy
b) If not viable(gangrene) sigmoidectomy and end colostomy. (Hartman’s procedure) or Paul Mikulicz procedure (double-barreled colostomy)."
d4ed009111cb5c0b1e6c427571d6c3520fdd29def0fc9a170fba38b4419abf9f,test,test,expert,KE,General_Surgery,931,Investigations for Sigmoid volvulus,"a) Routine lab works. CBC, UECS
b) Inflammatory markers. CRP, ESR, pro calcitonin
• Imaging
a) Erect Plain abdominal X Ray
b) CT scan abdomen
c) Contrast studies"
dca68ff425a26eb4cfba3b277e6f827d1375650caac936e384958c1e7ad31595,test,test,expert,KE,General_Surgery,932,Clinical presentation of sigmoid volvulus,"a) Abdominal distention
b) Abdominal pain
c) Constipation
d) Vomiting"
4a8d3acdaa2b9b9920682347d1fa97df31463ac974c990207225ca33a5155764,test,test,expert,KE,General_Surgery,933,Define Sigmoid Volvulus and its etiology,"A twisting of a loop of sigmoid colon around its mesenteric axis, which results in a combination of obstruction together with occlusion of the main vessels at the base of the involved mesentery.
Risk factors/etiology include:
a) Narrow mesentery
b) Long tortuous sigmoid
c) Megacolon
d) Neurological disorders ie pseudobulbar palsy
e) Adhesions
f) Chronic constipation
g) Chaga’s disease
h) Old age
i) High fiber diet"
c64cc357202ed3f798083e4e454956c6581f8bfe7b4e21dc8283899141c4e7df,test,test,expert,KE,General_Surgery,934,Radiological features of bowel obstruction,"• Small bowel
a) Step ladder pattern
b) Centrally located bowel loops
c) Valvulae conniventes
d) Sentinel loop in ileus
e) Depending on the cause: Double bubble sign, duodenal atresia
• Large bowel
a) Peripherally located loops
b) Haustrations
c) Depending on the cause, coffee bean sign- sigmoid volvulus"
e52857ee7346d8c84a25212b2d85134d03471d7349b88979ac19a1ee3480b5d3,test,test,expert,KE,General_Surgery,935,Complications of bowel obstruction,"a) Peritonitis
b) Acute renal failure
c) Acute respiratory distress syndrome
d) Shock
e) Intraabdominal abscesses
• Complications associated with laparotomy
a) Infections
b) Adhesions"
ccc4bb4689ceb6fa17c66d77bd7de3586a0d472a6ce5898be646c3ef62a0d9d1,test,test,expert,KE,General_Surgery,936,Principles of management for intestinal obstruction,"• Supportive management
a) Fluid therapy
b) Urinary catheter for input-output monitoring
c) NG tube decompression
d) Antibiotics
e) Analgesia
f) Monitor vitals. HR, RR, BP, O2 sat, temperature
• Definitive
a) Exploratory laparotomy or definitive laparotomy"
7f79b910b9a06408068012ae28f4cf4409ee3cbba697e7b8182ea9bb8b3f44a7,test,test,expert,KE,General_Surgery,937,Investigations for intestinal obstruction,"• Laboratory
a) Routine lab work i.e., CBC, UECS, LFTS
b) Inflammatory markers. ESR, CRP
c) Pancreatic function tests. Serum amylase, lipase
d) Random blood sugar
e) Gene Xpert
• Imaging
a) Plain abdominal X ray
b) US
c) CT Scan abdomen pelvis
d) Contrast studies"
6acf1916a18464cc321448afe7ccb2488693b39e819e0b5994e34621a0258ed6,test,test,expert,KE,General_Surgery,938,Clinical presentation of intestinal obstruction,"a) Abdominal distension
b) Abdominal pain
c) Vomiting
d) Absolute constipation
e) Dehydration
f) Features of strangulation and septicemia in complicated bowel obstruction. Increased HR, RR, fever, cold peripheries, decreased BP"
31d81b917821950416f42f755def90a36a6c3377c2ab459ea6886ed0cdd61964,test,test,expert,KE,General_Surgery,939,Causes of large bowel obstruction,"a) Malignancies
b) Fecal impaction
c) Crohn’s disease
d) Sigmoid volvulus
e) Cecal volvulus
f) ARMs
g) Congenital megacolon
h) Ulcerative colitis"
f34b13502aaaa968c68b5a085e92f5a1424d55789cbea74cd65f0a98b64caccd,test,test,expert,KE,General_Surgery,940,Causes of small bowel obstruction,"a) Adhesions
b) Inguinal Hernias
c) Helminths
d) Intussusception
e) Midgut volvulus
f) Crohn’s disease
g) Congenital duodenal atresia
h) Meconium
i) Bezoars
j) TB strictures
k) Paralytic ileus
l) Gall stone"
8ff7e1b47934ca8e93218d2e6f56ea7c07f414f3b53c8bdff08a156e0bcca5bf,test,test,expert,KE,General_Surgery,941,What is the difference between wound dehiscence and burst abdomen?,"Wound dehiscence occurs when a wound fails to heal hence reopening, mostly in abdominal surgery There are 2 types
a) Superficial. Only skin reopen. Rectus sheath intact
b) Full thickness. The rectus sheath and skin remain open.
Burst abdomen is Commonly caused by infection
Other risk factors include:
• steroid use
• Male gender
• Heavy weight lifting
• Smoking
• Obesity
• Prolonged abdominal surgery"
d8c008b2899f971ec394d9b276d1c1a57bfc39f4bf3b2d0d15f5d1eb96bcf3a6,test,test,expert,KE,General_Surgery,942,Write short notes on surgical site infections under the following subheadings: Prevention of SSIs,"• Preoperatively
a) Prophylactic antibiotics
b) Avoid shaving hair routinely
c) Patient to stop smoking,
d) Advice patient on good nutrition
• Intra-operatively
a) Proper skin washing
b) Change gloves or gowns if contaminated
c) Wound irrigation at closure and use of antibiotic-impregnated sutures to close
a. Post-op
d) Close monitoring of wounds"
8e5de70861676d18671aadefa400a5930872595e10edc77fc7664ca71df1e70d,test,test,expert,KE,General_Surgery,942,Write short notes on surgical site infections under the following subheadings: Management,"a) Remove any sutures, and clips and let the wound open for pus drainage.
b) Debride any necrotic tissues
c) Empirical Broad-spectrum Antibiotics
d) Pain management
e) Clean dressing of the wound"
a7eb1cffc711af966e506b8d63632616e340cf18218c6ade3e6d9c44f9d70ef2,test,test,expert,KE,General_Surgery,942,Write short notes on surgical site infections under the following subheadings: Investigations for SSI,"• Laboratory
a) Swab for MCS
b) Inflammatory markers ESR, CRP
c) DNA PCR
d) ELISA
• Imaging
a) US
b) MRI"
6c08bfc02eeb11eb86dc7d71d8c3f9aafdcb8f3158051995eea71e7a58abb156,test,test,expert,KE,General_Surgery,942,Write short notes on surgical site infections under the following subheadings: Risk factors,"• Patient factors
a) Increasing age
b) Poor glucose control
c) Obesity
d) Smoking
e) Renal Failure
f) Immunosuppression
• Operative factors
a) Preoperative shaving
b) Length of operation
c) Use of antimicrobial prophylaxis (protective)
d) Appropriate skin preparation (protective)
e) Appropriate gowning and sterile equipment (protective)"
0a92d38f0a47ec90adbfc5a4914d9e2f41d127657f8455abb7676c528dcfb9ed,test,test,expert,KE,General_Surgery,942,Write short notes on surgical site infections under the following subheadings: Definition and classification,"These are infections caused by microbial invasion of wounds created by an invasive surgical procedure
Classification:
• Incisional
• Superficial: Skin and subcutaneous layer
• Deep: Involving the muscle and fascial planes
• Organ space: Infection involves any part of the anatomy in organs and spaces other than the incision, which was opened or manipulated during the operation"
8dcdd6c7bd59f1e34710c5c2735e12188ac16e7ea5182331e1dcb51b5320ed15,test,test,expert,KE,General_Surgery,943,Differences between large bowel and small bowel obstruction,"Small bowel obstruction:
1. Vomiting is an early feature
2. Acute onset
3. Central in location radiologically
4. Presence of valvulae connniventes on erect abdominal X ray
5. Abdominal pain cramping in nature lasting for shorter durations in crescendo decrescendo pattern.
6. Small bowel dilatation of > 3cm on an erect abdominal X ray
7. Commonest etiology adhesions, hernia
Large bowel obstruction:
1. Vomiting is a late feature
2. Gradual in onset. (Acute on chronic)
3. Peripheral in location radiologically
4. Presence of haustrations on erect abdominal X ray
5. Abdominal pain lasting for longer duration
6. Large bowel dilatation of > 6cm at the level of colon, and > 9cm at the caecum
7. Commonest etiology malignancies"
3ca32a3653146f844372f22c370bac1a71bb1838cf67e111c043d9598f8becd8,test,test,expert,KE,General_Surgery,944,Parameters of the Ranson criteria,"• Partial pressures of oxygen < 60 mmHg
• Age > 55 years
• Neutrophils > 16
• Calcium levels < 2mmol/l
• Renal function urea >16mmol/l
• Enzymes LDH > 600IU/L, AST, ALT
• Albumin < 32g/l in serum
• Sugar > 10mmol/l"
d6497401ba523f435ea5ce42ab37b166d786e315ce08b1c5d28585b31cea8b3d,test,test,expert,KE,General_Surgery,945,What are the signs of hemorrhagic pancreatitis?,"Cullen sign
Grey turner sign"
6082f8e283e14f523c8524214f91850d0d3ac72408c248b7f7556979d027b103,test,test,expert,KE,General_Surgery,946,Write short notes on Acute pancreatitis under the following subheadings: Complications,"Local
• Necrosis
• Gangrene of transverse mesocolon
• Splenic artery thrombosis
• Pseudocysts
• Chronic pancreatitis
• Pancreatic abscesses
• Pancreatic fistulas
Systemic
• ARDS
• Pleural effusion
• DIC
• Acute Kidney injury
• Paralytic ileus
• Peritonitis
• Electrolyte imbalances i.e., Hypocalcemia"
992da88134a38cdfe050af2a1145d6d25494973b882ee3a944537cfca292fca3,test,test,expert,KE,General_Surgery,946,Write short notes on Acute pancreatitis under the following subheadings: Management,"1. Management is supportive
2. Fluid therapy to correct dehydration. Use isotonic crystalloids. Consider comorbidities like CCF when administering fluids to prevent complications associated with fluid overload
3. Insert urethral catheter, monitor fluid input output using a fluid chart
4. Nutritional support. Initially NPO if no bowel sounds. If there are bowel sounds oral sibs. To those who can’t feed consider TPN, or enteral feeding through NG tube, NJ tube
5. NG tube decompression in persistent Nausea and vomiting. Anti-emetics such as Ondansetron
6. Analgesia for the pain
7. Correct electrolyte imbalances"
1a9aa9c29f1238f6f9c30878f2747bb22d6f45989bf9c4a1d3df6f03dd31aca0,test,test,expert,KE,General_Surgery,946,Write short notes on Acute pancreatitis under the following subheadings: Investigations,"1. Laboratory
• Pancreatic function tests- serum amylase and lipase elevated • Lipase more specific.
• Complete blood count and differential white cell count
• UECs to check for kidney function, electrolyte imbalances
• Lipid profile. Hypertriglyceridemia is a risk factor
• Arterial blood gases, assessing severity. Part of Ranson's criteria, ARDS is also a complication of pancreatitis.
• Random blood sugar. Part of the Ranson criteria
• LFTs and serum albumin
• Enzymatic assay LDH
• Coagulation screen
• Urinalysis
2. Imaging
• Abdominal ultrasound. Important to rule out gallstone pancreatitis
• Abdominal pelvis CT scan with contrast. Also, useful to rule out other causes of acute abdomen and for grading of Acute pancreatitis. (NB: CT scan picks findings after 72 hours)
• ERCP acute gallstone pancreatitis with persistent biliary obstruction or cholangitis
• MRCP
• Plain erect Abdominal X-ray. Picks ileus as a result of AP. Findings include sentinel loop, colonic cut-off sign
• Chest X ray. May show pleural effusions"
83a63f0ef94998c398e30a8273e4fadd0a832584c1517441e22554ce14a5d92a,test,test,expert,KE,General_Surgery,946,Write short notes on Acute pancreatitis under the following subheadings: Risk factors,"1. G -gallstones
2. E- ethanol
3. T- trauma
4. S – Steroids (prolonged use of steroids)
5. M - Mumps
6. A - Autoimmune
7. S – Scorpion sting
8. H – Hyperlipidemia/hypercalcemia
9. E - ERCP
10. D – Drugs"
aa4df1f277fc9f4146e4e1bceaadf2f13ee7e8aa8d31934af5784996a6fa58b0,test,test,expert,KE,General_Surgery,947,What are the differential diagnoses for acute epigastric abdominal pain?,"a. Acute Pancreatitis
b. Cholelithiasis
c. Acute gastritis
d. Acute cholecystitis
e. Peptic ulcer disease (PUD)
f. Perforated ulcer
g. Appendicitis
h. Small bowel obstruction
i. Ruptured AAA
j. Referred pain from myocardial infarction"
4fd0bfeb369948e860d78f687279e876d11efeedab8fc94dea23786d9d1c6dfe,test,test,expert,MW,Pediatrics,948,The diagnostic value of tests performed on pleural fluid,"Tests that are done help in establishing the following:
1. Decide whether the fluid is a transudate or exudate.
2. If the integrity of the pleural membrane is intact the fluid is a transudate.
3. Impaired integrity of the pleural membrane, with leakage of protein or other large molecules results in an exudate.
4. Decide if there is a bacterial or tuberculous infection.
5. Decide if there is a chyle in the fluid.
6. Determine the aetiology of the fluid.
Chemical separation of transudate and exudate.
Transudate: Has protein level of <3g/Dl, LDH < 2/3 of the upper level of serum, pleural/serum concentration ratio of protein of <0.5, pleural/fluid concentration ratio of LDH OF <0.6.
Exudate: Has a protein level of ≥ 3g/Dl, LDH > 2/3 of the upper level of serum, pleural/serum concentration ratio of protein ≥ 0.5, pleural/ serum concentration ratio of LDH of ≥ 0.6
Other tests: Bacterial cultures, cell count, adenosine deaminase, and gene X-pert, are also useful.
Pleural fluid pH > 7.45 or greater than blood Ph is consistent with transudate. Pleural fluid glucose levels are reduced with empyema, TB, and malignancy. A chylous effusion has a normal pleural fluid/ serum glucose concentration ratio ( > 0.5) and has chylomicrons."
e0b26496decda0758ffbc607227c38f44cedc67b30154744ea8999103c90b182,test,test,expert,MW,Pediatrics,949,Discuss the serum - ascites albumin gradient.,"The exudate-transudate concept with regard to ascites fluid should be discarded in favour of SAAG.
Definition SAAG: Serum alb – ascites fluid albumin.
SAAG correlates with portal pressure.
SAAG >= 11g/litre (wide SAAG) has a 96% chance of portal hypertension.
Causes wide SAAG (> 11g/l)
a. Chronic liver disease (cirrhosis)
b. Veno-occlusive disease
c. CCF
d. Spontaneous bacterial peritonitis
e. Massive hepatic metastases.
Narrow SAAG (< 11g/l)
a. Reduced plasma oncotic pressure (eg. nephrotic).
b. Tuberculous peritonitis.
c. Secondary bacterial peritonitis.
d. Peritoneal carcinomatosis.
e. Blood and ascites fluid should be sampled simultaneously."
d4162c74e97f3951fea07ef80cf12ef19c63a5d7f464b2a74a02b3c34c608c14,test,test,expert,MW,Pediatrics,950,"In a neonate with jaundice, what is the rationale of the following components in exam? Wellness, Colour Neurological Umbilical","1. Wellness is assessed to help in differentiating whether the jaundice is physiological or pathological. ii. It is also used to assess whether the newborn is preterm or term
2. Colour is assessed to trace the severity of the jaundice which is the indication for phototherapy. [Bilirubin check: Palms and sores (15-20mg/dl), Arms and lower limbs {15-18mg/dl), Abdomen (12-14mg/dl), Chest (8-10mg/dl), Face (5- 6mg/dl)]
3. Neurological
To assess if the bilirubin has crossed blood-brain barrier and affected the brain. For example, in Kernicterus which may lead to complication like cerebral palsy
4. Umbilical
a. To check for infections, to check if jaundice is accelerated with infections
b. Physical bruises
c. To check for entry of infections through bruises, they may also show congenital syphilis"
7c6583b91ef8918c11ee72e02d4884c84dae9dab0c5c7b758cc5c137be30c548,test,test,expert,MW,Pediatrics,951,Describe the pathophysiology of physiological jaundice,"Neonatal physiological jaundice results from simultaneous occurrence of the following two phenomena:
i. Bilirubin production is elevated because of the increased breakdown of fetal erythrocytes. This is the result of the shortened lifespan of fetal erythrocytes and the higher erythrocyte mass in neonates
ii. Hepatic excretory capacity is low both because of low concentrations of the binding protein ligandin (Glutathione-STransferase) in the hepatocytes and because of low activity of Uridine-Di-Phospho-Glucuronyl Transferase (UDPGT), the enzyme responsible for binding bilirubin to glucuronic acid, thus making bilirubin water soluble (conjugation)."
ca10744127233467c90b53468fe2ad4a4b6cc12a3fa5204ea6be2c0ab6fe806c,test,test,expert,MW,Pediatrics,952,Factors that could improve the control of childhood tuberculosis:,"i) Better control of adult tuberculosis disease. Current effective control just 55%.
ii) Social upliftment – decrease overcrowding, improve nutrition, better contact tracing
iii) HIV control
iv) Review immunisation- technique of vaccination, vaccine utilised, host responses.
v) Adequate isolation facilities.
vi) Improve compliance –dots program, address issue of MDR tuberculosis management.
vii) Improve diagnostic accuracy for children with tuberculosis.
viii) Identification of high risk group for acquiring disease- geographic location, alcohol and cigarette smoking risk habits.
ix) Use of combination therapy as opposed to single drugs to avoid resistance from appearing.
x) Ensuring confirmed cases are completely treated and have a team finding defaulters.
xi) Devise a practical approach to use of prophylaxis in contacts of active cases with tuberculosis. This is important as regards the current HIV epidemic."
4bcdb28fe47461e35282e8b0add01c14f057c61e82cab8c924c3aa40cb595589,test,test,expert,MW,Pediatrics,953,"Efficacy vs cost / burden of disease in continued treatment of this patient with childhood tuberculosis very low, thus futility of continued treatment necessitates withdrawal. Ethical principles involved in making this decision include:","Autonomy
patient acts intentionally with full understanding of all factors involved with no controlling influences- here the parents act for the patient advocacy
parents
• must be fully informed and counseled
• should not make the decision to withdraw but must be involved at all stages
• have the right to refuse
• may need time to accept decision, come to terms with decision
• allowed to consult others: family members, second opinion, religious leaders etc
respect confidentiality and privacy
Beneficence
Principle of doing good for the patient
Linked here with non-maleficence
Even though this situation seen as futile can still do good for this patient- especially in the implementation of the decision:
-adequate sedation and analgesia
double effect of sedation: reasonable to administer these drugs even though they may actually shorten life provided they are not given to shorten life
counsel and comfort parents- physical and emotional comfort
Non maleficence
First do no harm principle.
Continued invasive treatment in a futile situation is ‘doing more harm than good’
Consider also during implementation process- parents and child
Justice
Giving to each that which is his due
Distributive justice- allocation of resources and facilities where these are limited, allocate to more deserving patients. Here continued ventilation in a futile situation can be seen to be depriving another child of a ventilator bed
Handicapped child(survivor) may place large demands on rehab and care facilities in community
Other principles to be considered
Sanctity of life vs Quality of life
Burden of disease
Consider Religious beliefs of parents as well as
Cultural background and customs of parents
Understanding of termination of life vs withdrawal of support- ethical and medico-legal differences
Paternalistic approach- decision is removed from parents for various reasons- may be ethical"
cd2141384cb5c9c82eddcfb4f689b1a30fc43c072aff42e621ad8a3151557452,test,test,expert,MW,Other,954,Mechanisms of Action of Diuretics,"A. Loop diuretics
Examples: Furosamide, bumetanide, torsemide, ethacrynic acid. Leads to excretion of 20 to 25% of the filtered Na+ when given in maximum dosage. Act on the medullary and cortical aspects of the thick ascending limb, including the macula densa cells in the early distal tubule. At each of these sites Na+ entry is primarily mediated by a Na+ K+ 2Cl- carrier in the luminal membrane that is activated when all 4 sites are occupied. The loop diuretics appear to compete for the Cl- site on this carrier, thereby diminishing net reabsorption. Also, inhibiting the reabsorption of NaCl leads to a parallel reduction in the reabsorption of Ca2+ thereby enhancing Ca2+ excretion.
B. Thiazide-Type Diuretics
They primarily inhibit sodium and chloride transport in the distal tubule, the connecting segment at the end of the distal tubule, and possibly the early cortical collecting tubule. Since these segments reabsorb less of the filtered load, these diuretics are less potent, inhibiting at most 3 to 5 percent of the filtered Na+. The thiazides inhibit NaCl reabsorption in these segments by competing for the Cl- site on the Na-Cl cotransporter. Another important action is the increased reabsorption of Ca2+ in the distal tubule and cortical collecting tubule. The fall in Ca2+ excretion is useful in the treatment of recurrent kidney stones due to hypocalciuria.
C. Potassium-Sparing Diuretics
3 major ones: Amiloride, spironolactone and triamferenc. They act in the principal cells in the cortical collecting tubule (and possibly in the papillary or inner medullary collecting duct). These drugs act by decreasing the number of open Na+ channels. Spironolactone does this indirectly by competitively inhibiting the effect of aldosterone.
D. Mannitol
This is a nonreabsorbable polysaccharide that acts as an osmotic diuretic. Its main mechanism of action is by inhibiting Na+ and water reabsorption in the proximal tubule and more importantly, in the loop of Henle. It produces a relative water diuresis in which water is lost in excess of Na+ and K+. It can increase plasma osmolality by 2 mechanisms
a) The preferential water diuresis following repeated administration can lead to a water deficit and hypernatraemia.
b) Hypertonic mannitol may be retained in patients with renal failure, directly increasing the plasma osmolality.
In this setting, water movement out of cells down an osmotic gradient will lower the plasma Na+ concentration by dilution. This is an important condition to recognise, since treatment must be aimed at the hyperosmolality, not the hyponatraemia.
Fluid and Electrolyte complications of diuretic therapy
• Volume depletion
• Azotaemia
• Hypokalaemia
• Metabolic alkalosis
• Hyperkalaemia and metabolic acidosis with K+ -sparing diuretics.
• Hyponatraemia, especially with the thiazides
• Hyperuricaemia
• Hypomagnasaemia"
5bf26dfe8370bf624f3619985a3fa57c71841a3f67fc0f4a0c69c7f2aaa58b83,test,test,expert,MW,Pediatrics,955,Discuss the physiological principles by which fats are absorbed from alimentary tract,"Introduction:
Fats, proteins and complex carbohydrates (CH) can not be taken up from the gut in the form that these nutrients appear in the diet. A process of breakdown of food starts in the mouth by mastication followed by the digesting processes. Different nutrients are broken down into small absorbable units, which can be absorbed from the intestine. Digestion starts in the mouth, is carried further in the stomach and is completed in the small intestine. Absorption of nutrients mainly take place from the upper ½ of the small intestines.
Digestion and absorption of fat:
By far the most common fats in the diet are the neutral fats (triglycerides), each molecule contains a glycerol nucleus and three fatty acids. The rest of the fats are made up of phospholipids, cholesterol and cholesterol esters, (cholesterol is a sterol, thus not a fat, but has the characteristics of a fat, is derived from fats, and metabolised like fat).
Pancreatic lipase is the most important enzyme involved in the digestion of fats. Lipase is also secreted in the mouth and the stomach, the lipase from the Ebner glands on the dorsal surface of the tongue digests a substantial amount of the triglycerides, while the gastric lipase is normally of little value in the digestion of fat.
Emulsification of fat, very important in the digestion of fat, begins with the mechanical action within the stomach, and is fully accomplished in the duodenum by the detergent action of the bile salts. In the emulsification process the fat globules are broken down into smaller units, allowing water-soluble enzymes to work on the fat globule surface. The bile salts’ carboxyl end which is highly water-soluble protrudes from the surface of the fat globule, while the sterol end, which is fat soluble, is directed down into the fat globule.
Three enzymes from the pancreas take part in the digestion of fats, these being; lipase, carboxyl-ester-hydrolase and phospholipase A2. Lipase hydrolyses triglycerides and long chain fatty acids to di- and monoglycerides plus free fatty acids and a small amount of glycerol, all these products are insoluble in water. Phospholipase A2 is secreted as an inactive proenzyme and has to activated by trypsin to the active enzyme that will hydrolyse glycerol-phosphates.
Fatty acids and monoglycerides are not soluble in water, and as such not absorbed into the enterocytes. By binding of bile salts to fatty acids and monoglycerides, aggregates of micelles are formed. The micelles are absorbed into the enterocytes together with glycerol. It was always thought that the uptake of micelles were by passive diffusion, but there is now some evidence that carrier substances are involved in their transport. The products of fat digestion get absorbed from the first part of the jejunum, while bile salts only gets absorbed in the distal part of the ileum. After the absorption of monoglycerides and fatty acids into the enterocytes, these substances are then used to form triglycerides in the membrane of the smooth endoplasmic reticulim. The newly formed triglycerides combine with cholesterol, phospholipids and protein to form chylomicrons, which gets released from the enterocytes into the lymphatic system. Fatty acids with less than 10 – 12 carbon atoms pass directly from the enterocytes into the portal system, while those with more than 12 carbon atoms have to be changed back into triglycerides and pass ianto the lymphatic system as part of chylomicrons.
Short and medium triglycerides (MCT) form only a small part of the fats in a normal diet, and their absorption is different from that of the triglycerides:
i) MCT are taken up directly into the enterocytes, so bile salts are not needed for absorption.
ii) MCT is in part absorbed as triglycerides, so digestion by lipase is not needed.
iii) MCT are mainly transported in the portal vein and not the lymphatic system.
On a moderate fat intake, 95% or more of the fat ingested fets absorbed from the intestinal tract. Fat-soluble vitamins are handled in a manner similar to that of other fats"
390bf7378fbe6e370c996b9e4376f29ed989407bb878d69e5082c39b5262f456,test,test,expert,MW,Pathology,956,MANTOUX TEST,"IMMUNOLOGICAL
Delayed hypersensitivity (type IV hypersensitivity) reaction to PPD. These reactions are mediated by T cells and monocytes/macrophages rather than by antibodies. The Mantoux test itself is a delayed hypersensitivity reaction. Thus, 48-72 hours following the intradermal administration of purified M tuberculosis protein derivative, patients who have been exposed to the bacteria develop a delayed hypersensitivity reaction manifested by inflammation and edema in the dermis.
POSITIVE MANTOUX
Normally > 10 mm
If BCG, > 15 mm
If immune suppressed, > 4 mm
Pos = infected with MTb
FACTORS
• Technique of administration, storage
• Booster effect
• Type of PPD
• Immune status
• Previous BCG
• Exposure / time of exposure to TB
• Severity of TB infection
• Live virus vaccines
• medication"
7cab910dc06c0405c1b79a79b4436c347ab8a7dc8ad1786da8b64eea6af945fc,test,test,expert,MW,Pediatrics,957,Discuss Iron metabolism.,"Iron is essential for the functioning of all cells.
Diet: must contain 10mg+ of iron daily (absorption of dietary iron 10%). 1mg iron must be absorbed daily.
Sources of iron: Heme iron (meat etc.) – more bio-available.
- Non-heme iron (plant based food, egg, etc).
- Also endogenous turnover.
Absorption: occurs in duodenum, upper jejunum. increase with low iron stores and if increased rate of erythrocyte production.
- ferrous form of iron better absorbed.
- decrease when iron stores are high.
Absorption also enhanced by Vit. C; inhibited by phytates, tannin.
Transported in blood by transferrin to bone marrow (after heme was split in intestinal mucosal cell with release of iron).
Total body iron = 70% used in metabolic processes.
= 10%-30% stored in RES as ferritin.
Some stored as hemosiderin (insoluble form)."
187522944601411302a1dbcdd54de40bae8cd8ff1323b26f9c256246ad229132,test,test,expert,MW,Pediatrics,958,Write Short Notes Production of cerebrospinal fluid.,"Cerebrospinal fluid (CSF) is produced within the cerebral ventricular system, mainly the choroid plexus (villous folds lined by epithelium and a central core of highly vascularised connective tissue).
Active secretion and diffusion to paired lateral ventricles to foramen of Munro to single midline third ventricle to the aqueduct of Sylvius to Fourth ventricle to exits through 3 openings (lateral foramina of Luschka and midline foramen of Magendie to cisterns in subarachnoid spaces to cisterns in posterior fossa through the pathways over the tentorium over the cerebral convexities to sagittal sinus to absorbed to systemic circulation.
Fluid is also absorbed across the ependymal lining of the ventricular systems and from spinal subarachnoid space.
CSF production approximately 20ml/hour; turns over 3-4 times per day."
0d996ba5d72c240d7864974c9a3ba1678f33ab82cb29007a893623d723cfb9e1,test,test,expert,MW,Pediatrics,959,Write short notes herd immunity in the control of vaccine-preventable diseases,"Immunisation prevents an infection either by direct protection of successfully immunized individuals or indirectly by reducing the population of susceptible individuals who can contract and thereafter pass on the infection.
A key concept relating to herd immunity is the basic reproductive rate of an infection (RO). This represents the average number of secondary cases produced by one primary case in a wholly susceptible population. For an infection to sustain itself, the average number of secondary cases must be greater than 1. The average number of secondary cases depends on the biology of the organism, but also on the number of contacts an infectious individual has with susceptible individuals. The number of susceptible contacts depends in turn on the population density of individuals susceptible to the infection (and complex social and behavioural variables).
Immunization reduces the density of the susceptible population, thereby reducing the number of secondary cases per primary case. There is a critical proportion of immune individuals above which the number of secondary cases per primary case will fall below 1, and the infection will be eradicated. This critical proportion depends on the type of infection. For example, in a homogeneously mixed population, measles with RO of 15-17 has a critical proportion above 90% whereas polio, with RO of 5-6, has a critical proportion of 80-85%. Higher immunisation coverage is thus required to eradicate measles from a population than to eradicate polio."
a7cbd50dde0a491a82b527d2a8c42a0cc47318f351c19a550cf2d06b6b2664d7,test,test,expert,MW,Pediatrics,960,Discuss the benefits of kangaroo mother care.,"Kangaroo care is defined as skin-to-skin contact between a mother and her low birth weight infant in a hospital setting.
Benefits:
• Breast feeding
• Prolonged
• Breast milk production more stable
• Increased feeds per day
• Physiologic stability
• Stable skin and core temperature
• Heart rate stable
• Improved oxygen saturation and consumption
• Improved quiet sleep
• Maternal confidence and bonding
• Infection possibly decreased
• Cost savings"
bdae32abf6d6b8bc500d1a171e8cf189d3bb499975b06f9b52f38d444330afa3,test,test,expert,MW,Pediatrics,961,What are the factors affecting maternal-to-child transmission of HIV infection,"i) Feeding practices- exclusive bottle or breast feeding, mixed feeding
ii) Use of antiretroviral medications: ACTG 076 TRIAL, Petra, Thai and nevarapine regime
iii) Concurrent maternal infections ie stds and IUI
iv) Mode of delivery caesarian section as compared to normal vaginal deliveries
v) Multivitamins and Vitamin A use – controversial
vi) Douching not beneficial
vii) Minimising invasive procedures
viii) Sexual practices and partners during pregnancy
ix) Avoid pregnancy because accelerates HIV disease
x) Use of Antiretrovirals in newborns babies
xi) Avoid blood products as far as possible"
90397faa66c549ed82a940b4372de3a02888389fca3f6d42c0937b0791a9479b,test,test,expert,MW,Pediatrics,962,"Cerebral palsy Patient with Weight for Height < -3 SD, with no edema: what is the diagnosis and how can you manage him","Anticipate 2 problems in this patient and where we are you going to refer them
(1) Contractures and other deformities that need Physiotherapists and occupational therapists
(2) Kyphoscoliosis and dislocation of bones that require Orthopaedical surgeons
(3) Myopia, squint that requires Ophthalmologists
(4) Sensorineural deafness and problems in language comprehension that require Speech therapists"
806077c3935c4a9b9c9eb902d7e665f3bf16bce21b69c4075a24ef6ec34bff6d,test,test,expert,MW,Pediatrics,963,Define Cerebral palsy,"It is a non-progressive disorder of motion and/or posture, secondary to an insult in the developing brain"
4a257a493750955eb5e372558c3bf6fd459cc825811daf6e4fb8d8d917b8cb59,test,test,expert,MW,Pediatrics,964,SHOCK Classification,"CARDIOGENIC: cardiomyopathy, heart failure
HYPOVOLAEMIC: haemorrhage
DISTRIBUTIVE: septicaemia >>vasodilation
OBSTRUCTIVE: tension pneumothorax
DISSOCIATIVE: carbon monoxide poisoning"
4e4e85c3d4a9a44839393a5ee28ca16fcbd8bacab784fd35dcf9d85be66f8d2a,test,test,expert,MW,Pediatrics,965,Clinical Signs of Shock,"COMPENSATED: Vital organ function viz brain and heart is conserved by sympathetic reflexes which increase systemic arterial resistance, divert blood away from non-essential tissues, constrict the venous reservoir and increase the heart rate to maintain cardiac output)
(the systolic BP remains normal whereas the diastolic pressure may be elevated due to increased systemic arterial resistance
-mild agitation
-confusion
-skin pallor
increased heart rate
cold peripheral skin
decreased capillary return
UNCOMPENSATED: compensatory mechanisms start to fail and the circulatory system is no longer efficient
-falling blood pressure
-very slow capillary return
-tachycardia
cold peripheries
-acidotic respiration
-depressed cerebral state
absent urinary output
IRREVERSIBLE SHOCK: a retrospective diagnosis
(damage to key organs viz heart and brain is of such magnitude that death occurs despite adequate restoration of the circulation."
e1e403cd60125892665b35d28ef25138cc5d776f2d3ca8b03360f2ae8d8d8a86,test,test,expert,MW,Pediatrics,966,Write short notes on immune reconstitution inflammatory syndrome,"Immune reconstitution inflammatory syndrome (IRIS) is defined as: paradoxical clinical deterioration after starting HAART, resulting from improving immune system interaction with organisms that have colonised the body during the early stages of HIV infection.
A wide range of pathogens causes IRIS. These include Mycobacterium tuberculosis (MTB), Mycobacterium avium complex, Cryptococcus neoformans, Aspergill, Candida albicans, Pneumocystis carini, CMV, human herpes viruses, and hepatitis B.
IRIS usually presents within 6 weeks of starting HAART. Clinical presentations vary and depend on the causative organism and the organ system that is colonised. For example, IRIS caused by MTB may present with high fever, lymphadenopathy, worsening of the original TB lesion, and/or deteriorating chest radiographic manifestations, including the development of a military pattern or pleural effusion.
Managing IRIS includes specific antimicrobial therapy (e.g. TB treatment for IRIS caused by MTB). In severe reactions, glucocorticosteroids and/or temporarily discontinuing HAART may help."
9932b5b4870df8532a9e114a30f2291be141ed4799119892363380be027daae4,test,test,expert,MW,Pediatrics,967,What are the impacts of childhood obesity on Psychosocial health,"1. It leads to psychogenic stress; depression
2. It leads to behavior problems
3. It leads to bullying issues at school which lowers one’s self esteem and self-reported quality of life"
bf0aa76f88a41ec632ec4d1e88b01d834276844d313fb69c9266ac0d4138fb0b,test,test,expert,MW,Pediatrics,968,What are the impacts of childhood obesity on Cardio-vascular health,"1. Obesity accelerates high blood pressure
2. Obesity leads to accumulation of more cholesterol in the body leading to high risk of CVD"
5e0ee0b142332e6159bb39a1b76fe111a3089b2736fd694fc73d45d5260b296e,test,test,expert,MW,Pediatrics,969,What are the impacts of childhood obesity on Musculoskeletal,"1. Obesity leads to joint problems
2. It causes muscular-skeletal discomfort"
f42a6c0f6eb3dffdfdbf71a9432c9718afccde18dbf410b258d7a59a181b38d6,test,test,expert,MW,Pediatrics,970,What are the impacts of childhood obesity on Metabolism,"1. There is impaired glucose intolerance
2. Insulin resistance, Diabetes type 2"
4fa4b69ed3212928e25fe642f62ad88e0adb2ee82c67e87371b4d9788d1b54f1,test,test,expert,MW,Pediatrics,971,What are the impacts of childhood obesity on Respiratory health,"1. Obese children may be asthmatic because fat tissue produces inflammatory substances that might affect the lungs
2. Excess fats reduce total respiratory system compliance, increases pulmonary resistance, and reduces respiratory muscle strength
3. Obesity causes sleep apnea"
a19d34aa74e72e7f3a51848683525316ca70230aa461f66c6f8da9d83542efa7,test,test,expert,MW,Pediatrics,972,4 weeks old male presented with projectile non-bilious vomiting for 2 days. A diagnosis of Duodenal atresia was made. What is the management?,"1. Supportive Management: Administer IV fluids, prepare the child for surgery
2. Definitive Management: Treated surgically through duodenoduodenostomy; a new connection between the upper duodenum and distal duodenum is created to bypass the blockage"
c11d52068fd4805c78ec38782d1d63ad92708cb46a89f9a4d21d0cf7115871fe,test,test,expert,MW,Pediatrics,972,4 weeks old male presented with projectile non-bilious vomiting for 2 days. A diagnosis of Duodenal atresia was made. How would you confirm the diagnosis?,Abdominal Ultrasound
affd0ea5d765d0f545f812de2a79ad57365a061cd6dab498a6b729e07f825dfa,test,test,expert,MW,Pediatrics,972,4 weeks old male presented with projectile non-bilious vomiting for 2 days. A diagnosis of Duodenal atresia was made. List 4 metabolic derangements of the condition above,"i. Hypokalemia
ii. Hypochloremia
iii. Hypernatremia
iv. Metabolic alkalosis"
3a77d4d91715059262bd447532ecd2cac6520dfb294c6fee8cdec0a3ecf599a2,test,test,expert,MW,Pediatrics,973,4 weeks old male presented with projectile non-bilious vomiting for 2 days. What is the likely diagnosis?,Duodenal atresia
babf9667b6b727a36b05eb25c4295406d94a2ad5c440b0f13a7b4994a7041e49,test,test,expert,MW,Pediatrics,974,"Differences between Caput succedaneum, Subgaleal hemorrhages and Cephalohematoma","a. Caput succedaneum
i. It is diffuse subcutaneous fluid collection with poorly defined margin often crossing the suture lines caused by pressure on the presenting part of the head during delivery.
ii. It does not usually cause complications and resolves over the first few days
b. Subgaleal hemorrhages
i. It occurs between the scalp and the periosteum and form a large, fluctuant collection which crosses suture lines.
ii. They are rare but may cause life-threatening blood loss
c. Cephalohematoma
i. It is a sub-periosteal hemorrhage which occurs in 1-2% of infants and may increase in size after birth.
ii. The hemorrhage is bound to periosteum, the swelling does not cross the suture line in contrast to a caput succedaneum
iii. More common with instrumental delivery and may cause jaundice"
fdc0ee623ff6c8425f05f1349bfe1f1786174d0c25a882ec1857ed0d81951c17,test,test,expert,MW,Hematology,975,Sickle Cell Disease: They are most associated with invasive bacterial infections (IBI) like,"i. Streptococcus pneumoniae
ii. Non-typhoidal Salmonella species
iii. Haemophilus influenzae type B (Hib)"
6b8b846861c246c51d723c3c293cdd7903d3d78c7e757237e3b66f7b2d89d70e,test,test,expert,MW,Allergy_and_Immunology,976,Infectious complications of Atopic Dermatitis,"a. Impetigo: secondary to staph. aureus & some from Strep. grp A
b. Eczema herpeticum: secondary to HSV
c. Molluscum contagiosum: secondary to Poxvirus
d. Dermatophyte infection: Tinea"
046e94d4db755c826683924f020faae37bef631254cb55817cc07df064688e2d,test,test,expert,MW,Pediatrics,977,Discuss the following inheritance patterns and recurrence risks associated with it. Give at least one example. mitochondrial inheritance,"All mitochondria are inherited from the mother, affected mother passes the gene to all her children, and affected father to none of his children, e.g. certain myopathies, Leber’s optic neuropathy"
4b920a8bcc75d6a95110efd3321ee42034333bd0ab85ff63baf4acabb6d1d998,test,test,expert,MW,Pediatrics,977,Discuss the following inheritance patterns and recurrence risks associated with it. Give at least one example. X-linked dominant inheritance,"Gene on X chromosome but dominant (as opposed to XLR), differs from AD in that no male to male inheritance occurs, e.g. Vit D resistant ricketts"
5444cd94c83e85742d19df5a913cf7e1b36c676b51c269ecd15053f69b594ffa,test,test,expert,MW,Pediatrics,977,Discuss the following inheritance patterns and recurrence risks associated with it. Give at least one example. X-linked recessive inheritance,"Gene on X chromosome, will only express in absence of dominant gene (= only boys), Carrier mother (asymptomatic) has a 50% chance of affected son and 50% chance of carrier daughter, e.g. Haemophylia, Duchenne muscle dystrophy"
2e8d91d1dfb0aab2df96318fd67abf91bbb876ee5e657e53a7d66d52f767cf47,test,test,expert,MW,Pediatrics,977,Discuss the following inheritance patterns and recurrence risks associated with it. Give at least one example. autosomal recessive inheritance,"Both genes in a pair must be disease causing before disease is manifested, genes on autosome, no sex preference, if both parents heterozygous then 25% chance of affected (homozygous) child, e.g. Cystic fibrosis, Occulo-cutaneous albinism, Spino-muscular atrophy"
023de7f01b9dae9c263dc46df07d2a255888b0d922f5d4152e87f2eb4ad98313,test,test,expert,MW,Pediatrics,977,Discuss the following inheritance patterns and recurrence risks associated with it. Give at least one example. autosomal dominant inheritance,"Presence of 1 dominant disease causing gene in a pair on autosome, no sex preference, heterozygous parent has 50% risk of having an affected child, e.g. Neurofibromatosis, Achondroplasia, Huntington’s chorea etc."
8c0d494b583e509a7a0b962d7b6abe96811b407529e5c6d90229612fdcefda68,test,test,expert,MW,Hematology,978,Discuss the oxygen hemoglobin dissociation curve,"This relates the partial pressure of oxygen to the percentage saturation of haemoglobin.
Features of this curve include:
(1) At the normal P02 of arterial blood (100mm Hg) , the haemoglobin is 97.5 % saturated with 02.
(2) At O2 tensions greater than 100 mmHg . haemoglobin cannot accept more O2.
(3) When the PO2 is reduced from 100mm Hg down to 70 mm Hg , the haemoglobin saturation is 92% (ie “normal” despite a significant drop in PO2).
(4) The sigmoid shape of the curve means that at a tissue oxygen tension of 60 down to
10mm Hg , large amounts of O2 are rapidly made available for tissue utilization from
haemoglobin
(5) A variety of factors affect the curve itself- including a change in temperature ,pH,
2,3DPG and type of haemoglobin."
3b3cbab1bb806c78375e5b0f62c01d6e69054b3b3902dd6076397361d094f5d8,test,test,expert,MW,Internal_Medicine,979,What is the Mentzer Index & what does it indicate?,"Mentzer Index: MCV/RBC
If > 13 --- Iron deficiency anemia
If < 13 --- Thalassemia/trait"
06faf91439d527a383a2f22c3095ac6a3824b5d9a9e635aa2558bedfc7b1453c,test,test,expert,MW,Pediatrics,980,How will you manage a child with asthma on discharge?,"If the patient is no longer requiring oxygen and is able to to eat and drink discharge him with the following managements
a. 4 hours in between salbutamol treatments
b. Continue around the clock salbutamol for next 48 hours then gradually space out
c. 2nd dose of dexamethasone 36 hours after the first dose,
d. 3-5 days of prednisone (2 mg/kg) first dose, then 1 mg/kg BD"
8b25fcb7c81559d39f08ad892ba681756b51506678dcff2b792334425699a8c2,test,test,expert,MW,Pulmonary_Medicine,981,What is the Immediate management of asthma?,"Grade the Asthma and the management will depend on the grade:
1. Intermittent: Salbutamol as needed (short acting beta-agonist, SABA)
2. Mild persistent: SABA as needed, Daily low-dose inhaled corticosteroid (ICS) Exmaple is beclomethasone
3. Moderate persistent: SABA as needed, Daily medium-dose ICS
4. Severe persistent: SABA as needed, Daily high-dose ICS or Daily medium-dose +leukotriene receptor antagonist (LTRA)"
035de6cd100a6b3984b545c912f62b209de1ab80b13fffa3a0cff2ffc5c8f8a3,test,test,expert,MW,Internal_Medicine,982,Symptoms of B12 deficiency?,"Neurologic problems:
1) Long tract signs (proprioception and vibration sense loss, then loss of sensation)
2) Ataxia (cerebellar dysfunction)
Hematologic:
1) Megaloblastic anemia"
8af66544ec89af8183a6fbe2303e694fa68ed0cc13a050a1902fb66556d250c1,test,test,expert,MW,Pediatrics,983,What interventions are being done in Malawi?,"i. Iron tablets supplement in antenatal visit to pregnant mothers
ii. Give Vitamin A every month up to 5 years to children
iii. Iodization of salt"
8363cc2f037495fff52ae32d6606d646c3d35e7ec206bdfc28ff228af6dc3e51,test,test,expert,MW,Family_Medicine,984,What are the risk factors for micronutrient deficiencies?,"i. Inadequate breastfeeding
ii. Increased physiological demands for growth during pregnancy and lactation
iii. High incidence of infectious diseases such as intestinal parasitic infections
iv. Low intake due to poverty, lack of access to variety of foods and lack of knowledge of optimal dietary practices"
df0a73e1072519a7cf0d7109585ad91d7fb5ee0444260fe9e3377d2d2697287e,test,test,expert,MW,Pediatrics,985,a. Mention Two common micronutrient deficiencies in Malawi,"i. Iron deficiency
ii. Iodine deficiency"
15ce30647ed5158e23c6bbbab7a4928f9a6b5ae90e1ea600befab0afb3e39093,test,test,expert,MW,Pediatrics,986,Describe how you can manage hyperkalemia,"i) Rapidly decrease the risk of life-threatening arrhythmias
ii) Shift potassium intracellularly:
(1) Sodium bicarbonate administration (IV)
(2) Insulin and glucose (IV)
(3) β-agonist (salbutamol via nebulizer)
iii) Cardiac membrane stabilization
(1) IV calcium iv
iv) Remove potassium from the body
(1) Loop diuretic (IV or PO)
(2) Sodium polystyrene (PO or rectal) Dialysis"
c48935998ffbca692c3fc1c9f065f72ed9e3abde91d944f29c3474c5c461500c,test,test,expert,MW,Pediatrics,987,List 4 complications of chronic renal failure and how are they caused,"i) Hyperkalemia
ii) Fluid overload
iii) Anaemia
iv) Renal osteo-dystrophy"
b103ca5ae7d346c41c509b89c0f4e1841cd8bae4e84dc0c9cd2edb2af3b6925d,test,test,expert,MW,Other,988,Antiretroviral therapy,"Types of antiretroviral drugs available:
1. Nucleoside reverse transcriptase inhibitors (NRTIs): Examples include zidovudine, azidothymidine (AZT), didanosine (ddI), stavudine (d4T) lamivudine (3TC), zalcitabine, abacavir
2. Non nucleoside reverse transcriptase inhibitors: Examples include Nevirapine, Efavirenz, Delavirdine
3. Protease inhibitors: Examples include ritonivar, nelfinavir, amprenavir and lopinavir/ritanovir combination.
4. Fusion inhibitors: Example enfuvirtide"
85ffb07604e52004682773966b618493a6b4d37f3e4e297e8dfae3daecdf775b,test,test,expert,MW,Pediatrics,989,Write short notes on Innate immunity,"Innate immunity is the immunity an individual has from birth (vs. acquired immunity which only develops after contact with a noxious substance).
It includes the barrier of:
· the skin (resistance to invasion of organisms)
· stomach acid which destroys ingested material
· phagocytosis by white cells and macrophages
· substances in blood which also destroy foreign material i.e. lysozyme, the complement system, natural killer lymphocytes"
50e5baa412dfb9efb2936a641c62fc2c375ad50dfbcaa2d95634165de596c5a4,test,test,expert,MW,Pediatrics,990,Which bacterial causes of otitis media is preventable by routine childhood vaccination?,"i. Streptococcus pneumoniae
ii. Haemophilus influenzae"
4cdd72ff85c182d06003410ffd007851311d5f1fb06aa790dd8a978347494d44,test,test,expert,MW,Pediatrics,991,List THREE common bacterial causes of acute otitis media,"i. Streptococcus pneumoniae
ii. Haemophilus influenzae
iii. Moraxella catarrhalis"
6ecb67263e3a6aedc353898cc89ef1c781a802bb05d8332b2333a3408965e1b7,test,test,expert,MW,Pediatrics,992,Define triage in the care of children,"The process of rapidly screening sick children on arrival to hospital, with the aim of reducing death in the first 24 hours of admission. This is handled by the triage nurse. Where we categorized as Emergency, Priority and Queue.
What the categories represent
a. Emergency which require lifesaving treatment.
i. Absent or obstructed breathing
ii. Severe respiratory distress
iii. Central cyanosis
iv. Signs of shock
v. Coma
vi. Convulsions
vii. Signs of severe dehydration in a child with diarrhea
b. Priority means the patients have to be given priority in the queue
i. Tiny baby – any sick baby under 2 months old
ii. Temperature – the child is very hot
iii. Trauma and other surgical intervention
iv. Severe Pallor
v. Poisoning
vi. Pain – severe
vii. Respiratory distress
viii. Restless, continuously irritable, or lethargic
ix. Referral – urgent
x. Malnutrition, visible severe wasting
xi. Oedema of both feet
xii. Burns
Queue – these are patients who neither have emergency of priority signs"
e36090cf93d11250966f63b732be4972c6517a0ef147c86f51ee28f625d8e36e,test,test,expert,MW,Other,993,Compare the mechanisms of action and side effects of aminoglycosides and beta-lactam antibiotics. Discuss how these antibiotics should be administered so as to achieve maximal anti-bacterial activity and list side-effects,"Aminoglycoside antibiotics
Aminoglycosides kill bacteria by interfering with ribosomal function and thus disrupting the production of proteins in the cell. The killing power of the aminiglycoside is directly related to the peak level of antibiotic that is achieved. The higher the peak achieved, the more effectively the antibiotic kills sensitive bacteria. This has major implications in patients with a a high volume of distribution (premature infants, critically ill patients, oedematous patients) where is it difficult to achieve a high peak level without the drug then being present in the system for a long time with subsequent nephro and ototoxicity.
Aminoglycosides do not penetrate well into areas such as the Central nervous system. They do not work well within the acid environment of abscess cavities. They are concentrated in the kidneys and excreted through this route. Consequently they easily achieve very high levels in the urine and this makes them ideal for the therapy of renal tract infections.
Aminoglycosides demonstrate the “post-antibiotic effect” whereby the killing or inhibition of growth of bacteria persists even after the antibiotic has been removed from the system. Thus even if the antibiotic levels drop to virtually non-existent levels, bacterial regrowth will not start to take place for a reasonable period of time.
Aminoglycosides have a relatively short half life in the context of normal renal function. However they may remain in the circulation for long periods of time in patients with renal failure.
The toxicity of the aminoglycosides relates to their uptake into the renal and hearing systems. With increasing level of antibiotic the rate of uptake increases until a threshold level. Thereafter there is no increase in the rate of antibiotic uptake. Thus thus the toxicity of the aminoglycosides to the inner ear and the kidney depends on the duration of time that the antibiotic is in the circulation and particularly when levels are at or above the threshold level.
The optimal use of aminoglycosides requires the achievement of very high peak serum levels together with rapid clearance of the antibiotic and relatively long periods when virtually no antibiotic is present in the circulation. This would achieve optimal bacterial killing with minimal toxicity. This means that optimal dosing for maximal antibacterial activity may be infrequent, with once daily administration of the agents shown in almost all cases to be equivalent to or superior to twice daily administration for bacterial killing.
The antibiotic needs to be given quickly (most commonly 30 minutes to 1 hour is the recommended rate of administration). Given more rapidly the aminoglycosides may interfere with neuromuscular transmission with consequent weakness. Levels should be taken within 30 minutes of the end of the infusion to check that optimal peak levels have been obtained.
Trough levels should be taken just before administration of the next dose. The higher the trough level, the higher the chances of toxicity. If trough levels are high it may be more appopriate to use other agents, rather than to reduce the dose or increase the dose interval.
Clearly it is not optimal to use these agents in patients with renal failure as:
Poor peak levels are likely in the face of high body water (with poor bacterial killing)
Poor renal clearance will mean that the drug remains in the circulation for long periods with maximum chances of toxicity.
Prolonged use of the aminoglycosides is likely to be associated with increased toxicity
Use of the aminoglycosides together with other nephrotoxic agents may potentiate any problems of toxicity.
Beta-lactam antibiotics
Beta-lactam antibiotics have their effect on the cell wall of bacteria. The agents interfere with synthesis of the cell wall causing bacterial lysis. The effects are dose dependent until they are at a threshold level. Once above the level at which killing of bacteria takes place increases in the level do not increase the killing of bacteria. If the antibiotic is removed from the system bacterial killing ceases and regrowth may occur.
Beta lactams are generally excreted via the renal system with ceftriaxzone an exception that is excreted into the biliary system. Drug half-life is short although longer in neonates, and prolonged in renal failure. Many of these agents are metabolised in the liver.
Thus from a bacterial killing point of view the agents should be kept above the bactericidal level at all times. This is best achieved by regular small doses (i.e giving the agents 4-6 hourly), with the possible adjunct of agents such as probenecid that may decrease the renal elimination of the antibiotic.
Toxicity of the beta-lactams is either related to hypersensitivity reactions (anaphylaxis, Stevens Johnson syndrome, dermatitis) or to high serum levels (CNS irritation with convulsions and depressed level of consciousness). There is thus no benefit in trying to achieve very high serum levels, as these increase the risks of toxicity and carry no increased bacterial killing. Higher serum levels may be required to ensure that the drug crosses the blood brain barrier or gets into inflamed tissue at the required levels for bacterial killing.
Agents such as ceftriaxzone are highly protein bound with the result that the free drug is very slowly released into the system. It is thus possible to achieve excellent bacterial killing despite infrequent dosage of the antibiotic.
Combination therapy
As the two agents work via different pathways they may be used synergistically in patients with severe infection or compromised immunity. This may also help to reduce the incidence of resistant organisms."
d6ed146fc3ae43e1c0ff754c5b0b39e5fa632fd7dcd1b991f84785eb190838df,test,test,expert,MW,Pediatrics,994,"A 6-year-old is admitted to the hospital with a diagnosis of DKA. On physical examination he is found to have fast and deep breathing and is severely dehydrated. if the child starts seizing during the treatment, what could be the possible cause?",Cerebral oedema
f25aabb52f9a0ce26244c829b5fc9e7ffc7a55547d46045aece2e8a15f4b043f,test,test,expert,MW,Pediatrics,995,"A 6-year-old is admitted to the hospital with a diagnosis of DKA. On physical examination he is found to have fast and deep breathing and is severely dehydrated. In addition to insulin and possible treatment for infections, what other treatment would you consider?","i) Careful replacements of fluid deficits
ii) Correction of electrolyte imbalances
iii) Monitoring for complications of treatment"
4fbc7a3ac5add183a0953191d9bdd36eef30768b478b9f1964bf7e72889c0b67,test,test,expert,MW,Pediatrics,996,A 6-year-old is admitted to the hospital with a diagnosis of DKA. On physical examination he is found to have fast and deep breathing and is severely dehydrated. Explain why this child has deep breathing?,i) Metabolic acidosis
beb7fd07bfcc57f8779fb6d45989a20c0d1cefc27a852d3f31d63c070f688f58,test,test,expert,MW,Pediatrics,997,A 6-year-old is admitted to the hospital with a diagnosis of DKA. On physical examination he is found to have fast and deep breathing and is severely dehydrated. From the history how would differentiate the dehydration in DKA and dehydration in severe gastro-enteritis?,"i) Thirst
ii) Polyuria
iii) Polydipsia
iv) Polyphagia"
14551da2fe55710d7f647aacc20bd7add15b5ecda3ab39e430306e5d3032973f,test,test,expert,MW,Pediatrics,998,Write short notes on the anti-infective properties of breast milk.,"Immunoglobulins : mainly IgA.
Proteins : Lactoferrin (bind iron, bactericidal, antiviral, and anti- inflammatory), Lysozyme (lyses bacteria), Casein (growth – promoting factor for Bifidobacterium bifidium), Fibronectin, Protectin, Compliment
Glycoconjugates and oligosaccharides (ligands for microorganisms and viruses)
Lipids : Free Fatty Acids and monoglycerides (lytic action on pathogens)
Immunomodulating Agents ( cytokines)
Anti- inflammatory components : Antioxidants (Vitamins A, C, and E), Enzymes ( catalase, glutathione peroxidase), Prostaglandins, Enzyme inhibitors, Protease inhibitors, Growth factors
Cells
Nucleotides (promote growth of Lactobacillus bifidus)
Enzymes (lysozyme, peroxidase, catalase)"
cf4192ff8617023109ad7d06a326669cc3419fca9c02bb6c1278f291b75836c8,test,test,expert,MW,Other,999,What are Type I and Type II errors?,"Type I: (aka alpha) Chance of wrongly rejecting the null hypothsis. [difference is found when it doesn’t exist] Reported as the p value.
Type II: (aka beta) Chance of wrongly accepting the null hypothesis. [difference is not found when 1 actually exists] Reported as the Power."
107cd60af403e6dda8103087183c29ed2896c4ee071d56cb39a43a8a7f11a648,test,test,expert,MW,Pediatrics,1000,What are the long-term side effects of oral corticosteroid use in children.,"Glucocorticoids are important in the treatment of many inflammatory, allergic, immunologic and malignant disorders. The toxicity of glucocorticoids is one of the most common causes iatrogenic illness.
The adverse events of glucocorticoids are more common in patients receiving high doses over a long period of time.
Glucocorticoids have adverse effects on many organ systems for example:
Skin and soft tissue, skin thinning and purpura, non-melanoma skin cancers , Cushingoid appearance and weight gain
The eye, the risks of both cataracts and glaucoma is increased in patients with glucocorticoids
Cardiovascular disease, is associated with an increased risk of ischaemic heart disease, heart failure and atherosclerosis
Gastrointestinal tract, increase the risk of gastric bleeding.
Kidney and systemic hypertension
Genitourinary and reproductive system, can cause long-term menstrual irregularities in woman and can lower fertility in both men and women
Musculoskeletal, osteoporosis one of this most serious side-effects, Vetebral fractures, Osteonecrosis, Muscle weakness
Growth, growth impairment is commonly seen in children receiving glucocorticoids, effect is most pronounced in daily therapy may be less with an alternate day regime.
Central nervous system, glucocorticoids induce a range of psychiatric and cognitive symptoms such as mood disorders psychosis memory impairment
All children receiving high-dose long-term glucocorticoids should be actively monitored for long-term side-effects."
829ca948486271ea079364d19ce0ec8b25628b97aa51fea63146f7a80d5fdb4d,test,test,expert,MW,Other,1001,What are the different t-tests?,"1. Student t-test: only when comparing 2 sets of data
2. Paired t-test: measuring 2 sets of data from the same subjects under 2 different conditions
3. Unpaired t-test: measuring 2 sets of data from 2 unrelated subjects"
fb00a305e638d9465a5e5c4be1229378666a1277f4d905e27e09f537df978bf7,test,test,expert,MW,Pediatrics,1002,"Andrew, a 3-year-old boy was brought to a clinic because he had been sick with diarrhea for the last 3 days. He is well nourished, and low-grade fever, if this boy was having severe dehydration which signs would he have?","a) Lethargy/ unconsciousness
b) Sunken eyes
c) Unable to drink/ drink poorly
d) Skin pinch goes back very slowly (>2 seconds)"
d3f09f260cc9455b0fe36be90e9204496fd95917668031551541e7137664d774,test,test,expert,MW,Internal_Medicine,1003,List clinical features of refeeding syndrome,"i. Rhabdomyolysis
ii. Neutrophil dysfunction
iii. Cardio-respiratory failure
iv. Arrhythmias
v. Seizures
vi. Altered level of consciousness, or sudden death."
a278f4ce55c44c6234dfbc0654ff20c69d510cd07acf3c94c3ecceb552729fcf,test,test,expert,MW,Internal_Medicine,1004,List 4 metabolic derangements of refeeding syndrome,"i. Hypokalemia
ii. Hypophosphatemia
iii. Hypomagnesemia
iv. Hypernatremia"
769cba625519aec26263be2d26b06e217e8df211e241a09e61740769929a0b6c,test,test,expert,MW,Internal_Medicine,1005,What is the rationale for the treatment modalities in hyperkalemia?,"Sodium bicarbonate – moves potassium into cell
Salbutamol – moves potassium into cell
Calcium gluconate – stabilizes myocardium
Insulin / glucose – moves potassium into cell
Kayexalate – ion exchange resin – binds potassium for excretion
Dialysis – removes potassium"
7bbd2e28a44f8eab55f69f3b56c6d0b6643ec453eb49ac0ce7f8959eadba3356,test,test,expert,MW,Hematology,1006,How does hydroxyurea decrease the frequency of sickle cell crises?,"i) Stimulates the production of fetal haemoglobin that have high affinity for oxygen thereby preventing hypoxia that triggers RBCs sickling
ii) it increases surface area of red blood cell by making them bigger, rounder and flexible there by reducing sickling of the RBCs
iii) It helps in hydrating RBCs thereby reducing dehydration that triggers sickling of RBCS
iv) It increases production of Nitric Oxide (NO2) to stimulate vasodilation that prevents RBCs sickling"
88a93f16ad2449d25493fe15f291048a977eca6fd846749500b5e6b55883db52,test,test,expert,MW,Hematology,1007,What would be your advice to the mother to prevent sickle cell crisis?,"i) Tell the mother to give enough water and breast feed the child adequately to prevent dehydration which triggers sickling of RBCs
ii) Tell her to control hypothermia by insulating the baby adequately since hypothermia also triggers sickling of RBCs
iii) The mother should not let the child to do very intense exercises which leads to hypoxia that triggers sickling of RBCs"
b68c91e5e91723beafa0a3175d5d3c492b6be95a396f37740e78026d9284d39e,test,test,expert,MW,Hematology,1008,List 5 indications of blood transfusion in sickle cell disease,"i) Symptomatic anaemia: Aplastic crisis, Acute Splenic sequestration
ii) Acute hepatic sequestration/ intrahepatic cholestasis
iii) Acute Chest Syndrome (ACS)
iv) Acute multiorgan failure
v) Preoperative (Surgeries lasting >1hr and require general anesthesia)
vi) Pregnancy"
2c12c8685b5b13b7f9a2f46a9bb1d56da93ad7e3a7f871694c2818944f4205dd,test,test,expert,MW,Neurology,1009,Characteristics of Lower motor neuron (LMN) lesions,"1. Decreased muscle tone
2. Absent tendon reflexes
3. Muscle wasting
4. Fasciculations in affected muscle"
b460681bf94ea5114f10539a542ffee6108dc828c1c67d775db1bd1edc4bf22e,test,test,expert,MW,Neurology,1010,State the characteristics of upper motor neuron (UMN) lesions,"a. Increase in muscle tone
b. Increase tendon reflex
c. Little or no atrophy
d. Extensor plantar response
e. Clonus
f. Spasticity"
0fe015bad57747c03bb7bd9eba4f8a5007795852cefa1cc53302adbc503baf2c,test,test,expert,MW,Other,1011,What is the normal survival time of RBC?,"Normally, 120 days"
60ea40181cd3e7106495e370d462e0102bffc4c8914e6659c2deb1b99b63fcba,test,test,expert,MW,Internal_Medicine,1012,Name two mediations you would use in management of nephrotic syndrome,"a. enalapril
b. furosemide"
5ba475667972dea04821ff4e68f304c339b8fee98d7f7c91c4cd4a3a8de60bf4,test,test,expert,MW,Internal_Medicine,1013,Name 4 complications of nephrotic syndrome,"a. Infections with encapsulated bacteria
b. thromboembolism
c. Hypovolemia
d. hypercholesteremia"
84d8672cf57028751a9326ef292cc2f93c6cc83ee07a6e767eefc28e07c74fa6,test,test,expert,MW,Internal_Medicine,1014,3 treatment option for hyperthyroidism,"a. Medical- propranolol, carbimazole
b. Surgical- thyroidectomy
c. radioiodine"
1d204d09a4d56efe2029787aa6b411df6b1fa434222d30bac0d557a7454f69fe,test,test,expert,MW,Internal_Medicine,1015,List investigations that will to help with coming up with a diagnosis of hyperthyroidism,"TSH = tsh low
T4 = HIGH
T3 = high"
f881dbda822ec4625661359a23a491f1c6886eb2e06f0a9f913ed2eb8fefa148,test,test,expert,MW,Internal_Medicine,1016,4 causes of hyperthyroidism,"a. Graves disease
b. Toxic multinodular goiter
c. Toxic adenoma
d. Ectopic thyroid tissue"
d98e44c7ad6a49ecea31c51244c33978181abffb05c4a5cd61600fafa79186d2,test,test,expert,MW,Internal_Medicine,1017,What are the two signs and symptoms of hyperthyroidism?,"a. Tachycardia
b. Weight loss"
76d2f79fe6d1b161ca6b17387f9186c2d915e6419ea26bdd25efad3b010a93f9,test,test,expert,MW,Internal_Medicine,1018,What are the complications of empyema,"a. Lung collapse
b. Sepsis"
aed871ca824cbc6bb94312ad107ba9bea0c866c561b7ecac879630cdb7977e27,test,test,expert,MW,Internal_Medicine,1019,List the parameters you need to calculate eGFR,"• Age
• Weight
• Creatinine
• eGFR= [I4O-age]weight in kgs/72[creatine in mg/dl]
• If female multiply ansa by O.85"
4ec994b431b78e98901fc5e1b3fee116552bf76594367c4e72442dbc25c9be95,test,test,expert,MW,Internal_Medicine,1020,List the complications of CKD,"• Uremic encephalopathy
• Uremic pericarditis
• Anaemia
• Bone disease
• Pruritus
• Erectile dysfunction
• Infertility
• Oligomenorrhea
• Increased incidence of malignancy
• Increased incidence of MI"
794357292781599d919d960b3674f7864b7d361151b5d9918a048f30c352731d,test,test,expert,MW,Internal_Medicine,1021,Namen 2 macrovascular complications of diabetes:,"diabetic foot
CVA, angina"
a3cbfcff69a2408ce4b16f411ea84dd2f21106f3faf8bba94c2bd3d9489392bc,test,test,expert,MW,Internal_Medicine,1022,Name some micro vascular complications of diabetes:,"retinopathy
nephropathy
neuropathy"
7a27a8c2b953d6104e4b98df13a7efdeeab4e3d0c76be9ddf28a7cdb7d7e93a8,test,test,expert,MW,Internal_Medicine,1023,What drugs are contraindicated in renal artery stenosis:,ACE inhibitors
fc61f4d625b16c4dc3aa668c25c32f92f7659b34ff62d93c88ff6768c32e6708,test,test,expert,MW,Internal_Medicine,1024,How do you make a diagnosis of Rheumatoid arthithritis:,Anti-CCP
84755257deebc44a37842bc2fbae8b37e8b91d9ab096b9a380c0849145650068,test,test,expert,MW,Internal_Medicine,1025,What is the prophylaxis for migraines?:,Propanolol
4a73f3d60de53615be1a04e56285beb642085b2b02b62f9a91877fa76332e592,test,test,expert,MW,Internal_Medicine,1026,What is the treatment for migraine:,NSAIDS sumatriptan and other triptan
b19b053f6bde9dff50ae1aac29941545d3dc713a9b53f89a921f0ab942a3b00c,test,test,expert,MW,Internal_Medicine,1027,What are the complications of schistosomiasis?,"-Strictures
-bladder cancer"
7e1b2d6d04716087afcd62dfad7b1be45ecbf6a05f78ee7c590369014c0b8760,test,test,expert,MW,Internal_Medicine,1028,What is the treatment for schistosomiasis?,praziquantel 40mg/kg
1a8b05c38e7a8f4021cb727aefb4abd4821270a38ec8725df64fbb7de976c555,test,test,expert,MW,Internal_Medicine,1029,Name causes of terminal hematuria:,Schistosoma hematobium
cc1768befba12420d9ec791fb07400140a8b313d4dd801d43017fba30214d89a,test,test,expert,MW,Internal_Medicine,1030,2 organisms that can cause anaemia,"a. hookworms necator americanum / anklyostoma duodenale
b. Schistosomiasis"
f530f082089a0dbff943cdd3aee0b7fe53fe39439a35bb070baef56c05bb71a8,test,test,expert,MW,Internal_Medicine,1031,what are the causes of macrocytic anaemia,"a. IDA
b. thalassemia,
c. chronic diseases"
9cdbcc8ac1ff798d660a6329b6b8f1c526b840fd283e738d06356f35c77f36bb,test,test,expert,MW,Internal_Medicine,1032,3 organisms that can cause dysentery,"a. Shigella dysentery
b. Campylobacter enterocolitis
c. Entamoeba histolytica"
fcca6093b3035ad05c0ff50e61ae6b65c1906dd241178cb4aab4aec842a52727,test,test,expert,MW,Internal_Medicine,1033,non infectious causes of diarrhoea are,"a. Ulcerative colitis
b. Crohns disease
c. Colorectal cancer
d. Colon polyps"
0f03d7369d3b385123d929037bd746007798a4e2a7dfd66730e0b9d18f8302e3,test,test,expert,MW,Internal_Medicine,1034,2 malignancies apart from liver cancer which can be associated with alcohol,"a. Pancreatic cancer
b. Gastric carcinoma"
197c163417b008e6b75ab8e67a10852ecb1f50ab0a7ab8aefe6844c8ca5379af,test,test,expert,MW,Internal_Medicine,1035,malignancies associated with smoking apart from lung cancer,"1. esophageal cancer
2. Hepatocellular carcinoma"
aa1aaab0f92a63ba59c1de19c47dac702641a1f0d2740614d5092034f446d47e,test,test,expert,MW,Internal_Medicine,1036,tumour markers for Gastric cancer:,"CEA, CA 19-9, CA 72-4"
60ade827ac05bc6f67042eed6fb1f49ffb6dd0450f4815d248ad6c65a9158819,test,test,expert,MW,Internal_Medicine,1037,tumour markers for seminoma:,LDH and HCG
d4f8e32f32801e104076095b8dda021c735ffd090a0179decc594205293e922d,test,test,expert,MW,Internal_Medicine,1038,tumour markers for colon cancer:,Carcinoma embryonic antigen (CEA)
5380a57cef9fc1da1c64a5a519550f2cb51e0796b98c4d0e45f6aa3b1ee091cf,test,test,expert,MW,Internal_Medicine,1039,tumour markers for pancreatic cancer:,CA 19-9 (carbohydrate associated antigen aka sialylated lewis antigen)
658b5ff306aaa0f107574d8c2efde7f0804d64551341015d863092fa7bd2160a,test,test,expert,MW,Internal_Medicine,1040,tumour markers for hepatocellular carcinoma:,Alpha-fetoprotein
06a80121bc615a8c27583a1e6b891e771fb97eab2244b523285042cfb08a32f4,test,test,expert,MW,Internal_Medicine,1041,tumour markers for prostate cancer:,Prostate specific antigen
815c52073331ee3f4ebeea48b07d83996ecc83f4a4c22a01d27b3a1e8c8595ba,test,test,expert,MW,Internal_Medicine,1042,tumour markers for testicular cancer are:,"a. Alpha-fetoprotein
b. Beta human chorionic gonadotropin
c. Lactate dehydrogenase"
a16d719ada5fb90f3ea8ce803128d1560db9e7d52ce454f6f37f4b0312f1c019,test,test,expert,MW,Internal_Medicine,1043,Features of hyperkalemia include,"-Flattened p waves
-Broad QRS complexes
-Peaked t waves"
326325f0d7be453acf7b99c85f98b59f1ae12f61b0503abf9647e54d26642997,test,test,expert,MW,Internal_Medicine,1044,describe the drug management of TB meningitis in malawi,"a. Rifampicin
b. Isoniazid
c. Pyrizinamide
d. Streptomycin for 2 months, then RH for 7 months
e. Prednisolone 40mg od to prevent neurological sequale and cranial nerve palsies"
f04db2b55798378e4ebf50e1034db9d6db29cd6057323ea398a450627575ba22,test,test,expert,MW,Internal_Medicine,1045,Name 3 neurological complications of TBM,"a. Cranial nerve palsies
b. Hearing loss
c. Stroke
d. Epileptic seizures"
09960ae5c91a8df426a20d8ce25d113253a3c6088400e51085bb9963f8c64672,test,test,expert,MW,Internal_Medicine,1046,Outline the findings you would expect in the CSF in tuberculous meningitis,"a. Leucocytosis predominantly lymphocytes
b. Low glucose
c. High proteins"
d8ed7d0d9f0d5140b439564b4feda87be6cb7ae097c01fcffeea4451d9a0734f,test,test,expert,MW,Internal_Medicine,1047,Give 2 reasons why a person may have a false positive VDRL,"a. HIV POSITIVE
b. HBV AND HCV POSITIVE
c. MALARIA
d. LIME DISEASE
e. LUPUS"
8636259a04ad3ba78258ea61644c50b066e99d218edffae85622466ea495ca55,test,test,expert,MW,Internal_Medicine,1048,What treatment would you give a patient with tertiary syphilis,Ceftriaxone 2g od for 14 days
7eb4c6dea35578cb88a25f3e2b79d65cf246b3867e0e86d8e3297b3cb2955a47,test,test,expert,MW,Internal_Medicine,1043,Mention two ECG features of hyperkalemia,"a. Peaked T waves
b. Broad QRS complexes
c. Small p waves"
1958af85f6bcbc2b8420596333d97fe0277ff76f623e6678d6c516df91d5cda9,test,test,expert,MW,Internal_Medicine,1049,How would you manage a patient with atrial fibrillation,"a. Anticoagulate
b. Rate control
c. Rhythm control"
c99fffe8b03baaaf50a91bb88f54a2cef49a048b1c994d88314e1c8123a4d163,test,test,expert,MW,Internal_Medicine,1050,Mention six causes of atrial fibrillation,"a. Hypertension
b. Chest infections
c. Alcohol
d. Hyperthyroidism
e. Myocardial infarction
f. Electrolyte imbalance LOW potassium (K) AND magnesium (Mg)
g. Drugs e.g. cocaine"
4d3b79bc478382634c6668a3380c10024f71c76d2b1f8434846b2dee9754a078,test,test,expert,MW,Internal_Medicine,1051,Mention two specific features of atrial fibrillation on examination,"a. Irregularly irregular pulse
b. Pulse deficit (apical pulse is greater than the radial pulse)"
8c3e318bf3466c8733e7fce85eaabb887f17a557c609d42339344b6495da1767,test,test,expert,MW,Internal_Medicine,1052,Mention causes of pericardial effusion that you know,"a. -Trauma
b. -Chronic illnesses e.g. TB, HIV, renal disease
c. -Malignancy"
9c4d3cd36514c74fa68dae6ccdaf69273e24f7bf470f3b000a216b56944d06ca,test,test,expert,MW,Internal_Medicine,1053,What are the drug groups that improve mortality- beta-blockers and angiotensin inhibitors Mention six physical examination findings one would note in a patient that presents with cardiac tamponade,"a. Muffled heart sounds
b. Raised JVP
c. Hypotension
d. Tachycardia
e. Kussmaul’s sign (rise in JVP on inspiration)
f. Pulsus paradoxus (systolic BP drop more than 10mmHg on inspiration)"
12ac975b97c826eb69ff501707a27dcc9148c70dcfa6e8505cd9f0610412653e,test,test,expert,MW,Internal_Medicine,1054,4 signs of heart failure on a Chest x-ray,"1. kerley b lines
2. enlarged cardiac shadow
3. prominent horizontal fissure
4. dilated upper lobe vessels"
b3b2672f4fe2b5288352f0f6418ca985d8cdb4f172eccf2394d78ef978adae38,test,test,expert,MW,Internal_Medicine,1055,"76-Year-old man with shortness of breath and at rest for 3 weeks. Smoker with 24 Pack Years heavy alcohol. On exam tachypneic Respiratory Rate 34, Pulse rate 102 BP 112/89. a) 4 Possible causes of the condition -","1. pulmonary TB
2. Lung cancer
3. bronchitis
4. heart failure"
945632c69b2f4ca9334a9f5bd6e89285305abdec1b64a92acbdeb221d6de0155,test,test,expert,MW,Internal_Medicine,1056,He has a hepatomegaly 3cm below the costal margin a diagnosis of drug induced hepatitis is thought to be the cause What are the 4 possible differentials ?,"1. hepatitis B
2. portal hypertension
3. liver cirrhosis
4. schistosomiasis"
38ebc7e7a83707111d8b0489459b85df1cb58e1627c16602bb147ecef375334c,test,test,expert,MW,Internal_Medicine,1057,"25-year-old HIV positive woman is diagnosed with disseminated TB, when will you start and why?",Immediately because studies showed that there was not enough clinical evidence to support delaying of TB treatment in patients already of ART
abc5259dcc3acc4ed84940aa42a10e7e427812c74f56b9c1cb0a92ebcde23dcf,test,test,expert,MW,Internal_Medicine,1058,"27yr woman presents with a three-month history of palpitations, headaches, tiredness and dizziness Full Blood Count shows Hb 6g, WCC 5.5 X 10 ^ 8 Platelets 156 X 10 ^ 8 /L MCV 68 MCHC Low. 1) What’s the Diagnosis? 2) Features on PBF to support the diagnosis? 3) What is the underlying cause? 4) Further Investigations apart from PBF? 5) How Would You empirically treat this patient?","1) Iron deficiency anemia
2) Microcytic RBCs, hypochromic RBCs, absent target cells
3) Iron deficiency
4) Ferritin levels
5) Transfuse RBCs and give ferrous sulphate tablets"
bfbfa76d2696f642857f5bcdda9a035a376bafaaa0200a02cc4f6ce44010554a,test,test,expert,NG,Pediatrics,1059,List the major complications seen in bronchopneumonia commonly seen in Africa,"Major complications of bronchopneumonia in Africa include:
1. _Respiratory failure_: Need for mechanical ventilation.
2. _Septicemia_: Bloodstream infection, leading to sepsis or septic shock.
3. _Meningitis_: Infection spreading to the central nervous system.
4. _Pleural effusion_: Fluid accumulation in the pleural space.
5. _Empyema_: Pus collection in the pleural space.
6. _Pneumothorax_: Air leakage into the pleural space.
7. _Bronchiectasis_: Permanent bronchial damage, leading to chronic disease.
8. _Chronic lung disease_: Long-term lung damage, affecting lung function.
9. _Malnutrition_: Prolonged illness leading to malnutrition and weight loss.
10. _Death_: High mortality rates, especially in children under five and adults with underlying conditions.
11. _Acute respiratory distress syndrome (ARDS)_.
12. _Cardiac complications_: Myocarditis, pericarditis, or arrhythmias.
13. _Neurological complications_: Seizures, encephalopathy, or stroke.
14. _Hemolytic anemia_: Red blood cell destruction, often seen in G6PD deficiency.
15. _Co-infections_: Concurrent infections like malaria, HIV, or tuberculosis."
ffd82ff899177a551e980e053a5edae5138ba2b066d42f52cd5237ca29e3d4d5,test,test,expert,NG,Pediatrics,1060,How is bronchopneumonia managed in Nigeria tertiary hospitals,"Management of bronchopneumonia in Nigerian tertiary hospitals typically involves:
1. _Oxygen therapy_: Supplemental oxygen to maintain adequate oxygen saturation.
2. _Antibiotics_: Broad-spectrum antibiotics, such as ceftriaxone, cefotaxime, or ampicillin, to cover common bacterial pathogens.
3. _Fluid management_: Intravenous fluids to prevent dehydration and maintain electrolyte balance.
4. _Chest physiotherapy_: Techniques like percussion, vibration, and suctioning to help loosen and clear mucus.
5. _Pain management_: Analgesics like acetaminophen or ibuprofen to control chest pain and discomfort.
6. _Monitoring_: Close observation of vital signs, oxygen saturation, and chest X-ray findings.
7. _Supportive care_: Nutritional support, rest, and isolation to prevent transmission.
8. _Mechanical ventilation_: In severe cases, mechanical ventilation may be necessary to support breathing.
9. _Bronchodilators_: Medications like salbutamol or ipratropium bromide to help open airways.
10. _Corticosteroids_: In some cases, corticosteroids like prednisolone may be used to reduce inflammation."
9c09011876abcb3988b8531005d7a5f56bfb726b2dfdaa82edaa2d3edf559099,test,test,expert,NG,Pediatrics,1061,What are the signs and symptoms of bronchopneumonia seen in children,"Bronchopneumonia in children can present with the following signs and symptoms:
*Common symptoms:*
1. _Cough_: Usually dry and persistent, may be accompanied by mucus production
2. _Fever_: High temperature, usually above 102°F (39°C)
3. _Rapid breathing_: Increased respiratory rate
4. _Chest retractions_: Inward movement of the chest wall during breathing
5. _Wheezing_: High-pitched sound while breathing out
6. _Chest pain_: May be present, especially in older children
7. _Fatigue_: Child may appear tired or lethargic
8. _Loss of appetite_: Decreased interest in feeding or eating
9. _Vomiting_: May occur, especially in infants
10. _Diarrhea_: May be present in some cases
*Physical examination findings:*
1. _Crackles_: Abnormal sounds heard through a stethoscope during breathing
2. _Wheezes_: High-pitched sounds heard through a stethoscope during breathing
3. _Rhonchi_: Coarse sounds heard through a stethoscope during breathing
4. _Tachycardia_: Rapid heart rate
5. _Tachypnea_: Rapid breathing rate
6. _Nasal flaring_: Nostrils flare during breathing
7. _Grunting_: Child makes a grunting sound while breathing out
*Severe symptoms (seek immediate medical attention):*
1. _Difficulty breathing_
2. _Cyanosis_ (blue discoloration of lips and fingers)
3. _Severe chest pain_
4. _Confusion or altered mental status_
5. _Severe vomiting or diarrhea_
6. _Refusal to feed or showing signs of dehydration_"
dc471707561f061984007d7adf3734088d866ae4f5f553999c2de3cb364f4383,test,test,expert,NG,Pediatrics,1062,Differentiate between lobar and bronchopneumonia,"Lobar pneumonia and bronchopneumonia are two types of pneumonia with distinct characteristics:
*Lobar Pneumonia:*
1. *Affects one or more lobes*: Inflammation is limited to one or more lobes of the lung.
2. *Consolidation*: The affected lobe becomes solid and firm due to inflammation.
3. *Homogeneous involvement*: The entire lobe is affected uniformly.
4. *Typical pathogens*: Usually caused by Streptococcus pneumoniae, Klebsiella pneumoniae, or Haemophilus influenzae.
5. *Symptoms*: Sudden onset, high fever, chills, cough, and chest pain.
6. *Chest X-ray*: Shows homogeneous consolidation of the affected lobe.
*Bronchopneumonia:*
1. *Affects patchy areas*: Inflammation occurs in patchy areas throughout both lungs.
2. *No consolidation*: The lung tissue remains spongy, with patchy areas of inflammation.
3. *Heterogeneous involvement*: Multiple areas of the lung are affected, but not uniformly.
4. *Typical pathogens*: Often caused by Staphylococcus aureus, Pseudomonas aeruginosa, or influenza virus.
5. *Symptoms*: Gradual onset, fever, cough, and chest pain, often with a more prolonged course.
6. *Chest X-ray*: Shows patchy, diffuse infiltrates throughout both lungs.
Key differences:
- Location and extent of inflammation
- Type of consolidation
- Pathogens involved
- Symptoms and onset
- Chest X-ray appearance"
2e4cbbb006e6416f9699e9161fa60ac9f2093aa4eb3db34a4a310d26296752ac,test,test,expert,NG,Pediatrics,1063,What are the common types of pneumonia seem in children living in Africa,"In African children, the most common types of pneumonia are:
1. *Streptococcus pneumoniae* (pneumococcal pneumonia): Most common cause of community-acquired pneumonia in African children.
2. *Haemophilus influenzae type b (Hib)*: Second most common cause of pneumonia in African children.
3. *Respiratory syncytial virus (RSV)*: Leading cause of viral pneumonia in African children under one year.
4. *Influenza virus*: Common cause of seasonal pneumonia in African children.
5. *Adenovirus*: Causes pneumonia in African children, especially in those with compromised immune systems.
6. *Klebsiella pneumoniae*: Common cause of hospital-acquired pneumonia in African children.
7. *Staphylococcus aureus*: Causes pneumonia in African children, especially those with underlying medical conditions.
8. *Pneumocystis jirovecii*: Opportunistic infection causing pneumonia in HIV-infected African children.
9. *Mycoplasma pneumoniae*: Causes mild to severe pneumonia in African children, especially school-age children.
10. *Chlamydophila pneumoniae*: Causes mild pneumonia in African children, especially school-age children."
ec0443dd7dbaae2546b6a003d072beb1f69efeb3a897dbf65c7b73353f6f01e7,test,test,expert,NG,Pediatrics,1064,What is the prevalence of pneumonia in Nigeria,"*Prevalence of Pneumonia in Nigeria*
- *Highest number of air pollution-related pneumonia deaths*: Nigeria has the highest number of air pollution-related pneumonia deaths among children under the age of five in the world ¹.
- *Causes of pneumonia deaths*: In Nigeria, 78% of air pollution-related pneumonia deaths are among children under-five, with most of these deaths caused by household air pollution ¹.
- *Number of deaths*: In 2019, there were 67,416 deaths of Nigerian children under-five due to overall air pollution-related pneumonia, and 49,591 deaths due to household-specific air pollution-related pneumonia ¹.
- *Leading killer of children*: Pneumonia is the leading killer of children in Nigeria, causing 17% of under-five deaths ¹."
966382adb77ab4044c2a902b7e14b182523167e7f71d2ab2bc09d6d6b7a5fa06,test,test,expert,NG,Pediatrics,1065,What are the signs and symptoms of acute severe asthma and how is it managed in LAGOS STATE UNIVERSITY teaching hospital Nigeria,"Symptoms may include:
- Severe wheezing
- Coughing
- Shortness of breath
- Chest tightness
- Rapid breathing rate
- Confusion or altered mental status
- Cyanosis (blue discoloration of the lips and fingers)
Treatment typically involves:
- Oxygen therapy
- High-dose bronchodilators (inhalers or IV)
- Corticosteroids (oral or IV)
- Magnesium sulfate (IV)
- Non-invasive ventilation (e.g., BiPAP)
- Intubation and mechanical ventilation (in severe cases)
Prompt medical attention is crucial, as acute severe asthma can lead to respiratory failure, cardiac arrest, and even death if left untreated or undertreated."
5879e1c8646de6bcecee61e6d7b4f9af21d608a15f314f198cda8f865f5c4071,test,test,expert,NG,Pediatrics,1066,What is acute severe asthma,"Acute severe asthma, also known as status asthmaticus, is a life-threatening medical emergency characterized by:
1. Severe asthma symptoms that don't respond to usual treatments
2. Persistent and severe airway obstruction
3. Marked increase in symptoms over a short period (hours or days)
4. Significant impairment of lung function
5. Hypoxia (low oxygen levels in the blood)
6. Hypercapnia (high carbon dioxide levels in the blood)"
75521ea030a26570b7a2a89e1dbee962d053291505b41ce197ffbbe8c57dbc86,test,test,expert,NG,Obstetrics_and_Gynecology,1067,List the complications of intrauterine contraceptive Devices,"Intrauterine Contraceptive Devices (IUCDs) are generally safe and effective, but like any medical device, they can cause complications. Here are some possible complications of IUCDs:
1. _Perforation_: The IUCD can puncture the uterus, which can lead to infection, adhesions, or damage to surrounding organs.
2. _Expulsion_: The IUCD can be pushed out of the uterus, making it ineffective.
3. _Infection_: Bacterial infection, such as pelvic inflammatory disease (PID), can occur.
4. _Bleeding and spotting_: Irregular bleeding, spotting, or heavy menstrual bleeding can occur.
5. _Cramping_: Mild to severe cramps can occur during or after insertion.
6. _Allergic reaction_: Rarely, an allergic reaction to the materials used in the IUCD can occur.
7. _Embedment_: The IUCD can become embedded in the uterine wall, making removal difficult.
8. _Pregnancy complications_: If pregnancy occurs with an IUCD in place, there's a higher risk of ectopic pregnancy, miscarriage, or preterm labor.
9. _Uterine damage_: The IUCD can cause uterine damage, such as adhesions or scarring.
10. _Difficulty removing the IUCD_: The IUCD can be difficult to remove, which may require surgical intervention.
11. _Hormonal side effects_ (for hormonal IUCDs): Mood changes, breast tenderness, acne, or weight gain can occur.
12. _String problems_: The strings attached to the IUCD can cause discomfort, bleeding, or expulsion."
25f0a5eb780703e35608891337141cf83d82c89d51bab3ba8f497fb59dd04c0d,test,test,expert,NG,Obstetrics_and_Gynecology,1068,What are the complications of twin gestation,"Twin gestation, also known as twin pregnancy, carries a higher risk of complications compared to singleton pregnancies. Some potential complications include:
1. _Preterm labor_: Twins are often born prematurely, which can lead to respiratory and other health issues.
2. _Low birth weight_: Twins tend to have lower birth weights, increasing the risk of health problems.
3. _Preeclampsia_: High blood pressure during pregnancy, which can lead to serious complications.
4. _Gestational diabetes_: High blood sugar levels during pregnancy, increasing the risk of complications.
5. _Placental abruption_: Separation of the placenta from the uterus, which can deprive the babies of oxygen and nutrients.
6. _Fetal growth restriction_: Slow growth of one or both twins, increasing the risk of health problems.
7. _Twin-to-twin transfusion syndrome (TTTS)_*: Unequal sharing of blood between twins, leading to complications.
8. _Cord entanglement_*: Twins can become entangled in each other's umbilical cords, potentially causing distress.
9. _Postpartum hemorrhage_*: Excessive bleeding after delivery, which can be life-threatening.
10. _Maternal mortality_*: Higher risk of death during pregnancy, childbirth, or postpartum.
11. _Cesarean delivery_*: Increased likelihood of needing a C-section.
12. _Breastfeeding challenges_*: Managing breastfeeding for twins can be difficult.
13. _Emotional stress_*: Caring for twins can be emotionally overwhelming.
14. _Financial strain_*: Raising twins can be costly."
b59c8978297284595bae19d93bdca0b5012448451139b8d6c3e166e382768f5f,test,test,expert,NG,Obstetrics_and_Gynecology,1069,List the ways in which adhesions are prevented during myomectomy,"To prevent adhesions during myomectomy, the following methods are employed:
1. *Good surgical technique*: Meticulous dissection, minimal tissue handling, and precise suturing reduce tissue trauma.
2. *Electrocautery*: Using electrocautery judiciously to minimize tissue damage.
3. *Irrigation*: Continuous irrigation with saline solution to remove debris and prevent tissue drying.
4. *Adhesion barriers*: Applying adhesion barriers like oxidized regenerated cellulose (ORC) or hyaluronic acid to separate tissues.
5. *Microsurgical techniques*: Using microsurgical instruments and magnification to minimize tissue trauma.
6. *Tissue sealing*: Using tissue-sealing devices to reduce bleeding and promote healing.
7. *Intraoperative corticosteroids*: Administering corticosteroids to reduce inflammation.
8. *Postoperative pain management*: Effective pain control to reduce postoperative inflammation.
9. *Early mobilization*: Encouraging early mobilization to prevent tissue stagnation.
10. *Avoiding unnecessary dissection*: Limiting dissection to the essential areas to prevent unnecessary tissue trauma.
11. *Using adhesion-reducing agents*: Applying agents like Interceed or Seprafilm to reduce adhesion formation.
12. *Maintaining normothermia*: Keeping the patient's temperature normal to promote optimal tissue healing"
2a6114e4fc2d7eae9f802050c9a9c6a961c5b9f8b2cc02cb2cc04a7a639d96d4,test,test,expert,NG,Obstetrics_and_Gynecology,1070,What are the non contraceptive benefits of oral contraceptives,"Oral contraceptives (OCs) have several non-contraceptive benefits, including:
1. _Regulation of menstrual cycles_: OCs can help regulate menstrual cycles, reducing the frequency and severity of menstrual cramps, bloating, and mood swings.
2. _Reduction of menstrual bleeding_: OCs can decrease menstrual bleeding, reducing the risk of iron-deficiency anemia.
3. _Relief from premenstrual syndrome (PMS)_: OCs can alleviate PMS symptoms, such as breast tenderness, mood swings, and bloating.
4. _Treatment of acne_: OCs can help reduce acne by decreasing androgen hormones.
5. _Reduction of risk of ovarian cysts_: OCs can reduce the risk of ovarian cysts and torsion.
6. _Reduction of risk of endometrial and ovarian cancer_: Long-term use of OCs can reduce the risk of endometrial and ovarian cancer.
7. _Relief from dysmenorrhea_: OCs can help alleviate painful menstrual cramps.
8. _Treatment of hirsutism_: OCs can help reduce excessive hair growth in women with hirsutism.
9. _Relief from migraines_: Some OCs can help reduce the frequency and severity of migraines.
10. _Improved bone density_: OCs can help improve bone density, reducing the risk of osteoporosis.
11. _Reduced risk of ectopic pregnancy_: OCs can reduce the risk of ectopic pregnancy.
12. _Improved menstrual hygiene_: OCs can help reduce menstrual bleeding, making it easier to manage menstruation.
These non-contraceptive benefits make OCs a valuable option for many women, even if they are not seeking contraception."
4a69846e31d0722b42c059fa01cc5c25875bc0a8a7cfccee891f778931f0bdb5,test,test,expert,NG,Family_Medicine,1071,Explain briefly why cholera has become Endemic in LAGOS STATE NIGERIA,"Cholera has become endemic in Lagos State, Nigeria, due to a combination of factors, including:
1. *Poor sanitation and hygiene*: Inadequate waste management, open defecation, and lack of proper sewage systems contribute to the spread of cholera.
2. *Contaminated water sources*: Unavailability of clean water, and contamination of existing sources, facilitate the transmission of cholera.
3. *Overcrowding and poor living conditions*: High population density, slums, and informal settlements create an environment conducive to the spread of cholera.
4. *Inadequate healthcare infrastructure*: Limited access to healthcare, poor disease surveillance, and inadequate response to outbreaks contribute to the endemic nature of cholera.
5. *Climate change*: Climate variability and extreme weather events, such as floods, can contaminate water sources and facilitate the spread of cholera.
6. *Poor food handling and storage*: Inadequate food safety practices, such as selling food in unhygienic conditions, can contribute to the transmission of cholera.
7. *Lack of public awareness and education*: Limited knowledge about cholera prevention and control measures among the population hinders efforts to combat the disease.
8. *Inadequate waste management during festivals and gatherings*: Large gatherings and festivals can lead to increased waste generation, which if not properly managed, can contribute to the spread of cholera.
9. *Poor governance and infrastructure*: Inadequate investment in water, sanitation, and hygiene (WASH) infrastructure, as well as weak governance and enforcement of regulations, contribute to the persistence of cholera.
Addressing these factors requires a multi-faceted approach, involving government, healthcare providers, communities, and individuals, to improve sanitation, hygiene, and healthcare infrastructure, as well as promote public awareness and education"
920df67af91f4dc0153c7bce6ff02306cf6abf61be1e6ae36e53e3ec43d4e2b1,test,test,expert,NG,Obstetrics_and_Gynecology,1072,List the causes of Nipple Retraction and treatment,"Causes of nipple retraction include:
1. _Breastfeeding difficulties_: Poor latching or sucking technique can cause nipple retraction.
2. _Breast engorgement_: Swelling of the breast tissue can push the nipple inward.
3. _Mastitis_: Breast infection can cause nipple retraction.
4. _Ductal ectasia_: Widening of the milk ducts can lead to nipple retraction.
5. _Breast cancer_: In rare cases, nipple retraction can be a symptom of breast cancer.
6. _Surgery or trauma_: Injury or surgery can cause scarring, leading to nipple retraction.
7. _Genetic predisposition_: Some women may be born with naturally inverted nipples.
Symptoms of nipple retraction include:
- Nipple is pulled inward or recessed
- Difficulty breastfeeding or latching
- Pain or discomfort
- Redness or swelling
- Discharge or bleeding
Treatment for nipple retraction depends on the underlying cause and may include:
- Breastfeeding support and guidance
- Nipple shields or shells
- Manual expression or pumping
- Antibiotics for infection
- Surgery in severe cases"
e5de79cb7399261806b928222a1e5bd3f447caba1a1eacf66159adbf64f61bea,test,test,expert,NG,Obstetrics_and_Gynecology,1073,Define Nipple Retraction,"Nipple retraction, also known as nipple inversion or invaginated nipple, is a condition where the nipple is pulled inward, becoming recessed or retracted into the breast tissue. This can occur in one or both breasts."
2cb55facbfb8a4cd8a2509baff1b189b3bd7a7f8056d285d2c5dc9f08ee0b37b,test,test,expert,NG,Obstetrics_and_Gynecology,1074,Define breast engorgement and state the causes commonly seen in Africa,"Breast engorgement is a condition where the breasts become swollen, tender, and painful due to an accumulation of milk, blood, and other fluids. This can occur in lactating women, especially during the early days of breastfeeding.
Common causes of breast engorgement in Africa include:
1. _Delayed breastfeeding initiation_: Not breastfeeding immediately after delivery can lead to milk accumulation and engorgement.
2. _Infrequent breastfeeding_: Not breastfeeding frequently enough can cause milk to build up and lead to engorgement.
3. _Poor latching technique_: Incorrect latching can lead to ineffective milk removal, causing engorgement.
4. _Overproduction of milk_: Some women may produce more milk than their baby needs, leading to engorgement.
5. _Hormonal changes_: Fluctuations in hormone levels during the postpartum period can contribute to engorgement.
6. _Traditional practices_: Some traditional practices, such as tight binding or compression of the breasts, can restrict milk flow and lead to engorgement.
7. _Inadequate support_: Lack of proper breastfeeding support and guidance can contribute to engorgement.
8. _Mastitis_: Breast infection can cause engorgement, swelling, and pain.
9. _Blocked milk ducts_: Obstruction of milk ducts can lead to milk accumulation and engorgement.
In Africa, additional factors that may contribute to breast engorgement include:
1. _Cultural beliefs and practices_
2. _Limited access to breastfeeding support and education_
3. _High parity_ (having many children)
4. _Malnutrition_ or poor diet
5. _HIV/AIDS_ or other underlying medical conditions"
1cc735d61bf84b2b9282f32ec328799f799f551e112697d7aab808e75c43cfbd,test,test,expert,NG,Obstetrics_and_Gynecology,1075,"Define induction of labour, and state methods for induction of labour","Induction of labor is the process of stimulating uterine contractions to help a woman's body begin labor, usually when there is a medical reason to deliver the baby. This can be done using various methods, including:
1. _Pharmacological induction_: Using medications like oxytocin, misoprostol, or dinoprostone to stimulate contractions.
2. _Mechanical induction_: Using techniques like breaking the water (amniotomy), inserting a Foley catheter, or applying gentle pressure to the cervix.
3. _Natural induction_: Using non-medical methods like nipple stimulation, walking, or sex to stimulate contractions."
f7a7c621c08543f352195583049aa6a42cb8971aff989045b0d9d082822bdf61,test,test,expert,NG,Obstetrics_and_Gynecology,1076,State the parameters in the modified bishops score And what way has it helped the practice of obstetrics amongst African doctors,"The Modified Bishop Score (MBS) is a system used to assess the readiness of the cervix for induction of labor. The parameters are:
1. *Dilation* (0-3 points): 0 = closed, 1 = 1-2 cm, 2 = 3-4 cm, 3 = 5 cm or more
2. *Effacement* (0-3 points): 0 = 0-30%, 1 = 31-50%, 2 = 51-70%, 3 = 71% or more
3. *Station* (0-3 points): 0 = -3 or above, 1 = -2, 2 = -1 or 0, 3 = +1 or below
4. *Consistency* (0-2 points): 0 = firm, 1 = medium, 2 = soft
5. *Position* (0-2 points): 0 = posterior, 1 = mid-position, 2 = anterior
The total score ranges from 0 to 13 points.
The Modified Bishop Score has helped the practice of obstetrics amongst African doctors in several ways:
1. *Standardized assessment*: MBS provides a standardized way to assess cervical readiness, reducing variability in clinical decisions.
2. *Improved induction outcomes*: By identifying women with favorable cervical conditions, MBS helps doctors optimize induction timing, reducing the risk of failed inductions and complications.
3. *Reduced cesarean sections*: MBS helps doctors identify women who may not require cesarean sections, promoting vaginal deliveries and reducing surgical risks.
4. *Enhanced patient safety*: MBS guides doctors in making informed decisions about labor management, reducing the risk of maternal and fetal complications.
5. *Training and education*: MBS serves as a teaching tool, helping African doctors develop skills in cervical assessment and labor management.
By adopting the Modified Bishop Score, African doctors have improved their ability to manage labor and induction, leading to better outcomes for mothers and babies."
07b16c4dbc32628523060a7709ba612d7072c54b799378cf5bc7694515f2dfa6,test,test,expert,NG,Obstetrics_and_Gynecology,1077,Define preeclampsia state it's complications and risk factors,"Preeclampsia is a pregnancy complication characterized by:
1. High blood pressure (hypertension): Blood pressure ≥140/90 mmHg after 20 weeks of gestation.
2. Proteinuria: Presence of excess protein in the urine (≥300 mg in 24 hours).
Preeclampsia can lead to severe complications for both mother and baby, including:
1. Placental abruption
2. Premature birth
3. Low birth weight
4. Maternal organ damage (kidneys, liver, brain)
5. Seizures (eclampsia)
6. Stroke
7. Cardiovascular disease
Risk factors for preeclampsia include:
1. First pregnancy
2. History of preeclampsia in a previous pregnancy
3. Family history of preeclampsia
4. Multiple pregnancy
5. Chronic medical conditions (hypertension, diabetes, kidney disease)
6. Age ≥35 years"
640a479fb13c1bdab6583cea665abfb89fbd336ce55fbebecf4095ab41bce7a8,test,test,expert,NG,Obstetrics_and_Gynecology,1078,Define Rhesus Isoimmunization,"Rhesus (Rh) isoimmunization is a condition that occurs when a woman with Rh-negative blood is exposed to Rh-positive blood, usually during pregnancy, childbirth, or blood transfusion. This exposure triggers an immune response, causing the woman's body to produce antibodies against the Rh-positive blood cells."
a297b6ff46a919db7ca8edbf94c57af2430b99a86493fc93840110b8833d74a2,test,test,expert,NG,Obstetrics_and_Gynecology,1079,How has the use of partograph helped in reducing maternal mortality in African countries,"The partograph has significantly contributed to reducing maternal mortality in African countries in several ways:
1. *Improved monitoring*: Partographs help healthcare providers track labor progress, identifying potential complications early.
2. *Early detection of abnormalities*: Partographs facilitate early detection of abnormal labor patterns, allowing for timely interventions.
3. *Reduced labor duration*: Partographs help healthcare providers manage labor more effectively, reducing prolonged labor.
4. *Increased access to emergency care*: Partographs facilitate timely referrals to emergency care when necessary.
5. *Enhanced decision-making*: Partographs provide a clear visual representation of labor progress, supporting informed decision-making.
6. *Improved communication*: Partographs facilitate communication among healthcare providers, ensuring continuity of care.
7. *Reduced postpartum hemorrhage*: Partographs help identify women at risk of postpartum hemorrhage, enabling early intervention.
8. *Increased accountability*: Partographs promote accountability among healthcare providers, ensuring that they follow established protocols.
By adopting partographs, African countries have seen a significant reduction in maternal mortality rates. According to the World Health Organization (WHO), the use of partographs has contributed to:
- A 50% reduction in maternal mortality in some African countries
- A 30% reduction in stillbirths
- A 25% reduction in neonatal mortality
The partograph is a simple, effective tool that has made a significant impact on maternal healthcare in Africa. Its continued use and promotion are essential for further reducing maternal mortality and improving healthcare outcomes."
9348e40cfcc96fc43c90b69d19af2ab03c89ad14284f6fb5d3fbe864ac1454b2,test,test,expert,NG,Obstetrics_and_Gynecology,1080,List some obstetrics risk factors for anemia in pregnancy amongst Nigerian women,"Obstetric risk factors for anemia in pregnancy amongst Nigerian women include:
1. _Multiple pregnancies_: Carrying twins or more increases the risk of anemia.
2. _High parity_: Having many children increases the risk of anemia.
3. _Short inter-pregnancy interval_: Less than two years between pregnancies increases the risk of anemia.
4. _Previous history of anemia_: Women who had anemia in previous pregnancies are at higher risk.
5. _Malaria_: Frequent malaria attacks increase the risk of anemia.
6. _HIV/AIDS_: Women with HIV/AIDS are more susceptible to anemia.
7. _Poor antenatal care_: Inadequate or infrequent prenatal check-ups increase the risk of anemia.
8. _Teenage pregnancy_: Adolescent pregnant women are at higher risk of anemia.
9. _Grand multiparity_: Women who have had many children (five or more) are at higher risk of anemia.
10. _History of postpartum hemorrhage_: Women who experienced excessive bleeding after previous deliveries are at higher risk of anemia.
11. _Chronic medical conditions_: Women with conditions like sickle cell disease, thalassemia, or chronic kidney disease are at higher risk of anemia.
12. _Poor nutrition and dietary habits_: Inadequate iron and folic acid intake increase the risk of anemia.
13. _Pregnancy-induced hypertension_: Women with high blood pressure during pregnancy are at higher risk of anemia.
14. _Placenta previa_: Women with placenta previa are at higher risk of anemia due to bleeding.
15. _Fetal growth restriction_: Women with fetal growth restriction are at higher risk of anemia."
fd5038ef9253ee456d22887fdb48d048e34559708fb322c2eb01f483bac058bc,test,test,expert,NG,Obstetrics_and_Gynecology,1081,What are the cardinal motions involved in the mechanism of labour,"The cardinal motions involved in the mechanism of labor are:
1. *Engagement*: The fetal head enters the pelvis.
2. *Descent*: The fetal head moves downward through the pelvis.
3. *Flexion*: The fetal head flexes, or bends, as it moves through the pelvis.
4. *Internal Rotation*: The fetal head rotates to align with the mother's pelvis.
5. *Extension*: The fetal head extends, or straightens, as it crowns.
6. *External Rotation*: The fetal head rotates to align with the mother's pelvis after delivery.
7. *Expulsion*: The fetus is pushed out of the birth canal.
These cardinal motions help guide the fetus through the pelvis and birth canal during labor, ensuring a safe and successful delivery."
0fce32b459e51c59e04cc6be8c634cd5cd4a12c9ce65dec50a7c16f0ebf0dd13,test,test,expert,NG,Obstetrics_and_Gynecology,1082,What are the medical and surgical treatment options for post partum hemorrhage,"Medical treatment options for postpartum hemorrhage (PPH) include:
1. _Uterine massage_: Massaging the uterus to help control bleeding.
2. _Oxytocin_: Administering oxytocin to stimulate uterine contractions.
3. _Methylergometrine_: Using methylergometrine to induce uterine contractions.
4. _Prostaglandins_: Administering prostaglandins to stimulate uterine contractions.
5. _Tranexamic acid_: Using tranexamic acid to reduce bleeding.
6. _Fluid resuscitation_: Administering fluids and blood products to replace lost blood volume.
7. _Antibiotics_: Prescribing antibiotics to prevent infection.
Surgical treatment options for PPH include:
1. _Uterine artery ligation_: Ligating the uterine arteries to reduce blood flow.
2. _Internal iliac artery ligation_: Ligating the internal iliac arteries to reduce blood flow.
3. _B-Lynch suture_: Performing a B-Lynch suture to compress the uterus.
4. _Uterine tamponade_: Using a balloon or gauze to tamponade the uterus.
5. _Hysterectomy_: Performing a hysterectomy as a last resort to control bleeding.
Additional interventions may include:
1. _Intrauterine balloon tamponade_: Using a balloon to tamponade the uterus.
2. _Uterine packing_: Packing the uterus with gauze to control bleeding.
3. _Angiographic embolization_: Using angiographic embolization to occlude bleeding vessels."
d657b3f4656910fd29f6ac8eeb59ad8c9e0c948d2f42ff452f9c5b0925b18dbd,test,test,expert,NG,Obstetrics_and_Gynecology,1083,What is the classical definition of post partum hemorrhage State why it is common in Nigeria,"The classical definition of postpartum hemorrhage (PPH) is:
- Bleeding from the genital tract exceeding 500 mL within the first 24 hours after spontaneous vagina delivery or 1000 mL following caesarean section
PPH is common in Nigeria due to various factors, including:
1. _Poor access to quality healthcare_: Limited availability of skilled healthcare providers, especially in rural areas.
2. _High prevalence of anemia_: Widespread anemia among pregnant women increases the risk of PPH.
3. _Hypertension and preeclampsia_: Common conditions in Nigerian pregnant women, increasing the risk of PPH.
4. _Multiple pregnancies and high parity_: Higher risk of PPH in women with multiple pregnancies or high parity.
5. _Traditional birth practices_: Home deliveries without skilled attendants, increasing the risk of PPH.
6. _Limited availability of blood transfusion services_: Inadequate blood supply and lack of compatible blood types.
7. _Poor infrastructure and transportation_: Delays in accessing healthcare facilities, especially in emergency situations.
8. _Lack of adequate training and equipment_: Healthcare providers may not have the necessary skills or equipment to manage PPH effectively.
9. _Cultural and socioeconomic factors_: Limited awareness, education, and financial resources contribute to the high incidence of PPH.
10. _High maternal mortality rate_: PPH is a leading cause of maternal mortality in Nigeria, highlighting the need for improved healthcare services.
Addressing these factors is crucial to reducing the incidence of PPH in Nigeria and improving maternal health outcomes."
69cc6c34ba7c9cafea0e25efb991c0bcb12767caeb5d68fd9d48625602de1d24,test,test,expert,NG,Obstetrics_and_Gynecology,1084,State the Amsel criteria for bacterial vaginosis,"The Amsel criteria for bacterial vaginosis (BV) include:
1. _Homogeneous, thin, white or gray discharge_ that coats the vaginal walls
2. _pH of vaginal fluid > 4.5_ (normal pH is < 4.5)
3. _Presence of clue cells_ (vaginal epithelial cells with adherent bacteria) on microscopic examination
4. _Positive whiff test_ (release of a strong fishy odor when vaginal discharge is mixed with potassium hydroxide)
To diagnose BV, at least three of the four Amsel criteria must be present.
- Clue cells are a key diagnostic feature, as they indicate the presence of Gardnerella vaginalis and other anaerobic bacteria.
- The whiff test is not always positive, but it can support the diagnosis.
- Vaginal pH testing can help rule out other conditions, such as trichomoniasis or yeast infections."
16362da394d598bad43fc0b0fc95802a3fa5b522cb6b12fb86997f17b1029dcd,test,test,expert,NG,Obstetrics_and_Gynecology,1085,What are the leading causes of vaginal discharge in reproductive age African women seen in gynaecology practice,"The leading causes of vaginal discharge in reproductive age African women seen in gynecology practice include:
1. _Bacterial vaginosis_ (BV): Caused by an imbalance of vaginal bacteria.
2. _Trichomoniasis_: A sexually transmitted infection (STI) caused by Trichomonas vaginalis.
3. _Candidiasis_: A fungal infection caused by Candida albicans.
4. _Cervicitis_: Inflammation of the cervix, often caused by STIs like chlamydia or gonorrhea.
5. _Pelvic inflammatory disease_ (PID): Infection of the reproductive organs, often caused by STIs.
6. _Vaginal trichomoniasis_: An STI caused by Trichomonas vaginalis.
7. _Chlamydia_: An STI caused by Chlamydia trachomatis.
8. _Gonorrhea_: An STI caused by Neisseria gonorrhoeae.
9. _Vaginal atrophy_: Thinning and drying of vaginal tissues due to hormonal changes.
10. _Foreign body_: Presence of an object in the vagina, such as a forgotten tampon.
11. _Cervical ectopy_: A condition where the cervical cells grow outside the cervix.
12. _Vaginal infections_ caused by other microorganisms like E. coli, Staphylococcus aureus, and Haemophilus influenzae."
78abd63d3377977e85e3b91e87a20753006f2b4184e457e0653a3aebc7312a72,test,test,expert,NG,Obstetrics_and_Gynecology,1086,What are the types of placenta previa and what is the treatment option for each,"There are four types of placenta previa, classified based on the location and extent of placental coverage of the internal cervical os:
1. *Type 1: Low-lying placenta*
- Placenta is located near the internal os, but does not cover it.
- Treatment: Expectant management, vaginal delivery possible.
2. *Type 2: Marginal placenta previa*
- Placenta covers the internal os partially.
- Treatment: Expectant management, vaginal delivery possible, but may require cesarean section.
3. *Type 3: Partial placenta previa*
- Placenta covers the internal os partially, but extends into the cervical canal.
- Treatment: Cesarean section recommended, as vaginal delivery may cause severe bleeding.
4. *Type 4: Complete placenta previa*
- Placenta completely covers the internal os and extends into the cervical canal.
- Treatment: Cesarean section necessary, as vaginal delivery is not possible.
Additional treatment options may include:
- *Corticosteroids*: To promote fetal lung maturity in case of preterm delivery.
- *Tocolytics*: To delay delivery in case of preterm labor.
- *Blood transfusions*: To manage excessive bleeding.
- *Bed rest*: To reduce bleeding and promote fetal growth.
- *Pelvic rest*: Avoiding intercourse, tampons, and vaginal exams to reduce bleeding risk."
863a9e99a5e3e8e1f5130f8048e8d4852147eb5d20464fb7ee1c3ca6cbb7b446,test,test,expert,NG,Obstetrics_and_Gynecology,1087,Define antepartum Hemorrhage and state why it is common amongst Africans,"Antepartum hemorrhage (APH) is defined as vaginal bleeding that occurs after the 28th week of gestation, but before labor begins. It is a serious complication of pregnancy that can threaten the life of both the mother and the fetus.
APH is common amongst Africans due to various factors, including:
1. _High prevalence of hypertension and preeclampsia_: These conditions increase the risk of placental abruption, a leading cause of APH.
2. _Poor access to prenatal care_: Inadequate monitoring and delayed diagnosis of pregnancy complications contribute to APH.
3. _High incidence of malaria and anemia_: These conditions can lead to placental insufficiency and increase the risk of APH.
4. _Genetic predisposition_: Women of African descent are more likely to have inherited bleeding disorders, such as sickle cell disease.
5. _Limited access to blood transfusion services_: Inadequate blood supply and lack of compatible blood types can worsen APH outcomes.
6. _Poor nutritional status_: Inadequate nutrition can contribute to anemia and poor pregnancy outcomes.
7. _High parity and short inter-pregnancy intervals_: These factors increase the risk of placental abruption and APH.
8. _Limited availability of emergency obstetric care_: Delays in receiving timely and appropriate care can worsen APH outcomes.
These factors contribute to the higher incidence of APH amongst African women, highlighting the need for improved prenatal care, access to emergency obstetric services, and addressing underlying health conditions."
388141a39170f154c3bc8a301f605060755ae7983be68be6ab60c46b3201cd3a,test,test,expert,NG,Obstetrics_and_Gynecology,1088,Mention the techniques used to reduce blood loss during myomectomy,"Techniques used to reduce blood loss during myomectomy include:
1. _Preoperative GnRH agonists_: To shrink fibroids and reduce bleeding.
2. _Intraoperative vasopressin_: To constrict blood vessels and reduce bleeding.
3. _Tourniquet or rubber band_: To occlude blood flow to the uterus.
4. _Uterine artery ligation_: To reduce blood flow to the uterus.
5. _Temporary clipping of uterine arteries_: To control bleeding.
6. _Electrosurgical coagulation_: To cauterize bleeding vessels.
7. _Suture ligation_: To ligate bleeding vessels.
8. _Hemostatic agents_: To promote clotting and reduce bleeding.
9. _Uterine compression sutures_: To compress the uterus and reduce bleeding.
10. _Intraoperative cell salvage_: To recover and reinfuse blood lost during surgery.
11. _Preoperative autologous blood donation_: To have patient's own blood available for transfusion.
12. _Intraoperative tranexamic acid_: To reduce fibrinolysis and promote clotting.
These techniques can be used alone or in combination to minimize blood loss during myomectomy."
6afd5381fff653483146ad43e399b34b7a16074c975cd15b85f2b327160cfa23,test,test,expert,NG,Obstetrics_and_Gynecology,1089,List the suture lines of the fetal skull and their corresponding bordering bones,"the suture lines of the fetal skull and their corresponding bordering bones:
1. _Metopic suture_: Frontal bone (interfrontal suture)
2. _Coronal suture_: Frontal bone and parietal bone
3. _Sagittal suture_: Parietal bones (interparietal suture)
4. _Lambdoid suture_: Parietal bone and occipital bone
5. _Occipitomastoid suture_: Occipital bone and mastoid part of temporal bone
6. _Sphenofrontal suture_: Sphenoid bone and frontal bone
7. _Sphenoparietal suture_: Sphenoid bone and parietal bone
8. _Sphenotemporal suture_: Sphenoid bone and temporal bone
9. _Sphenosquamosal suture_: Sphenoid bone and squamous part of temporal bone
10. _Petrosquamosal suture_: Petrous part of temporal bone and squamous part of temporal bone
11. _Intermaxillary suture_: Maxilla bones (intermaxillary suture)
12. _Internasal suture_: Nasal bones (internasal suture)
13. _Nasofrontal suture_: Nasal bone and frontal bone
14. _Zygomaticofrontal suture_: Zygomatic bone and frontal bone
15. _Zygomaticotemporal suture_: Zygomatic bone and temporal bone
16. _Zygomaticomaxillary suture_: Zygomatic bone and maxilla bone
17. _Frontonasal suture_: Frontal bone and nasal bone
18. _Parietomastoid suture_: Parietal bone and mastoid part of temporal bone"
735364dd18024f7b67a05df0ef95acd4623d576a180864b4dff3aec509bb2167,test,test,expert,NG,Obstetrics_and_Gynecology,1090,What are the causes of primary amenorrhea and the causes of secondary amenorrhea,"*Primary Amenorrhea:*
Primary amenorrhea is the absence of menstruation in a woman by the age of 16, or by 14 if there are no secondary sexual characteristics. Causes include:
1. *Genetic disorders*: Turner syndrome, Klinefelter syndrome, and androgen insensitivity syndrome.
2. *Hormonal imbalances*: Hypothalamic or pituitary gland problems, thyroid disorders, or adrenal gland disorders.
3. *Reproductive system abnormalities*: Uterine or vaginal agenesis, imperforate hymen, or cervical stenosis.
4. *Developmental disorders*: Müllerian agenesis or Mayer-Rokitansky-Küster-Hauser syndrome.
5. *Chromosomal abnormalities*: 46,XY gonadal dysgenesis or Swyer syndrome.
*Secondary Amenorrhea:*
Secondary amenorrhea is the absence of menstruation for 3-6 months in a woman who has previously menstruated. Causes include:
1. *Hormonal imbalances*: Polycystic ovary syndrome (PCOS), thyroid disorders, or hyperprolactinemia.
2. *Pregnancy or breastfeeding*: Amenorrhea can occur during pregnancy or breastfeeding.
3. *Weight changes*: Significant weight gain or loss, or eating disorders.
4. *Stress or emotional factors*: Stress, anxiety, or depression.
5. *Medications*: Birth control pills, antidepressants, or antipsychotics.
6. *Reproductive system disorders*: Asherman's syndrome, endometrial scarring, or cervical stenosis.
7. *Pituitary gland problems*: Tumors or inflammation.
8. *Hypothalamic disorders*: Tumors, inflammation, or congenital conditions.
9. *Ovarian failure*: Premature ovarian failure or menopause.
10. *Other medical conditions*: Diabetes, celiac disease, or autoimmune disorders."
92eeeeb608f1155de599e98e837a693260826606d476ad5c61e54b32018fddc2,test,test,expert,NG,Obstetrics_and_Gynecology,1091,What are the protective factors for ovarian cancer for women in Nigeria,"Protective factors for ovarian cancer in women in Nigeria include:
1. _Early childbearing_: Women who have their first child before age 25 have a lower risk.
2. _Multiple pregnancies_: Women who have had multiple pregnancies have a lower risk.
3. _Breastfeeding_: Breastfeeding for at least 12 months can reduce the risk.
4. _Tubal ligation_: Women who have had their tubes tied have a lower risk.
5. _Hysterectomy_: Women who have had a hysterectomy have a lower risk.
6. _Oral contraceptive use_: Using oral contraceptives for at least 5 years can reduce the risk.
7. _Healthy diet_: A diet rich in fruits, vegetables, and whole grains may reduce the risk.
8. _Regular exercise_: Regular physical activity may reduce the risk.
9. _Maintaining a healthy weight_: Being overweight or obese increases the risk.
10. _Avoiding talcum powder_: Using talcum powder in the genital area may increase the risk.
11. _Genetic testing and counseling_: Women with a family history of ovarian cancer may benefit from genetic testing and counseling.
12. _Screening_: Regular screening with transvaginal ultrasound and CA-125 blood tests may help detect ovarian cancer early.
It's essential to note that these protective factors may not completely eliminate the risk of ovarian cancer, and women should be aware of the symptoms and seek medical attention if they experience any unusual signs or symptoms.
In Nigeria, cultural and socioeconomic factors may influence the adoption of these protective factors. Therefore, public health initiatives should focus on education, awareness, and access to healthcare services to reduce the burden of ovarian cancer."
653934f6c99571ed80ed6e89208d9217e34d249d135c6ba0a15e9aaa0324400a,test,test,expert,NG,Obstetrics_and_Gynecology,1092,What are the unique differences between ovarian and cervical cancer Which is commoner in Africa,"Ovarian and cervical cancer are both gynecological cancers, but they have distinct differences:
*Ovarian Cancer:*
1. *Origin*: Arises from ovarian tissue
2. *Symptoms*: Vague, e.g., bloating, abdominal pain, weight loss
3. *Screening*: No effective screening test available
4. *Treatment*: Surgery, chemotherapy, targeted therapy
5. *Prognosis*: Poor, due to late diagnosis
*Cervical Cancer:*
1. *Origin*: Arises from cervical tissue
2. *Symptoms*: Abnormal bleeding, pelvic pain, discharge
3. *Screening*: Pap smear and HPV test available
4. *Treatment*: Surgery, radiation therapy, chemotherapy
5. *Prognosis*: Better, due to early detection and treatment
In Africa, *cervical cancer* is more common due to:
1. *High prevalence of HPV*
2. *Limited access to screening and vaccination*
3. *Low awareness and education*
4. *Weak healthcare systems*
5. *High incidence of HIV/AIDS* (which increases the risk of cervical cancer)
According to the World Health Organization (WHO), cervical cancer is the second most common cancer in women in Africa, with an estimated 34.8 cases per 100,000 women per year. Ovarian cancer incidence in Africa is lower, with an estimated 4.8 cases per 100,000 women per year.
It's essential to note that both cancers have a significant impact on women's health in Africa, and efforts should be made to improve awareness, screening, and treatment options to reduce the burden of these diseases."
c0518f65a5e3ca1ac44c7aa6451b4c4bdfbb32a94bbcd3f2953697a2d378028e,test,test,expert,NG,Obstetrics_and_Gynecology,1093,Why is multiple gestation commoner in African women and what are the complications of multiple gestation,"Multiple gestation is more common in African women due to various factors, including:
1. _Genetics_: African women are more likely to have a family history of twins, which increases their chances of having multiples.
2. _Hormonal influences_: African women tend to have higher levels of follicle-stimulating hormone (FSH), which can stimulate the release of multiple eggs during ovulation.
3. _Diet and lifestyle_: A diet rich in certain nutrients, such as folic acid and cassava, may increase the likelihood of releasing multiple eggs.
4. _Higher fertility rates_: African women tend to have higher fertility rates, which increases the chances of conceiving multiples.
Complications of multiple gestation include:
1. _Preterm labor and delivery_
2. _Low birth weight and small size_
3. _Gestational diabetes and hypertension_
4. _Preeclampsia and eclampsia_
5. _Placenta previa and abruption_
6. _Fetal growth restriction and discordance_
7. _Birth defects and chromosomal abnormalities_
8. _Cesarean delivery and surgical complications_
9. _Postpartum depression and anxiety_
10. _Increased risk of maternal and fetal mortality_
Additionally, multiple gestation increases the risk of:
1. _Twin-to-twin transfusion syndrome_
2. _Twin anemia-polycythemia sequence_
3. _Selective fetal growth restriction_
4. _Umbilical cord abnormalities_
5. _Placental insufficiency_
It's crucial for women carrying multiples to receive regular prenatal care and monitoring to minimize these risks and ensure a healthy pregnancy and delivery."
6e0cdf4f1e7ea4e417f54f876a98eff325bb5b35ef1d6cf4d7e7987982fb886b,test,test,expert,NG,Obstetrics_and_Gynecology,1094,What is multiple gestation and what are the risk factors,"Multiple gestation, also known as multiple pregnancy, refers to the presence of two or more fetuses in the womb during a single pregnancy. The risk factors for multiple gestation include:
1. *Family history*: Having a family history of twins or multiple births.
2. *Race*: Women of West African descent are more likely to have twins.
3. *Age*: Women over 35 years old, especially those between 40-45 years old.
4. *Fertility treatments*: Assisted reproductive technologies like IVF, IUI, and ovulation induction.
5. *Multiple pregnancies in the past*: Women who have had multiple pregnancies before are more likely to have another multiple gestation.
6. *Body type*: Women who are taller or have a higher body mass index (BMI) are more likely to conceive multiples.
7. *Breastfeeding*: Women who are breastfeeding and become pregnant are more likely to conceive multiples.
8. *Genetics*: Some women may be more likely to conceive multiples due to genetic factors.
9. *Hormonal factors*: Women with polycystic ovary syndrome (PCOS) or other hormonal imbalances may be more likely to conceive multiples.
The risks associated with multiple gestation include:
1. *Preterm labor*
2. *Low birth weight*
3. *Gestational diabetes*
4. *Hypertension*
5. *Preeclampsia*
6. *Placenta previa*
7. *Fetal growth restriction*
8. *Birth defects*
9. *Cesarean delivery*
10. *Postpartum depression*
It's essential for women carrying multiples to receive regular prenatal care and monitoring to minimize these risks."
0d5a4727cb1fe74192fbb8383ccacc68ce59d2ff24e59cb47b609bffc21dc5e5,test,test,expert,NG,Obstetrics_and_Gynecology,1095,What are the screening tests and diagnostic methods for cervical intraepithelial neoplasm,"The following are screening tests and diagnostic methods for cervical intraepithelial neoplasm (CIN):
Screening Tests:
1. _Pap Smear (Papanicolaou Test)_: A routine test that examines cervical cells for abnormalities.
2. _Human Papillomavirus (HPV) Test_: Detects high-risk HPV types in cervical cells.
3. _Co-testing_: Combination of Pap smear and HPV test.
Diagnostic Methods:
1. _Colposcopy_: A procedure using a colposcope to examine the cervix for abnormalities.
2. _Biopsy_: Removing a cervical tissue sample for examination.
3. _Endocervical Curettage (ECC)_: Scraping the cervical canal to collect tissue samples.
4. _Loop Electrosurgical Excision Procedure (LEEP)_: Removing abnormal cervical tissue using a wire loop.
5. _Cone Biopsy_: Removing a cone-shaped sample of cervical tissue.
6. _Imaging Tests_: Ultrasound, MRI, or CT scans to evaluate cervical lesions.
7. _Histopathology_: Examining tissue samples under a microscope for abnormal cell growth.
It's important to note that these tests and methods are used in combination to diagnose CIN and determine its severity, which helps guide appropriate treatment. Regular screening and early detection can prevent CIN from progressing to cervical cancer."
4d6528fa420cf3b469ed07283d264e091a57f33149bbda2a8b37d201a3aab451,test,test,expert,NG,Obstetrics_and_Gynecology,1096,List the risk factors for cervical intraepithelial neoplasm amongst women in Nigeria,"Cervical intraepithelial neoplasm (CIN) is a precancerous lesion that can potentially develop into cervical cancer. Risk factors for CIN amongst women in Nigeria include:
1. *Human Papillomavirus (HPV) infection*: High-risk HPV types 16, 18, 31, 33, and 45.
2. *Early sexual debut*: Engaging in sexual activity at a young age.
3. *Multiple sexual partners*: Having multiple sexual partners increases the risk of HPV infection.
4. *Weakened immune system*: Women with compromised immune systems, such as those living with HIV/AIDS.
5. *Smoking*: Tobacco smoking and exposure to secondhand smoke.
6. *Family history*: Having a first-degree relative (mother, sister, or daughter) with cervical cancer.
7. *Low socioeconomic status*: Limited access to healthcare, education, and screening services.
8. *Lack of cervical screening*: Not undergoing regular Pap smears or HPV tests.
9. *Age*: Women between 25 and 35 years old are at higher risk.
10. *Multiparity*: Having multiple pregnancies.
11. *Long-term use of oral contraceptives*: Using birth control pills for more than 5 years.
12. *Diethylstilbestrol (DES) exposure*: Women whose mothers used DES during pregnancy.
13. *Chlamydia trachomatis infection*: Untreated chlamydia infection.
14. *Vitamin deficiencies*: Low levels of vitamins A, C, and E.
15. *Obesity*: Being overweight or obese.
It's important to note that many of these risk factors are interrelated, and addressing them can help reduce the burden of CIN and cervical cancer in Nigeria."
924a3c2d4e7196ad20eee39264025d545927d445c0e985d74372c1d916a9b273,test,test,expert,NG,Obstetrics_and_Gynecology,1097,What are the Limitations of Laparoscopy in Nigeria,"Laparoscopy, a minimally invasive surgical technique, has revolutionized healthcare globally. However, in Nigeria, there are limitations to its adoption and utilization. Some of the limitations include:
1. _Limited access to equipment_: High-quality laparoscopic equipment is often scarce or unaffordable in many Nigerian hospitals.
2. _Lack of trained professionals_: Surgeons and gynecologists with specialized training in laparoscopy are limited in number.
3. _Infrastructure challenges_: Inadequate electrical power supply, lack of suction machines, and limited operating room space hinder laparoscopic procedures.
4. _Cost constraints_: Laparoscopic surgery is often more expensive than open surgery, making it inaccessible to many Nigerians.
5. _Limited awareness_: Many patients and healthcare providers are unaware of the benefits and indications of laparoscopy.
6. _Technological limitations_: Limited access to advanced laparoscopic technologies like robotic-assisted surgery and single-incision laparoscopy.
7. _Maintenance and repair challenges_: Difficulty in maintaining and repairing laparoscopic equipment due to lack of technical expertise and spare parts.
8. _Energy crisis_: Frequent power outages can interrupt laparoscopic procedures, compromising patient safety.
9. _Limited availability of laparoscopic consumables_: Difficulty in sourcing high-quality laparoscopic instruments and consumables.
10. - Cultural and religious beliefs*: Some patients may prefer open surgery due to cultural or religious beliefs.
Addressing these limitations is crucial to increasing access to laparoscopy in Nigeria and improving healthcare outcomes."
a6544dda91216ff9f1b1420c706e731af99f990276c34006dcde8a09b615e996,test,test,expert,NG,Obstetrics_and_Gynecology,1098,Write on the the use of Laparoscopy in morden day medicine,"Laparoscopy is a minimally invasive surgical technique that has revolutionized modern medicine. This procedure involves inserting a laparoscope, a thin tube with a camera and light, through small incisions in the abdomen to visualize internal organs and perform surgeries.
The benefits of laparoscopy are numerous:
1. *Less pain*: Smaller incisions result in reduced pain and scarring.
2. *Faster recovery*: Patients can return to their normal activities sooner.
3. *Reduced risk of complications*: Less chance of infection, bleeding, and adhesions.
4. *Improved visualization*: High-definition cameras provide a clear view of internal structures.
5. *Minimally invasive*: Reduced trauma to surrounding tissues and organs.
Laparoscopy is widely used in various medical specialties:
1. *Gynecology*: Ectopic pregnancy treatment, hysterectomy, endometriosis management.
2. *General Surgery*: Appendectomy, cholecystectomy, hernia repair.
3. *Urology*: Prostate surgery, kidney stone removal, bladder cancer treatment.
4. *Oncology*: Cancer staging, tumor resection, biopsy.
5. *Bariatric Surgery*: Weight loss surgery, gastric bypass, sleeve gastrectomy.
Advances in laparoscopy include:
1. *Robotic-assisted laparoscopy*: Enhanced precision and dexterity.
2. *Single-incision laparoscopy*: Reduced scarring and pain.
3. *Natural orifice transluminal endoscopic surgery (NOTES)*: Scarless surgery through natural orifices.
In conclusion, laparoscopy has transformed modern medicine by providing a safer, less invasive, and more effective approach to surgery. Its applications continue to expand, improving patient outcomes and quality of life."
636b43d83e78a670637a0f9b2e8a9167c54d6d95b3b14e92a898ebf4ef2642f9,test,test,expert,NG,Obstetrics_and_Gynecology,1099,What is the ratio of maternal mortality in various African countries,"Maternal Mortality in Africa
Maternal mortality remains a significant public health concern in Africa, where the majority of global maternal deaths occur. The continent faces numerous challenges in reducing maternal mortality, including:
_Risk Factors:_
1. _Limited access to healthcare_: Many women in Africa lack access to quality healthcare services, particularly in rural areas.
2. _Poor healthcare infrastructure_: Inadequate facilities, equipment, and trained healthcare professionals contribute to the high maternal mortality rate.
3. _Hypertension and diabetes_: Prevalence of these conditions is increasing in Africa, leading to complications during pregnancy and childbirth.
4. _Malnutrition and anemia_: Widespread malnutrition and anemia among pregnant women increase the risk of maternal death.
5. _Child marriage and early pregnancy_: Young mothers are more likely to experience complications during pregnancy and childbirth.
6. _HIV/AIDS_: The high prevalence of HIV/AIDS in some African countries increases the risk of maternal mortality.
7. _Cultural beliefs and practices_: In some communities, traditional beliefs and practices may delay or prevent women from seeking medical care during pregnancy and childbirth.
_Country-Specific Estimates:_
1. _Nigeria_: 821 deaths per 100,000 live births
2. _South Africa_: 134 deaths per 100,000 live births
3. _Democratic Republic of the Congo_: 693 deaths per 100,000 live births
4. _Ethiopia_: 401 deaths per 100,000 live births
5. _Kenya_: 342 deaths per 100,000 live births
6. _Tanzania_: 398 deaths per 100,000 live births
7. _Ghana_: 145 deaths per 100,000 live births
8. _Mozambique_: 489 deaths per 100,000 live births
9. _Uganda_: 336 deaths per 100,000 live births
10. _Mali_: 587 deaths per 100,000 live births
11. _Zambia_: 224 deaths per 100,000 live births
12. _Zimbabwe_: 443 deaths per 100,000 live births
13. _Rwanda_: 210 deaths per 100,000 live births
14. _Botswana_: 129 deaths per 100,000 live births
15. _Namibia_: 150 deaths per 100,000 live births"
f03f39d5ee9a472349247915d85730149f775c78913ba97ace12ca2ecc28266c,test,test,expert,NG,Obstetrics_and_Gynecology,1100,Reasons for obstructed labour amongst Nigerian women,"Obstructed labor is a leading cause of maternal and fetal morbidity and mortality in Nigeria. Some reasons for obstructed labor amongst Nigerian women include:
1. cephalopelvic disproportion (CPD): When the baby's head or body is too large to pass through the mother's pelvis.
2. Prolonged labor: Labor that lasts beyond 12 hours can lead to obstruction.
3. Malposition: Abnormal position of the baby, such as a breech presentation.
4. Pelvic abnormalities: Congenital or acquired deformities of the pelvis.
5. Uterine anomalies: Abnormalities in the shape or structure of the uterus.
6. Fibroids: Large fibroids can obstruct the birth canal.
7. Previous uterine surgery or scar: Adhesions or scars from previous surgeries can cause obstruction.
8. High parity: Women who have had multiple births are at higher risk.
9. Age: Teenagers and women over 35 years old are at higher risk.
10. Lack of access to quality healthcare: Delayed or inadequate medical care can contribute to obstructed labor.
11. Cultural beliefs: In some communities, women may avoid medical care due to cultural or traditional beliefs.
12. Nutritional deficiencies: Poor nutrition and micronutrient deficiencies can contribute to obstructed labor.
Addressing these factors through improved access to quality healthcare, education, and nutrition can help reduce the incidence of obstructed labor in Nigerian women."
7407d7ddb2a26137dfee08a76b18f135de39c3d1ba903193670f90190d8b9fb0,test,test,expert,NG,Obstetrics_and_Gynecology,1101,How has abruption placenta been relatively problematic in pregnant women in Africa,"Placental abruption, also known as abruptio placentae, is a serious pregnancy complication where the placenta partially or completely separates from the uterus, depriving the baby of oxygen and nutrients. In African women, placental abruption is a significant concern due to various factors:
1. High prevalence: Placental abruption is more common in African women, especially in sub-Saharan Africa, due to limited access to quality healthcare and high rates of hypertension and diabetes.
2. Maternal mortality: Placental abruption is a leading cause of maternal mortality in Africa, accounting for up to 15% of pregnancy-related deaths.
3. Risk factors: African women are more likely to experience risk factors such as:
- Hypertension
- Diabetes
- Multiple pregnancies
- Advanced maternal age
- History of previous uterine surgery or cesarean section
4. Limited access to care: In many African countries, women may not have access to timely and adequate medical care, leading to delayed diagnosis and treatment.
5. Cultural beliefs: In some African cultures, women may delay seeking medical attention due to traditional beliefs or fear of hospitalization.
6. Nutritional factors: Poor nutrition and micronutrient deficiencies, common in some African regions, may contribute to placental abruption.
7. HIV/AIDS: The high prevalence of HIV/AIDS in some African countries increases the risk of placental abruption.
It is essential to address these factors through:
1. Improving access to quality healthcare
2. Enhancing maternal health education
3. Encouraging early prenatal care
4. Managing hypertension and diabetes
5. Providing nutritional support
6. Addressing cultural beliefs and fears
By tackling these challenges, we can reduce the incidence of placental abruption and improve maternal and fetal outcomes in African women."
bd9e932c62c606971a263501ae67140a4e258117ca2821e88b2dcaebbbbaf68d,test,test,expert,NG,Obstetrics_and_Gynecology,1102,Write on the impact of gestational diabetes on African women,"Gestational diabetes is a type of diabetes that develops during pregnancy, usually in the second or third trimester. It is caused by hormonal changes and insulin resistance, which can lead to high blood sugar levels.
Risk factors:
- Obesity. Most africans live a sedentary life style and are mostly obesed
- Family history of diabetes,, commonly seen in Africa
- Previous history of gestational diabetes
- Age over 35, African women mostly are seen to get married from the ages of 30 due to financial and traditional beliefs
- Multiple pregnancy,, an average African family wants a home of least 5 children
Symptoms:
- Increased thirst and urination
- Fatigue
- Blurred vision
- Slow healing of cuts and wounds
Complications:
- Macrosomia (large baby)
- Preterm labor
- Cesarean delivery
- Hypoglycemia (low blood sugar) in the baby
- Increased risk of type 2 diabetes after pregnancy
Management:
- Dietary changes (healthy eating)
- Exercise (regular physical activity)
- Blood sugar monitoring
- Insulin therapy (if necessary)
With proper management, most women with gestational diabetes can have a healthy pregnancy and delivery."
7f411484dc84222a9f571657bd97f9d5be793fb0b79293fa8cb54c00680dfa3d,test,test,expert,NG,Obstetrics_and_Gynecology,1103,Write briefly on pelvic inflammatory disease stating why it is common in African teenagers,"Pelvic Inflammatory Disease (PID) is a bacterial infection that affects the female reproductive organs, including the uterus, fallopian tubes, and ovaries. It is often caused by untreated sexually transmitted infections (STIs) like chlamydia and gonorrhea.
Symptoms:
- Lower abdominal pain
- Abnormal vaginal discharge
- Fever
- Painful urination
- Painful sex
- Irregular menstrual bleeding
Complications:
- Infertility
- Ectopic pregnancy
- Chronic pelvic pain
- Abscesses
- Increased risk of HIV transmission
Treatment:
- Antibiotics to clear the infection
- Pain management
- Rest and avoiding strenuous activities
- Avoiding sexual intercourse until treatment is completed
- Partner treatment to prevent re-infection
Early diagnosis and treatment are crucial to prevent long-term complications and infertility. If you suspect PID, consult a healthcare provider promptly.
Reasons why it is common in teenage Africans include
Poverty which in most cases lead teachers to prostitution hence having multiple sexual partners
More reasons include negligence ignorance on the use of barrier contraceptives and safe sex practices"
61250629943f517725a5c30d6a86abbd4738542fea5683069c28fe68584b95f1,test,test,expert,NG,Obstetrics_and_Gynecology,1104,"What is placenta praevia, causes/risk factors, Types, Symptoms, Treatment And why is it common in Nigerian women","Placenta praevia is a pregnancy complication where the placenta partially or completely covers the cervix, the lower part of the uterus that opens into the vagina. This can cause:
- Bleeding during pregnancy and delivery
- Premature birth
- Fetal distress
- Maternal hemorrhage
Types:
- Placenta praevia marginalis: Placenta is near but not covering the cervix
- Placenta praevia partialis: Placenta partially covers the cervix
- Placenta praevia totalis: Placenta completely covers the cervix
Causes and risk factors:
- Multiple pregnancy
- Previous uterine surgery or cesarean section
- Advanced maternal age
- Smoking
Symptoms:
- Painless vaginal bleeding
- Abdominal pain
- Fetal distress
Treatment:
- Bed rest and monitoring
- Corticosteroids to promote fetal lung maturity
- Cesarean delivery if necessary
Prompt medical attention is essential to ensure the health and safety of both mother and baby.
It is common in Nigerian women due to their poor hospital seeking behavior and local harmful traditional practices as well as ignorance and illiteracy"
43222fa1281791c21c092de4c3325c9f9bd8dcd045c96153ee7c9729b2a6c855,train,train,crowdsourced,NG,Pediatrics,1105,What is the major cause of acquired heart disease in Nigerian children?,Rheumatic heart disease is the main cause of acquired heart disease in Nigerian children as it accounted for 68% of echo-confirmed acquired heart diseases seen in children in JUTH
21b699bc5993ce5209296d117e1a84deb65a2b2b57079c44ae6d42773488ec67,train,train,crowdsourced,NG,Obstetrics_and_Gynecology,1106,What are the consequences of infertility in Africa?,"Marital disharmony
Anxiety, depression
Stigmatization
Loss of social status
Abuse"
