id_1,id_2,split_1,split_2,question_sim,answer_sim,question_1,question_2,answer_1,answer_2
c5a15b201d3bfb15ac7b709966bd25d8fce0c550fabe3392ac915d30b9d26bf3,77d3900601f72fc98f023308767d8bd536584cf5af2ae858c21ac68dd279518f,train,train,0.83,0.52,What traditional remedies are used for pain management in African cultures?,What traditional practices are used for pain management in African cultures?,"Traditional remedies may include herbal teas, topical ointments, and massage techniques using plants such as ginger, turmeric, or aloe vera.","Remedies may include the use of herbal teas, topical ointments, and massage therapy using oils infused with medicinal plants like arnica and marjoram."
d49c29a599fc99ab02bdbb32c191d3dc1ae4fc25acc2eaf851c71e694ba749a3,573914b2ed2aedc5cf17ce245ba0448652418b1bc88893c1d6fe32a72b392016,train,train,0.82,0.67,What is the recommended first-line treatment for uncomplicated acute bacterial rhinosinusitis in adults in Africa?,What is the first-line medication for treating uncomplicated acute bacterial rhinosinusitis in adults in Africa?,Amoxicillin-clavulanate or doxycycline are the recommended first-line treatments for uncomplicated acute bacterial rhinosinusitis in adults in Africa.,"Amoxicillin-clavulanate or doxycycline is the first-line medication for treating uncomplicated acute bacterial rhinosinusitis in adults in Africa, with consideration for intranasal corticosteroids in "
e0e4bdaafc6d7a0c65e0a3490d0b4ef9cc80b59fd7cb94ef7fd67065167baa3f,536842c6ebec884b27f314921ec7874117044a048b497b122bafb674303f8f72,train,train,0.95,0.22,How does the presentation of HIV/AIDS differ in Africa compared to developed countries?,How does the presentation and management of HIV/AIDS differ in Africa compared to developed countries?,"In Africa, HIV/AIDS often presents at a more advanced stage due to limited access to testing and treatment, leading to higher rates of opportunistic infections and mortality.","In Africa, late presentation of HIV/AIDS is common, and management often faces challenges such as limited access to antiretroviral therapy, stigma, and comorbidities such as tuberculosis."
e0e4bdaafc6d7a0c65e0a3490d0b4ef9cc80b59fd7cb94ef7fd67065167baa3f,4ae3e6c94c9b86bcc8c4b76ef6232509ba77a0960b755feed5086b6f328fd710,train,train,0.85,0.67,How does the presentation of HIV/AIDS differ in Africa compared to developed countries?,How does the presentation of HIV/AIDS differ in African populations compared to populations in developed countries?,"In Africa, HIV/AIDS often presents at a more advanced stage due to limited access to testing and treatment, leading to higher rates of opportunistic infections and mortality.","In African populations, HIV/AIDS often presents at a later stage with more advanced disease due to limited access to testing, treatment, and prevention services."
e4ebc5d46ba679899e3d9e2968da492268352797ad79b2e3bf3ab91907c761b5,58afda5713b15285360c40c8dd01428abfb60d23373677a688bea150bdc61575,train,train,0.83,0.27,What are the common causes of maternal mortality in rural African communities?,What are the common causes of maternal mortality in Africa?,"Common causes of maternal mortality in rural African communities include lack of access to skilled birth attendants, inadequate prenatal care, and delays in seeking care.","Common causes of maternal mortality in Africa include hemorrhage, infection, hypertensive disorders, and obstructed labor."
18877e50fa2736a051c2e015052770a0c5aec628629ce7aac6d82c44843aa8b8,0d803c1a36fdab00b945a6e67578cc006bc32a92cbc5cb3110b4334dcba3119a,train,train,0.81,0.58,What are common traditional remedies for treating skin infections in Africa?,What are common traditional remedies for treating skin conditions in Africa?,"Plant-based remedies like aloe vera, neem, and baobab oil are commonly used for treating skin infections in African traditional medicine.","Shea butter, aloe vera, and coconut oil are commonly used traditional remedies for treating various skin conditions in Africa."
536842c6ebec884b27f314921ec7874117044a048b497b122bafb674303f8f72,4ae3e6c94c9b86bcc8c4b76ef6232509ba77a0960b755feed5086b6f328fd710,train,train,0.81,0.19,How does the presentation and management of HIV/AIDS differ in Africa compared to developed countries?,How does the presentation of HIV/AIDS differ in African populations compared to populations in developed countries?,"In Africa, late presentation of HIV/AIDS is common, and management often faces challenges such as limited access to antiretroviral therapy, stigma, and comorbidities such as tuberculosis.","In African populations, HIV/AIDS often presents at a later stage with more advanced disease due to limited access to testing, treatment, and prevention services."
4e6a5cd0f1f4a1924a1002ec35f32f1e0dde74ff0a7edd6ba701d720534ef2db,1309de71611a20f6323fdadf43b9619ecf43c50114c6dce91d8f824243a8711d,train,train,0.82,0.43,Describe the histopathological findings in African cases of endemic cutaneous anthrax affecting the skin.,Describe the histopathological findings in African cases of endemic cutaneous leprosy affecting the skin.,"African cases of endemic cutaneous anthrax affecting the skin typically exhibit necrosis, edema, and the presence of Gram-positive bacilli within affected tissues. Histopathological features may inclu",African cases of endemic cutaneous leprosy often exhibit granulomatous inflammation with the presence of acid-fast bacilli (Mycobacterium leprae) within macrophages or histiocytes. Histopathological f
00bdc6694e7c0e6493c593dafce4145cd81d232379e39da695f8f7c0701082ab,2765d05713f25983347d6e3481f46a1adeb7e1bfb136d286e7e1637a2b80066a,train,train,0.51,0.93,What is the recommended first-line treatment for uncomplicated filarial elephantiasis in Africa?,What is the recommended first-line treatment for uncomplicated lymphatic filariasis in Africa?,Diethylcarbamazine (DEC) is the recommended first-line treatment for uncomplicated filarial elephantiasis in Africa due to its effectiveness in killing microfilariae and reducing lymphatic inflammatio,Diethylcarbamazine (DEC) is the recommended first-line treatment for uncomplicated lymphatic filariasis in Africa due to its effectiveness in killing microfilariae and reducing the burden of filarial 
becfd6d450806c56df35aa5c48e8d8372ff54b4d9d51cb4511ffe2e284418855,cc1c40485095c14bb514e416197f3263e2083a3c9863ca22f43ea83c46ecd7b6,train,train,0.84,0.3,Which endemic infection in Africa is associated with the development of hemolytic anemia and acute liver failure?,Which endemic infection in Africa is associated with the development of hemolytic anemia and renal failure?,"Yellow fever, caused by Yellow fever virus transmitted through the bite of infected mosquitoes, is associated with the development of hemolytic anemia and acute liver failure in Africa.","Schistosomiasis, caused by Schistosoma parasites, is associated with the development of hemolytic anemia and renal failure in Africa, particularly in chronic cases where the parasites infect the kidne"
ab5ac94d2b0efff4d6091174211b1176b209013d2e00f1b5f7b3e5877f5bc474,0e5464013057fafa77f13dbcd0cd6f3182b90d0864b71a4ac2882cdb20ea7657,train,train,0.83,0.57,What is the primary mode of transmission of Ebola virus in African outbreaks?,What is the primary mode of transmission of Ebola virus disease in Africa?,"The primary mode of transmission of Ebola virus in African outbreaks is through direct contact with the blood, secretions, organs, or bodily fluids of infected individuals. Ebola outbreaks often occur","Ebola virus disease is primarily transmitted through direct contact with bodily fluids of infected individuals or through contact with contaminated surfaces or objects in healthcare settings, communit"
4d4d7504bd8d57d6b1deb1fe123cc527e2a79e97e3f29d0a0ae262ba57dd38f1,af0a6bafb91cd46403e4a3f46f7bc209f3b0f293913582de66b70a44418745b9,train,train,0.84,0.24,What is the primary cause of chronic kidney disease (CKD) in Africa?,What is the primary cause of chronic kidney disease in Africa?,"Hypertension is the primary cause of chronic kidney disease (CKD) in Africa, contributing to renal parenchymal damage, glomerular sclerosis, and progressive loss of kidney function. Factors such as un",Chronic kidney disease in Africa is primarily caused by hypertension and untreated or poorly managed diabetes mellitus.
4d4d7504bd8d57d6b1deb1fe123cc527e2a79e97e3f29d0a0ae262ba57dd38f1,861707f0af7acff911d07d962903194467f44bd0271b22c8bcdae0592d245c51,train,train,0.93,0.71,What is the primary cause of chronic kidney disease (CKD) in Africa?,What is the primary cause of chronic kidney disease (CKD) in adults in Africa?,"Hypertension is the primary cause of chronic kidney disease (CKD) in Africa, contributing to renal parenchymal damage, glomerular sclerosis, and progressive loss of kidney function. Factors such as un","Hypertension is the primary cause of chronic kidney disease (CKD) in adults in Africa, contributing to the high burden of end-stage renal disease (ESRD) in the region. Factors such as genetic predispo"
4b0181cf8ba6b58ba976170de264350d5c0285221a3a0342fdc72d801fd5d9e3,ef5197358781d8fef69c9efe4efba5d0aa181b9fb666add4f5241ebbf8d0d292,train,train,0.81,0.13,What are the leading causes of maternal mortality in Africa?,What is the leading cause of maternal mortality in Africa?,"Leading causes include complications during childbirth, hemorrhage, infections, and hypertensive disorders.","Postpartum hemorrhage is the leading cause of maternal mortality in Africa, highlighting the importance of timely access to obstetric care and skilled birth attendants."
4b0181cf8ba6b58ba976170de264350d5c0285221a3a0342fdc72d801fd5d9e3,58afda5713b15285360c40c8dd01428abfb60d23373677a688bea150bdc61575,train,train,0.83,0.5,What are the leading causes of maternal mortality in Africa?,What are the common causes of maternal mortality in Africa?,"Leading causes include complications during childbirth, hemorrhage, infections, and hypertensive disorders.","Common causes of maternal mortality in Africa include hemorrhage, infection, hypertensive disorders, and obstructed labor."
57b32ba11a419108bcbb9507d660a555a7232ae5bfeb50eb3afb369c6318c44f,28ed54901ab14f4892fe74fbb92099c610a36e5ccce588dd5298af9e9bba1cbf,train,train,0.68,0.94,What is the primary cause of chronic liver disease in adults with hepatitis B virus (HBV) infection in Africa?,What is the primary cause of chronic hepatitis in adults in Africa?,"Chronic hepatitis B virus (HBV) infection is the primary cause of chronic liver disease in adults in Africa, leading to progressive liver inflammation, fibrosis, and cirrhosis. Factors such as vertica","Hepatitis B virus (HBV) infection is the primary cause of chronic hepatitis in adults in Africa, leading to progressive liver inflammation, fibrosis, and cirrhosis. Factors such as vertical transmissi"
57b32ba11a419108bcbb9507d660a555a7232ae5bfeb50eb3afb369c6318c44f,ce4464d4ba9c9b6cb78fb0a03b2d9566f352835429bbd07dd35f3e8aa3a97e94,train,train,0.97,1.0,What is the primary cause of chronic liver disease in adults with hepatitis B virus (HBV) infection in Africa?,What is the primary cause of chronic liver disease in adults with chronic hepatitis B virus (HBV) infection in Africa?,"Chronic hepatitis B virus (HBV) infection is the primary cause of chronic liver disease in adults in Africa, leading to progressive liver inflammation, fibrosis, and cirrhosis. Factors such as vertica","Chronic hepatitis B virus (HBV) infection is the primary cause of chronic liver disease in adults in Africa, leading to progressive liver inflammation, fibrosis, and cirrhosis. Factors such as vertica"
176cbdbfa97530ec4c8ca747e5a1732172ce541f6e25cddd46b03a096da40b9d,493c772153a716385752ab867da01feeac18bd3c9d1991c9c70779ff4bc7a2a0,train,train,0.81,0.22,How does the management of skin infections differ in African populations compared to Western populations?,How does the management of blindness differ in African populations compared to Western populations?,"Management of skin infections in Africa may involve basic hygiene practices, topical medications, and traditional remedies due to limited access to healthcare services.","Management of blindness in Africa may focus on preventive measures, such as cataract surgery and trachoma control, due to limited access to eye care services."
7cd3540a9aeae9f07d5fd4f5608bb9e869f91e3addf677263c6fe8520eeba660,23719713a4e50cf6cec48ce16e892e990e5bf7b57b1d8b6cd3589ef31c6a104e,train,train,0.91,0.98,What is the recommended first-line treatment for uncomplicated acute exacerbation of asthma in children in Africa?,What is the recommended first-line treatment for uncomplicated acute exacerbation of asthma in adults in Africa?,"Inhaled short-acting beta agonists (SABAs) such as albuterol or salbutamol are the recommended first-line treatments for uncomplicated acute exacerbation of asthma in children in Africa, with consider","Inhaled short-acting beta agonists (SABAs) such as albuterol or salbutamol are the recommended first-line treatments for uncomplicated acute exacerbation of asthma in adults in Africa, with considerat"
fd9437f90dbd9be0f6a1b8b358fb39aee627f220f8615e1f2b39ce3e50904fe2,02ffc17c4aadba0dd17e75718e6760b377d3d520675cadc1cb89c60a2f8d1db6,train,train,0.84,0.46,What is the primary cause of end-stage renal disease (ESRD) in young adults in Africa?,What is the primary etiology of end-stage renal disease (ESRD) in African adults?,The primary cause of end-stage renal disease (ESRD) in young adults in Africa is Sickle cell disease. The reason sickle cell disease is the primary cause of ESRD in young adults in Africa is because i,The reason B) Diabetes mellitus is the primary etiology of end-stage renal disease (ESRD) in African adults is because diabetes mellitus is a significant risk factor for the development of chronic kid
2f701ce1cc38aa80f658e65a38de541939cd76e43e4fc712adcbe0c9b494a718,3ea5ea937ddcb1acfdab7f97f7b334fff06081e022ecdf93bbdbb90cb913398a,train,train,0.81,0.28,What is the primary cause of maternal mortality in adolescents in Africa?,What is the primary cause of maternal mortality in Africa?,"Complications of unsafe abortion, including hemorrhage, sepsis, and uterine perforation, are the primary cause of maternal mortality in adolescents in Africa. Factors such as limited access to safe ab",Postpartum hemorrhage is the primary cause of maternal mortality in Africa.
547f5ec8e4b7bebed1ec557f080faca2509f5d6746045089d9b9ba21b3fb2742,307d2f96a445b5033cf13d3c95dc4a53912c6b8c38322b46f2e384b57b84480a,train,train,0.71,0.93,What histopathological features characterize African cases of endemic leishmaniasis affecting the bone marrow?,Describe the histopathological findings in African cases of endemic visceral leishmaniasis affecting the bone marrow.,"African cases of endemic leishmaniasis affecting the bone marrow often show hypercellularity, histiocytic proliferation, and the presence of Leishmania amastigotes within histiocytes or macrophages. H","African cases of endemic visceral leishmaniasis affecting the bone marrow typically exhibit hypercellularity, histiocytic proliferation, and the presence of Leishmania amastigotes within histiocytes o"
547f5ec8e4b7bebed1ec557f080faca2509f5d6746045089d9b9ba21b3fb2742,3e54646074c3482bf11888d417a085b84155d6efb1047e6b0919faaaf64ed2d4,train,train,0.33,0.95,What histopathological features characterize African cases of endemic leishmaniasis affecting the bone marrow?,"African cases of endemic leishmaniasis affecting the bone marrow typically exhibit hypercellularity, histiocytic proliferation, and the presence of Leishmania amastigotes within histiocytes or macrophages. Histopathological examination may reveal erythroid hyperplasia, myeloid expansion, and varying degrees of granulomatous inflammation in affected areas.","African cases of endemic leishmaniasis affecting the bone marrow often show hypercellularity, histiocytic proliferation, and the presence of Leishmania amastigotes within histiocytes or macrophages. H","African cases of endemic leishmaniasis affecting the bone marrow typically exhibit hypercellularity, histiocytic proliferation, and the presence of Leishmania amastigotes within histiocytes or macroph"
cc67d57ccc6256ac726099cb825d61c02c53be8283ddcbdb890b7c3e5bec39a4,1cb1c81b196f79fa605d861b6f64d5313edcfaf645445e6e0f8d52e4341c156c,train,train,0.88,0.25,"How does the prevalence of malnutrition in Africa compare to other regions, and what are the contributing factors?","How does the prevalence of hypertension in Africa compare to other regions, and what are the contributing factors?","Malnutrition is more prevalent in Africa than in many other regions, partly due to food insecurity, poverty, limited access to healthcare, and recurrent droughts.","Hypertension is highly prevalent in Africa, with rates exceeding those in many other regions. Contributing factors include genetic predisposition, dietary habits (such as high salt intake), obesity, a"
cc67d57ccc6256ac726099cb825d61c02c53be8283ddcbdb890b7c3e5bec39a4,9a310a6b695c5df51c238fa9aa367f27bc6ba72060e59e28ca49b8dc23824e2a,train,train,0.89,0.14,"How does the prevalence of malnutrition in Africa compare to other regions, and what are the contributing factors?","How does the prevalence of schistosomiasis in Africa compare to other regions, and what are the contributing factors?","Malnutrition is more prevalent in Africa than in many other regions, partly due to food insecurity, poverty, limited access to healthcare, and recurrent droughts.","Schistosomiasis is highly prevalent in Africa, particularly in areas with poor sanitation and limited access to clean water. Factors such as water contact activities and lack of awareness contribute t"
cc67d57ccc6256ac726099cb825d61c02c53be8283ddcbdb890b7c3e5bec39a4,1be78659d9a2090856b561b8d4f0710f977f6717267a6f5fd725e73d8ce7e3f4,train,train,0.89,0.28,"How does the prevalence of malnutrition in Africa compare to other regions, and what are the contributing factors?","How does the prevalence of diabetes in Africa compare to other regions, and what are the contributing factors?","Malnutrition is more prevalent in Africa than in many other regions, partly due to food insecurity, poverty, limited access to healthcare, and recurrent droughts.","Diabetes is becoming more prevalent in Africa, partly due to urbanization, changes in lifestyle (such as diet and physical activity), and genetic predisposition."
37f769c91157a478c23ab6595d93077b2a92295eeabe2e863f6a7a930706690c,88efbc7d3a92240fcd29bda2a76e70b6f7e7aa2ec7a6c3bb931c5b34c8b88a83,train,train,0.82,0.32,What are the common causes of skin infections in African populations?,What are the common causes of skin infections in refugee populations in Africa?,"Common causes of skin infections in African populations include bacterial infections (such as impetigo and cellulitis), fungal infections (such as tinea), and parasitic infections (such as scabies).","Common causes of skin infections in refugee populations in Africa include overcrowding, poor sanitation, and limited access to clean water."
b722cfa38b2ff425d052f2583a09558534ccde71f6224ce1b8f774c6e190ef3e,85e41289b19ea99f555090e8c9c7cda75dd72ee6906d72fbda5a321e365fd4ba,train,train,0.82,0.64,What is the first-line medication for treating uncomplicated acute otitis media in children in Africa?,What is the recommended first-line treatment for uncomplicated acute otitis media in children in Africa?,Amoxicillin or amoxicillin-clavulanate is the first-line medication for treating uncomplicated acute otitis media in children in Africa due to their efficacy against common pathogens.,"Amoxicillin is the recommended first-line treatment for uncomplicated acute otitis media in children in Africa, with amoxicillin-clavulanate reserved for cases of treatment failure or recurrent infect"
a997b0f1c95e699a7ba3f817673d5a05be04dd64d60dd19bdc78fc7c774b32e3,c4a67003933fb516413e7467b9ee81561a5b8c93c3be092b1429b02572ab974e,train,train,0.87,0.4,What are the primary causes of malnutrition in African children?,What are the common causes of malnutrition in African children?,"Primary causes include inadequate dietary intake, poor access to nutritious food, infectious diseases, and socio-economic factors such as poverty and food insecurity.","Common causes of malnutrition in African children include inadequate dietary intake, infections, and poor access to healthcare."
6707a35b139b976f970b954ea01b16a06310147e5ed50a871abcaf6094e6a823,081af2b8179cb704e5b5b2a0b9d824df498d1dbda894359a367f867736feb2a1,train,train,0.81,0.23,What is the most common cause of anemia in African children under five?,What is the most common cause of anemia in children under five years of age in Africa?,Malaria is the most common cause of anemia in African children under five due to the destruction of red blood cells by the malaria parasite.,"Iron deficiency anemia is prevalent among children under five in Africa due to factors such as poor nutrition, limited access to iron-rich foods, and high rates of infectious diseases like malaria and"
3ea5ea937ddcb1acfdab7f97f7b334fff06081e022ecdf93bbdbb90cb913398a,ef5197358781d8fef69c9efe4efba5d0aa181b9fb666add4f5241ebbf8d0d292,train,train,0.82,0.54,What is the primary cause of maternal mortality in Africa?,What is the leading cause of maternal mortality in Africa?,Postpartum hemorrhage is the primary cause of maternal mortality in Africa.,"Postpartum hemorrhage is the leading cause of maternal mortality in Africa, highlighting the importance of timely access to obstetric care and skilled birth attendants."
d882b9b63c1d11556ddbc13737d76659e37b67f8c117f9e7842172c7ef4445f0,06633a88cb7a1e2c49b6d381241b80382c5e42f4c96b8e80f33df833a7981140,train,train,0.82,0.2,What is the recommended first-line treatment for severe anemia due to HIV/AIDS in Africa?,What is the recommended first-line treatment for severe anemia due to schistosomiasis in Africa?,"Antiretroviral therapy (ART) to suppress HIV viral replication is the recommended first-line treatment for severe anemia due to HIV/AIDS in Africa. Additionally, treatment of opportunistic infections ",Praziquantel is the recommended first-line treatment for schistosomiasis-related severe anemia in Africa. This anthelminthic medication is effective against all Schistosoma species and helps to reduce
5064044329f8babbde0cc1e280f8f813e524080c6b3755b2541a95198a662906,8e1dd26dc8eafd2fe8af86aa9348a71346f1fdc938605ae826e2795e82fdc44d,train,train,0.88,0.47,What is the first-line treatment for uncomplicated trichuriasis in Africa?,What is the recommended first-line treatment for uncomplicated trichuriasis in children in Africa?,"Albendazole is the first-line treatment for uncomplicated trichuriasis in Africa due to its effectiveness in killing Trichuris trichiura, the causative helminth. Mass drug administration (MDA) with al","Mebendazole is the recommended first-line treatment for uncomplicated trichuriasis in children in Africa due to its safety and effectiveness in killing Trichuris trichiura, the causative helminth. Tre"
a285d0f76dde77a8ae000f89232216f5b6c3737b53be06778f3177002bc4ec5b,d2cc6c5dcfb5f4a6bf687d783f9db1d73a6192c1bab686ae77d0d01652dce0f0,train,train,0.91,0.16,What are the unique challenges in managing diabetes in African populations?,What are the unique challenges in managing diabetes in Africa?,"Challenges in managing diabetes in Africa include limited access to insulin, glucose monitoring devices, and healthcare services, as well as cultural beliefs and dietary practices.","Challenges include limited access to healthcare, high costs of medication, poor adherence to treatment, and a high prevalence of undiagnosed cases."
a285d0f76dde77a8ae000f89232216f5b6c3737b53be06778f3177002bc4ec5b,717520dfb2197f3763eb01ae2f977787e72625e85c695266ad2d94a5a9349bae,train,train,0.82,0.4,What are the unique challenges in managing diabetes in African populations?,What are some unique challenges in managing diabetes in Africa?,"Challenges in managing diabetes in Africa include limited access to insulin, glucose monitoring devices, and healthcare services, as well as cultural beliefs and dietary practices.","Managing diabetes in Africa faces challenges such as limited access to healthcare, affordability of medication, and cultural beliefs impacting treatment adherence."
28ed54901ab14f4892fe74fbb92099c610a36e5ccce588dd5298af9e9bba1cbf,ce4464d4ba9c9b6cb78fb0a03b2d9566f352835429bbd07dd35f3e8aa3a97e94,train,train,0.71,0.94,What is the primary cause of chronic hepatitis in adults in Africa?,What is the primary cause of chronic liver disease in adults with chronic hepatitis B virus (HBV) infection in Africa?,"Hepatitis B virus (HBV) infection is the primary cause of chronic hepatitis in adults in Africa, leading to progressive liver inflammation, fibrosis, and cirrhosis. Factors such as vertical transmissi","Chronic hepatitis B virus (HBV) infection is the primary cause of chronic liver disease in adults in Africa, leading to progressive liver inflammation, fibrosis, and cirrhosis. Factors such as vertica"
8023dbdc750ac068bf27adcf7b62b409611b43d81fc914c83cf87332b4795d94,58c5c213216fecbcb7baf2d6b98fd213329f52c470f26579f231508a57988b7a,train,train,0.67,1.0,Which infectious disease is a leading cause of blindness in Africa,Which parasitic infection is a leading cause of blindness in Africa?,"Onchocerciasis, or river blindness, is a leading cause of blindness in Africa.","Onchocerciasis, or river blindness, is a leading cause of blindness in Africa."
c98a810f88f0784b48cbc6e12917020f5a91dbec71633cf9e6c5f03b161a2922,75afe24b7cab4db582f921f25ad3287ffa911a01ee6d3bba413ca3d3531464a2,train,train,0.82,0.11,What is the first-line treatment for uncomplicated malaria in Nigeria?,What is the recommended first-line treatment for uncomplicated malaria in Africa?,"Pyrethroids, such as Deltamethrin or Alpha-cypermethrin. Pyrethroids are recommended for indoor residual spraying in Nigeria because they are effective against Anopheles mosquitoes, the primary vector",Artemisinin-based combination therapies (ACTs) are the recommended first-line treatment for uncomplicated malaria in Africa due to their high efficacy and ability to rapidly clear the parasite.
7524f3c41967889f1bf86d86b2f3859371d49ffb5d728ccd3262655e1e294033,bfc304acbb1868ece17b7f9eecf1f17339bfa2fd6c6e3c1a8a7530853fca8a02,train,train,0.82,0.95,What is the first-line treatment for uncomplicated leishmaniasis in Africa?,What is the recommended first-line treatment for uncomplicated cutaneous leishmaniasis in Africa?,Sodium stibogluconate is the first-line treatment for uncomplicated leishmaniasis in Africa due to its effectiveness in killing Leishmania parasites and promoting lesion healing. This pentavalent anti,Sodium stibogluconate is the recommended first-line treatment for uncomplicated cutaneous leishmaniasis in Africa due to its effectiveness in killing Leishmania parasites and promoting lesion healing.
4121778bde2bfde70913cf00c328121a1a231bddd2382393618049b1d183de50,7c133fb8cd924149ea9ed660e48a87c5be06899e02be9b0665167ff4e8d7a5b9,train,train,0.87,0.73,What is the primary cause of visual impairment in children in Africa?,What is the primary cause of visual impairment in adults in Africa?,The primary cause of visual impairment in children in Africa is Uncorrected refractive errors. The reason uncorrected refractive errors are the primary cause of visual impairment in children in Africa,"Uncorrected refractive errors, such as myopia, hyperopia, and astigmatism, are the primary cause of visual impairment in adults in Africa. Limited access to vision screening and corrective lenses cont"
005adc63b5bb8d827c3013120d140eb83e469a2889aceb387711464312b5ac04,e21e5dc86922015d042994b5bf752ea76880b8985d56deb0e78e01c422f39b83,train,train,0.82,0.21,What are the key differences in the etiology of malnutrition in African children compared to those in developed countries?,What are the key differences in the presentation of malaria in African children compared to those in developed countries?,"In Africa, malnutrition is often due to factors such as food insecurity, limited access to clean water, and poor sanitation, whereas in developed countries, it may be more related to dietary choices a","African children with malaria may present with more severe symptoms due to factors such as higher transmission rates, lack of immunity, and limited access to healthcare."
307d2f96a445b5033cf13d3c95dc4a53912c6b8c38322b46f2e384b57b84480a,3e54646074c3482bf11888d417a085b84155d6efb1047e6b0919faaaf64ed2d4,train,train,0.32,0.98,Describe the histopathological findings in African cases of endemic visceral leishmaniasis affecting the bone marrow.,"African cases of endemic leishmaniasis affecting the bone marrow typically exhibit hypercellularity, histiocytic proliferation, and the presence of Leishmania amastigotes within histiocytes or macrophages. Histopathological examination may reveal erythroid hyperplasia, myeloid expansion, and varying degrees of granulomatous inflammation in affected areas.","African cases of endemic visceral leishmaniasis affecting the bone marrow typically exhibit hypercellularity, histiocytic proliferation, and the presence of Leishmania amastigotes within histiocytes o","African cases of endemic leishmaniasis affecting the bone marrow typically exhibit hypercellularity, histiocytic proliferation, and the presence of Leishmania amastigotes within histiocytes or macroph"
5b7bb174f9f26f24290cc1a0d16edbd86a776aa52785ba402a0f7090e5fb3ae6,11d41e1001d4af8bdb7d0104132658326ec4c41db8c7fba7673ae88d0a50340b,train,train,0.83,0.46,How does the presentation of schistosomiasis differ in Africa compared to developed countries?,How does the presentation of schistosomiasis differ between Africa and developed countries?,"In Africa, schistosomiasis often presents with severe complications such as liver and kidney damage due to factors such as poor sanitation and limited access to healthcare, leading to higher morbidity","In Africa, schistosomiasis may present with more severe symptoms due to higher rates of infection and limited access to healthcare."
ae8aadf8dd585e18d00248c9e354eb8b8303c0c117a0dc661064fb7ec602d8ca,15620455f6ef3f2dba302016f952edc90ec2d0e3cbacd521834314a5bf40548b,train,train,0.81,0.57,What is the recommended first-line treatment for uncomplicated trichomoniasis in pregnant women in Africa?,What is the first-line treatment for uncomplicated trichomoniasis in Africa?,"Metronidazole is the recommended first-line treatment for uncomplicated trichomoniasis in pregnant women in Africa due to its effectiveness in killing Trichomonas vaginalis, the causative protozoan. T",Metronidazole is the first-line treatment for uncomplicated trichomoniasis in Africa due to its effectiveness in killing Trichomonas vaginalis parasites and reducing the duration and severity of sympt
0fbc78aff8a79aecfaa89b101311687099fd563e8d7931aecca4e546aa17ac78,d179a857401c20fd8d827ec286461e1e37a5098e92387c543b149d78d26317b7,train,train,0.87,0.71,How does the prevalence of parasitic infections such as schistosomiasis differ between urban and rural areas in Africa?,How does the prevalence of parasitic infections differ between urban and rural areas in Africa?,Parasitic infections like schistosomiasis are more prevalent in rural areas of Africa due to limited access to clean water and sanitation facilities.,"Parasitic infections such as malaria, schistosomiasis, and soil-transmitted helminthiasis are more prevalent in rural areas of Africa due to factors such as poor sanitation and limited access to clean"
224938d3d2c9a314bb02dbfe4cc492882d60acdad67da0c85a748c01f5bb3c1e,468a5346c7ab93a43255c8848340e98a1c19186333e2ccf50389df269d057c22,train,train,0.94,0.42,How does access to mental healthcare differ between urban and rural areas in Africa?,How does access to healthcare differ between urban and rural areas in Africa?,"Access to mental healthcare services is often more limited in rural areas compared to urban centers in Africa, where there may be a shortage of mental health professionals and facilities.","Urban areas generally have better access to healthcare facilities, services, and skilled healthcare providers compared to rural areas in Africa."
09a27ece38f04c8a37ce5ace49f2c6f3ad78e6df061f150e1411d7efba442bdd,7be4ee68c0e04f69464bfb051c166d9749cdff13188102b2cd1606b8edfdab36,train,train,0.81,0.24,What is the most common etiology of chronic kidney disease in Africa?,What is the most common etiology of chronic liver disease in Africa?,"Chronic kidney disease in Africa is most commonly caused by hypertension, diabetes mellitus, and chronic glomerulonephritis.","Chronic viral hepatitis, particularly hepatitis B virus (HBV) and hepatitis C virus (HCV) infections, is the most common etiology of chronic liver disease in Africa."
351211cb247cb20b3f3390563cc9332229827d39f75b1c9543ea28e0a28e8777,0d0cc177eba4d83f3bc09a7266ce5dc42b3f664a8b5218d70c49f78c5aecee6b,train,train,0.92,0.67,How do traditional healers contribute to healthcare in Africa?,How do traditional healers contribute to healthcare in African communities?,"Traditional healers play a significant role in providing healthcare services, especially in rural areas where access to modern medicine is limited.","Traditional healers play a significant role in providing healthcare services, particularly in rural areas where access to modern medicine is limited. They often combine herbal remedies with spiritual "
cad54e9dbbe4ae74a7292868207deada42d88e74e88bb48a83806cbca42a6660,9413aa6f20e5f32a7e05dba608baa895ab2e928d9999cf7272b62f8bb8a8987b,train,train,0.84,0.8,What is the leading cause of maternal mortality in Nigeria?,What is the second leading cause of maternal mortality in Nigeria?,"Postpartum hemorrhage is the leading cause of maternal mortality in Nigeria, accounting for approximately 25% of all maternal deaths. The condition is caused by excessive bleeding after childbirth, wh","Sepsis is the second leading cause of maternal mortality in Nigeria, accounting for approximately 15% of all maternal deaths. The condition is caused by an infection that can lead to shock, organ fail"
cad54e9dbbe4ae74a7292868207deada42d88e74e88bb48a83806cbca42a6660,ef5197358781d8fef69c9efe4efba5d0aa181b9fb666add4f5241ebbf8d0d292,train,train,0.89,0.45,What is the leading cause of maternal mortality in Nigeria?,What is the leading cause of maternal mortality in Africa?,"Postpartum hemorrhage is the leading cause of maternal mortality in Nigeria, accounting for approximately 25% of all maternal deaths. The condition is caused by excessive bleeding after childbirth, wh","Postpartum hemorrhage is the leading cause of maternal mortality in Africa, highlighting the importance of timely access to obstetric care and skilled birth attendants."
5ba0bc699e406b9dbe15908c5cb8f277f0e7df884c3e0dcce15b11885bac377f,6f455dfece0768a8659201c6796b802115a82a495999ce7b1e1dc16cda19d262,train,train,0.86,0.24,Describe the histopathological changes observed in African cases of endemic onchocerciasis affecting the skin and subcutaneous tissues.,Describe the histopathological changes observed in African cases of endemic chromoblastomycosis affecting the skin and subcutaneous tissues.,"Endemic onchocerciasis in Africa often presents with dermal fibrosis, chronic inflammation, and the presence of microfilariae within nodules or inflammatory infiltrates. Histopathological features may","African cases of endemic chromoblastomycosis affecting the skin and subcutaneous tissues often exhibit pseudoepitheliomatous hyperplasia, granulomatous inflammation, and the presence of sclerotic bodi"
5ba0bc699e406b9dbe15908c5cb8f277f0e7df884c3e0dcce15b11885bac377f,2412435374f60f1d848b2925372f3706274637d89083d36c4fa6353a6d734405,train,train,0.86,0.53,Describe the histopathological changes observed in African cases of endemic onchocerciasis affecting the skin and subcutaneous tissues.,Describe the histopathological changes observed in African cases of endemic onchocerciasis affecting the skin.,"Endemic onchocerciasis in Africa often presents with dermal fibrosis, chronic inflammation, and the presence of microfilariae within nodules or inflammatory infiltrates. Histopathological features may","African cases of endemic onchocerciasis affecting the skin typically exhibit dermal fibrosis, inflammatory infiltrates, and the presence of Onchocerca volvulus microfilariae within nodules or subcutan"
58c5c213216fecbcb7baf2d6b98fd213329f52c470f26579f231508a57988b7a,3c386b079d26a542a48d0d545148fb6865e23293dc5f0ea44d9beb8df3c6e01f,train,train,0.81,0.23,Which parasitic infection is a leading cause of blindness in Africa?,Which parasitic infection is a leading cause of anemia in Africa?,"Onchocerciasis, or river blindness, is a leading cause of blindness in Africa.",Hookworm infection is a leading cause of anemia in Africa.
7e148682b26d77ecaf403b26dc7edfb837e350e92e581d60fac7b69aa32b9fc3,89ed9f23ffa97018fdb8378ac4b7a48a809a73dba345d0c2fe01c47f03221f50,train,train,0.83,0.46,What cultural practices contribute to the transmission of infectious diseases in African communities?,What cultural practices contribute to the spread of infectious diseases in African communities?,"Cultural practices such as communal living arrangements, traditional healings ceremonies involving bodily fluids, and certain burial rites can contribute to the transmission of infectious diseases lik","Practices such as communal living, traditional burial rites, and certain dietary habits may contribute to the spread of infectious diseases if not conducted safely."
65e71a5289d3da0bc66ed061d1667e6097364eb5e8d6f652e53151d5e50ef566,d39b2be32eddbfc8aa3fcf79811dc444e9aa9c93c9f46520ac0bcd8e1e201272,train,train,0.81,0.22,What are the unique challenges in managing tuberculosis in Africa compared to developed countries?,What are the unique challenges in managing tuberculosis (TB) treatment adherence in Africa compared to developed countries?,"Managing tuberculosis in Africa is complicated by factors such as limited healthcare infrastructure, high prevalence of HIV co-infection, and drug resistance issues.","Factors such as poverty, lack of access to healthcare facilities, and social stigma contribute to poor adherence to TB treatment regimens, leading to drug resistance."
65e71a5289d3da0bc66ed061d1667e6097364eb5e8d6f652e53151d5e50ef566,7b09507045f5e7475ee4acb1cbbbb88e7eb5a3affd76328649ddf5e6a807fed1,train,train,0.81,0.23,What are the unique challenges in managing tuberculosis in Africa compared to developed countries?,What are the unique challenges in managing tuberculosis in Africa?,"Managing tuberculosis in Africa is complicated by factors such as limited healthcare infrastructure, high prevalence of HIV co-infection, and drug resistance issues.","Challenges include limited access to healthcare, poor adherence to treatment, and high rates of drug resistance, leading to higher rates of treatment failure and transmission."
cb2c590017ebd10caf0b037324433048a8fad2b0ab3314a3be7fd69c637537b3,2e29b82709b3705c3fa5927790afede708fc67493108156832eccddd1165b53b,train,train,0.82,0.46,What is the primary cause of chronic liver disease in adults with sickle cell disease in Africa?,What is the primary cause of chronic liver disease in adults in Africa?,"Hepatitis B virus (HBV) infection is the primary cause of chronic liver disease in adults with sickle cell disease in Africa, leading to progressive liver inflammation, fibrosis, and cirrhosis. Coinfe","Hepatitis C virus (HCV) infection is the primary cause of chronic liver disease in adults in Africa, leading to progressive liver inflammation, fibrosis, and cirrhosis. Factors such as unsafe medical "
afc6ee57bac8f076b4056c42b3edd8058b28a69c227c1bb95a9496a2f7bbee87,2f9f9cfcb7af8c00d27c0408b74e9f23332fbdae7ca3b7d43cdebf9a08ba79ed,train,train,0.94,0.84,"Clinical Scenario: A 50-year-old female presents with fatigue, shortness of breath, and palpitations for the past few weeks. She reports recent travel to Nigeria, where she visited family in a rural area. On examination, there is pallor of the conjunctiva and nail beds. Laboratory tests reveal low hemoglobin levels and microcytic hypochromic red blood cells. Question: What is the most likely diagnosis, and what is the recommended next step in management for this patient?","A 50-year-old female presents with fatigue, shortness of breath, and palpitations for the past few weeks. She reports recent travel to Nigeria, where she visited family in a rural area. On examination, there are signs of pallor, including pale conjunctiva and nail beds. Laboratory tests reveal low hemoglobin levels and microcytic hypochromic red blood cells.What is the most likely diagnosis, and what is the recommended next step in management for this patient?","Answer: The most likely diagnosis is iron deficiency anemia, likely exacerbated by factors such as poor nutrition, parasitic infections, or blood loss during travel to Nigeria. The recommended next st","Answer: The most likely diagnosis is iron deficiency anemia, likely exacerbated by factors such as poor nutrition, parasitic infections, or blood loss during travel to Nigeria. The recommended next st"
16198df0c248b7ffdbd1d6956a487df51d1768fabe364bb9daf9ab275ded42d8,c4f7589f79c400116aa7a03e5e1c4346f9fbe042134fe11d6960388aedf58c82,train,train,0.85,0.21,What are the most effective strategies for preventing mother-to-child transmission of HIV in African settings with limited resources?,Discuss the challenges and strategies for preventing mother-to-child transmission of HIV in African settings with limited resources.,"Strategies include prenatal HIV testing, provision of antiretroviral medications during pregnancy and childbirth, and promoting exclusive breastfeeding.","Preventing mother-to-child transmission (PMTCT) of HIV in African settings with limited resources faces several challenges, including inadequate healthcare infrastructure, limited access to antenatal "
3ab5a72079d58ad81cd53541a31134060cdb357719ac6d2dd67b437d1ff402c7,55f3d8b9c49bb264c18ed7d2034ed2c6e35bad88a27c50bbe346ad509720172b,train,train,0.85,0.24,What is the prevalence of neglected tropical diseases (NTDs) in Africa?,What is the prevalence of neglected tropical diseases (NTDs) in specific African countries?,"Many neglected tropical diseases such as schistosomiasis, lymphatic filariasis, and soil-transmitted helminths are endemic in parts of Africa.","The prevalence of neglected tropical diseases varies by country, with some countries in Africa, such as Nigeria and the Democratic Republic of Congo, bearing a higher burden of NTDs than others."
3ab5a72079d58ad81cd53541a31134060cdb357719ac6d2dd67b437d1ff402c7,2ca42aed1bfe38047458d633ff5dbf2d742763aa91372d34a46e498f73442985,train,train,0.81,0.01,What is the prevalence of neglected tropical diseases (NTDs) in Africa?,How can communities address the prevalence of neglected tropical diseases (NTDs) in Africa?,"Many neglected tropical diseases such as schistosomiasis, lymphatic filariasis, and soil-transmitted helminths are endemic in parts of Africa.","Strategies may include mass drug administration programs, vector control measures, and health education campaigns to raise awareness about prevention and treatment."
352784529e2048565c40aff0df476d378a2241d131000a9bf5cd68bfa29a878a,110a6fb164b196606171ea4fd9643d570a8058f9593022c6842ece82dbb13bff,train,train,0.85,0.67,What are the primary causes of anemia in African populations?,What are the common causes of anemia in African populations?,"The primary causes of anemia in Africa include nutritional deficiencies (such as iron, folate, and vitamin B12), infectious diseases (such as malaria, HIV/AIDS, and schistosomiasis), and genetic disor","Common causes include nutritional deficiencies (iron, folate, vitamin B12), parasitic infections (such as malaria and hookworm), and genetic conditions (like sickle cell disease)."
cb3584d2257a39bb99af0033d9ce216e2aaedd190cbe21caea20a221f0c6694d,493c772153a716385752ab867da01feeac18bd3c9d1991c9c70779ff4bc7a2a0,train,train,0.81,0.19,How does the management of drowning differ in African populations compared to Western populations?,How does the management of blindness differ in African populations compared to Western populations?,"Management of drowning in Africa may involve basic life support measures and prevention strategies, but access to advanced life support and aquatic rescue services may be limited.","Management of blindness in Africa may focus on preventive measures, such as cataract surgery and trachoma control, due to limited access to eye care services."
f589c587ae24b79fb6a0cbe2f76262edf677443363a0254457beee43ddd68cf0,75afe24b7cab4db582f921f25ad3287ffa911a01ee6d3bba413ca3d3531464a2,train,train,0.87,0.0,What is the recommended treatment for uncomplicated malaria in Africa?,What is the recommended first-line treatment for uncomplicated malaria in Africa?,Subranoid,Artemisinin-based combination therapies (ACTs) are the recommended first-line treatment for uncomplicated malaria in Africa due to their high efficacy and ability to rapidly clear the parasite.
bd2d3642e1d0c54f1d735e42343845c307bfaab3df0765ab32c07bba04f53c93,3c386b079d26a542a48d0d545148fb6865e23293dc5f0ea44d9beb8df3c6e01f,train,train,0.8,0.37,Which parasitic infection is a leading cause of liver disease in Africa?,Which parasitic infection is a leading cause of anemia in Africa?,Schistosomiasis is a leading cause of liver disease in Africa.,Hookworm infection is a leading cause of anemia in Africa.
10507754f9439f5c57a0529831d4442ee14535be6dc55ad9ec8f0a98f8a9936e,72e3aad5ac78e060c1f194e72e23c069bcc2f0026eaee4c9f45e8fb9c6202ee2,train,train,0.83,0.68,What is the first-line treatment for uncomplicated urinary schistosomiasis in Africa,What is the recommended first-line treatment for uncomplicated urinary schistosomiasis in pregnant women in Africa?,Praziquantel is the first-line treatment for uncomplicated urinary schistosomiasis in Africa due to its effectiveness in killing adult Schistosoma haematobium worms and reducing egg burden in the urin,Praziquantel is the recommended first-line treatment for uncomplicated urinary schistosomiasis in pregnant women in Africa due to its effectiveness in killing adult Schistosoma haematobium worms and r
0928e6681ed3633213a43f882dbb7f8cb40ef4f59c5a70bb3624ec92c099a68c,016afffb63d8dd67ab34bcab0c0b9a1a2530982935ccc552fb4a3a698851a9db,train,train,0.81,0.31,What is the recommended first-line treatment for uncomplicated brucellosis in pregnant women in Africa?,What is the first-line treatment for uncomplicated brucellosis in Africa?,Trimethoprim-sulfamethoxazole (TMP-SMX) is the recommended first-line treatment for uncomplicated brucellosis in pregnant women in Africa due to its effectiveness against Brucella species and safety d,Doxycycline plus rifampicin is the first-line treatment for uncomplicated brucellosis in Africa due to their effectiveness in killing Brucella species and preventing relapses. Combination therapy is n
0928e6681ed3633213a43f882dbb7f8cb40ef4f59c5a70bb3624ec92c099a68c,7810bd9ee06fc5c8dde1a70d908e82bd014ff66b2c29420b911d90fc21c62ae6,train,train,0.82,0.91,What is the recommended first-line treatment for uncomplicated brucellosis in pregnant women in Africa?,What is the recommended first-line treatment for uncomplicated brucellosis in children in Africa?,Trimethoprim-sulfamethoxazole (TMP-SMX) is the recommended first-line treatment for uncomplicated brucellosis in pregnant women in Africa due to its effectiveness against Brucella species and safety d,Trimethoprim-sulfamethoxazole (TMP-SMX) is the recommended first-line treatment for uncomplicated brucellosis in children in Africa due to its effectiveness against Brucella species and safety during 
b6f58c439591bfef8fd68472630d8cf51dca6b9467e5033d9ce766bd7a25a660,fefa20985387084e3baacba89b9e58437b4def36b4126cda89b9cc77a7369f3f,train,train,0.82,0.07,How does the presentation of diabetes in African populations differ from other regions?,How does the presentation of HIV/AIDS in African populations differ from other regions?,"Diabetes in Africa often presents with more severe complications at an earlier age, possibly due to genetic factors, late diagnosis, and limited access to healthcare.","The primary causes of maternal mortality in Africa include hemorrhage, sepsis, hypertensive disorders of pregnancy, and complications from unsafe abortions."
fe463d6a4b3d068f5981c7fc81ef231c68b3f00161cca46c3a6b2bbbc8a6d009,1f1cd5382ef328b1b27d72e02fd0b33dde2609e85c871f1183a2e0f27ec91803,train,train,0.83,0.66,What is the primary cause of death from non-communicable diseases in Africa?,What is the primary cause of death in Africa due to non-communicable diseases?,"Cardiovascular diseases, such as heart disease and stroke, are the primary cause of death from non-communicable diseases in Africa.","Cardiovascular diseases, such as heart disease and stroke, are the primary cause of death in Africa due to non-communicable diseases (NCDs). Risk factors for cardiovascular diseases, including hyperte"
016afffb63d8dd67ab34bcab0c0b9a1a2530982935ccc552fb4a3a698851a9db,7810bd9ee06fc5c8dde1a70d908e82bd014ff66b2c29420b911d90fc21c62ae6,train,train,0.88,0.31,What is the first-line treatment for uncomplicated brucellosis in Africa?,What is the recommended first-line treatment for uncomplicated brucellosis in children in Africa?,Doxycycline plus rifampicin is the first-line treatment for uncomplicated brucellosis in Africa due to their effectiveness in killing Brucella species and preventing relapses. Combination therapy is n,Trimethoprim-sulfamethoxazole (TMP-SMX) is the recommended first-line treatment for uncomplicated brucellosis in children in Africa due to its effectiveness against Brucella species and safety during 
b6cb01b8dea22cc495f54cbd9cb72caf1f210a62e4e4b0a74f15fe837f9bda2f,2ad4bed9e4e52d0984e38811363cda4478101158c820c97f492a56093ce13839,train,train,0.84,1.0,[Speaker 2]: What is the first-line treatment for uncomplicated cryptosporidiosis in Africa?,What is the first-line treatment for uncomplicated cryptosporidiosis in Africa?,Nitazoxanide is the first-line treatment for uncomplicated cryptosporidiosis in Africa due to its effectiveness in killing Cryptosporidium parasites and reducing the duration and severity of symptoms.,Nitazoxanide is the first-line treatment for uncomplicated cryptosporidiosis in Africa due to its effectiveness in killing Cryptosporidium parasites and reducing the duration and severity of symptoms.
2d30b1ba16c58c2fd63d70aa3f44a795b73ed89acf68f7ffda910d9a4f93b9ee,735e51b417646270168429414f3b56d913783391b7ec3a08a130cbdc46f1bc21,train,train,0.02,1.0,How do African communities traditionally address urinary tract infections (UTIs)?,What indigenous African remedies are used for managing allergies and hay fever?,"Africans may use herbs like stinging nettle, butterbur, and rooibos tea to help manage allergies and hay fever symptoms, as well as consuming locally produced honey, which is believed to contain polle","Africans may use herbs like stinging nettle, butterbur, and rooibos tea to help manage allergies and hay fever symptoms, as well as consuming locally produced honey, which is believed to contain polle"
d7b821e6aa6540c2ac845ecd343ce0468f6be946c30bf5640f576bd7e3d7b4b1,e45667a108d7c022f5040c49f1aedf437136587d5e91b49bf64b1a641e28bfb8,train,train,0.84,0.47,What are the common causes of mental health disorders in African populations?,What are the common causes of mental health disorders in refugee populations in Africa?,"Common causes of mental health disorders in African populations include poverty, conflict, trauma, and cultural beliefs about mental illness.","Common causes of mental health disorders in refugee populations in Africa include trauma, displacement, and lack of access to basic needs and healthcare."
7c2508f4f2eb5789a511d188f9e7ca15b77c25cd6b8bd756f7829a41b3395672,85138209a2dfd626f129dcbc56f3ad84f9e12b8fa570690702b633cdac4dfa77,train,train,0.82,0.26,What is the primary method used for diagnosing hemolytic anemia associated with malaria in Africa?,What is the primary method used for diagnosing hemolytic anemia associated with thalassemia in Africa?,Microscopic examination of peripheral blood smears for the presence of malaria parasites is the primary method used for diagnosing hemolytic anemia associated with malaria in Africa.,Hemoglobin electrophoresis or high-performance liquid chromatography (HPLC) is the primary method used for diagnosing hemolytic anemia associated with thalassemia in Africa. This test identifies the a
96d5acbbd1daf33e3646d12ab90a8371b4fd9d7579d4233ce8be71be2ca0a5ef,648cb7e69b63d1be2500b60ae6fcf4ceb6467606eb7d93a5006c567d99e2d116,train,train,0.93,1.0,What are the socioeconomic factors contributing to the high prevalence of non-communicable diseases like diabetes and hypertension in urban African populations?,What are the socioeconomic factors contributing to the high prevalence of non-communicable diseases like diabetes and hypertension in urban African populations compared to developed countries?,"Urbanization, changes in lifestyle behaviors, limited access to healthy foods, and disparities in healthcare access contribute to the high prevalence of non-communicable diseases in urban African popu","Urbanization, changes in lifestyle behaviors, limited access to healthy foods, and disparities in healthcare access contribute to the high prevalence of non-communicable diseases in urban African popu"
ab50dbb7d679da7cde76e32f81ba76f33bb7506db97879f724300725735b1421,d2cc6c5dcfb5f4a6bf687d783f9db1d73a6192c1bab686ae77d0d01652dce0f0,train,train,0.75,1.0,What are the unique challenges in managing hypertension in Africa?,What are the unique challenges in managing diabetes in Africa?,"Challenges include limited access to healthcare, high costs of medication, poor adherence to treatment, and a high prevalence of undiagnosed cases.","Challenges include limited access to healthcare, high costs of medication, poor adherence to treatment, and a high prevalence of undiagnosed cases."
874a68040654a5814860a526224200559a71b00d32c40627d4422ef416fbbf17,21d880c5af52b286b29c6854c81ee0551e4b637c2754baa4cde3db8485610aac,train,train,0.87,0.11,What is the primary mode of transmission for HIV/AIDS in Africa,What is the primary mode of transmission of HIV in Africa? A,"In Africa, HIV/AIDS is primarily transmitted through unprotected sexual intercourse, although transmission can also occur through contaminated blood transfusions, needle sharing among injection drug u","Heterosexual transmission is the primary mode of HIV transmission in Africa, accounting for the majority of new infections."
06633a88cb7a1e2c49b6d381241b80382c5e42f4c96b8e80f33df833a7981140,c4e3ef27f652e9b7faedf9f75a39b4dd0397f703a888394d3349b2db4a4084ae,train,train,0.83,0.25,What is the recommended first-line treatment for severe anemia due to schistosomiasis in Africa?,What is the recommended first-line treatment for severe anemia due to trypanosomiasis in Africa?,Praziquantel is the recommended first-line treatment for schistosomiasis-related severe anemia in Africa. This anthelminthic medication is effective against all Schistosoma species and helps to reduce,Treatment of the underlying trypanosomal infection with medications such as suramin or melarsoprol is the recommended first-line treatment for severe anemia due to trypanosomiasis in Africa.
1cb1c81b196f79fa605d861b6f64d5313edcfaf645445e6e0f8d52e4341c156c,9a310a6b695c5df51c238fa9aa367f27bc6ba72060e59e28ca49b8dc23824e2a,train,train,0.88,0.23,"How does the prevalence of hypertension in Africa compare to other regions, and what are the contributing factors?","How does the prevalence of schistosomiasis in Africa compare to other regions, and what are the contributing factors?","Hypertension is highly prevalent in Africa, with rates exceeding those in many other regions. Contributing factors include genetic predisposition, dietary habits (such as high salt intake), obesity, a","Schistosomiasis is highly prevalent in Africa, particularly in areas with poor sanitation and limited access to clean water. Factors such as water contact activities and lack of awareness contribute t"
1cb1c81b196f79fa605d861b6f64d5313edcfaf645445e6e0f8d52e4341c156c,1be78659d9a2090856b561b8d4f0710f977f6717267a6f5fd725e73d8ce7e3f4,train,train,0.88,0.22,"How does the prevalence of hypertension in Africa compare to other regions, and what are the contributing factors?","How does the prevalence of diabetes in Africa compare to other regions, and what are the contributing factors?","Hypertension is highly prevalent in Africa, with rates exceeding those in many other regions. Contributing factors include genetic predisposition, dietary habits (such as high salt intake), obesity, a","Diabetes is becoming more prevalent in Africa, partly due to urbanization, changes in lifestyle (such as diet and physical activity), and genetic predisposition."
9413aa6f20e5f32a7e05dba608baa895ab2e928d9999cf7272b62f8bb8a8987b,f92215ef7a374fcc4c52dd2e287b60148ba55d7c625912e3ff164ae277e0193f,train,train,0.82,0.91,What is the second leading cause of maternal mortality in Nigeria?,What is the second leading cause of neonatal mortality in Nigeria?,"Sepsis is the second leading cause of maternal mortality in Nigeria, accounting for approximately 15% of all maternal deaths. The condition is caused by an infection that can lead to shock, organ fail","Sepsis is the second leading cause of neonatal mortality in Nigeria, accounting for approximately 20% of all neonatal deaths. The condition is caused by an infection that can lead to shock, organ fail"
c1892ae0f57d866bd272f64560ff3a07f6f387ffb19e3c140e7a3881a1c3efe8,0d50cea209c18955993da85550feb18177a0c51a0219fe19360df38f39f7108f,train,train,0.83,0.2,How does the availability of essential medications differ between urban and rural healthcare facilities in Africa?,How does the availability of essential medicines differ between urban and rural healthcare facilities in Africa?,"Urban healthcare facilities in Africa generally have better access to essential medications compared to rural facilities, where stockouts and limited distribution networks are common.","Rural healthcare facilities often face challenges in maintaining adequate stocks of essential medicines due to logistical issues and limited resources, impacting patient care and treatment outcomes."
af0a6bafb91cd46403e4a3f46f7bc209f3b0f293913582de66b70a44418745b9,8dedef31431096a593b8e7dd44403fb83fe21bcdd46cd8feb628b40ae572f2b1,train,train,0.9,0.28,What is the primary cause of chronic kidney disease in Africa?,What is the primary cause of chronic kidney disease in adults in Africa?,Chronic kidney disease in Africa is primarily caused by hypertension and untreated or poorly managed diabetes mellitus.,"Hypertension is the primary cause of chronic kidney disease in adults in Africa, leading to progressive renal damage and nephron loss over time. Factors such as poor blood pressure control, limited ac"
d2cc6c5dcfb5f4a6bf687d783f9db1d73a6192c1bab686ae77d0d01652dce0f0,717520dfb2197f3763eb01ae2f977787e72625e85c695266ad2d94a5a9349bae,train,train,0.91,0.37,What are the unique challenges in managing diabetes in Africa?,What are some unique challenges in managing diabetes in Africa?,"Challenges include limited access to healthcare, high costs of medication, poor adherence to treatment, and a high prevalence of undiagnosed cases.","Managing diabetes in Africa faces challenges such as limited access to healthcare, affordability of medication, and cultural beliefs impacting treatment adherence."
2e29b82709b3705c3fa5927790afede708fc67493108156832eccddd1165b53b,383e3675d7a40ff774f53f3d75f9c6e2c1d733099a29da0f4fecca2a79012475,train,train,0.83,0.54,What is the primary cause of chronic liver disease in adults in Africa?,What is the primary cause of chronic liver disease in children in Africa?,"Hepatitis C virus (HCV) infection is the primary cause of chronic liver disease in adults in Africa, leading to progressive liver inflammation, fibrosis, and cirrhosis. Factors such as unsafe medical ","Hepatitis B virus (HBV) infection is the primary cause of chronic liver disease in children in Africa, leading to progressive liver inflammation, fibrosis, and cirrhosis. Vertical transmission from mo"
f92215ef7a374fcc4c52dd2e287b60148ba55d7c625912e3ff164ae277e0193f,3d9439b11a6bc10feb390ff0d72e88d16f7b69115c7992911fce7dfcf9e46a07,train,train,0.86,0.72,What is the second leading cause of neonatal mortality in Nigeria?,What is the leading cause of neonatal mortality in Nigeria?,"Sepsis is the second leading cause of neonatal mortality in Nigeria, accounting for approximately 20% of all neonatal deaths. The condition is caused by an infection that can lead to shock, organ fail","Preterm birth is the leading cause of neonatal mortality in Nigeria, accounting for approximately 35% of all neonatal deaths. The condition is caused by premature birth, which can lead to respiratory "
568a1e4fe0ab4ba573a4c9adeb20d11310d6a0eaff6fddb1004e4e0ce6b89e51,5e13908150266c0f5544089d6f3ba9d6c7115deaace3ed535f148f40a435e05a,train,train,0.86,0.24,Describe the role of traditional medicine in healthcare delivery and disease management in African communities,Describe the role of traditional medicine in healthcare delivery in Africa.,"Traditional medicine in African communities provides culturally relevant and holistic healthcare, often serving as the first point of contact for many. It offers treatment for various ailments using n","Traditional medicine plays a significant role in healthcare delivery, particularly in rural areas where access to modern healthcare is limited. However, challenges include standardization, regulation,"
420d5d41a02cc09c30a0366c6bd7bb5c7df27e7b02c3f1a3888f9659f10f8e80,4ae3e6c94c9b86bcc8c4b76ef6232509ba77a0960b755feed5086b6f328fd710,train,train,0.85,0.65,How does the presentation of HIV/AIDS differ in African populations compared to Western populations?,How does the presentation of HIV/AIDS differ in African populations compared to populations in developed countries?,"HIV/AIDS in African populations may present at later stages with more severe symptoms due to limited access to testing, treatment, and healthcare services.","In African populations, HIV/AIDS often presents at a later stage with more advanced disease due to limited access to testing, treatment, and prevention services."
9a310a6b695c5df51c238fa9aa367f27bc6ba72060e59e28ca49b8dc23824e2a,1be78659d9a2090856b561b8d4f0710f977f6717267a6f5fd725e73d8ce7e3f4,train,train,0.89,0.13,"How does the prevalence of schistosomiasis in Africa compare to other regions, and what are the contributing factors?","How does the prevalence of diabetes in Africa compare to other regions, and what are the contributing factors?","Schistosomiasis is highly prevalent in Africa, particularly in areas with poor sanitation and limited access to clean water. Factors such as water contact activities and lack of awareness contribute t","Diabetes is becoming more prevalent in Africa, partly due to urbanization, changes in lifestyle (such as diet and physical activity), and genetic predisposition."
8dedef31431096a593b8e7dd44403fb83fe21bcdd46cd8feb628b40ae572f2b1,861707f0af7acff911d07d962903194467f44bd0271b22c8bcdae0592d245c51,train,train,0.87,0.64,What is the primary cause of chronic kidney disease in adults in Africa?,What is the primary cause of chronic kidney disease (CKD) in adults in Africa?,"Hypertension is the primary cause of chronic kidney disease in adults in Africa, leading to progressive renal damage and nephron loss over time. Factors such as poor blood pressure control, limited ac","Hypertension is the primary cause of chronic kidney disease (CKD) in adults in Africa, contributing to the high burden of end-stage renal disease (ESRD) in the region. Factors such as genetic predispo"
bfe899a3f30fc2cb258b2f5438491c5472140ab272a78c3a62dbcff4b5ce1117,484c4601c29a58cec3ff111483729b5c8927f0e8c06b2049e465eb5fac7bbdcb,test,test,0.86,0.14,Give indications for surgery in a patient with peptic ulcer disease,Give four indications for surgery in a patient with a bleeding peptic ulcer,"Perforation, bleeding, intractable pain, recurrences despite treatment, gastric outlet obstruction, suspected neoplasm","Severe, life-threatening hemorrhage not responsive to resuscitative efforts Failure of medical therapy and endoscopic hemostasis with persistent recurrent bleeding A coexisting reason for surgery (eg,"
b3a4a19c4aed1bb27bf550933d0c99384725da3eeb82b4518b0c835a1bf8995d,ead9ec39dfb20bd2c94f8253369751751d45b86997688951d6b23a2b46a5feea,test,test,0.93,0.09,"A 45-year-old woman is referred to the general surgical outpatients after her GP noticed a swelling in the neck. On questioning, the patient reports losing about 12kg in weight over the preceding 3 months, despite having an increased appetite. She also complains that she always feels hot and has to sleep on top of the bed covers at night. Her bowel motions have been loose. On further examination the surgeon makes a diagnosis of Grave’s disease. What are the initial investigations of this patient?","A 45-year-old woman is referred to the general surgical outpatients after her GP noticed a swelling in the neck. On questioning, the patient reports losing about 12kg in weight over the preceding 3 months, despite having an increased appetite. She also complains that she always feels hot and has to sleep on top of the bed covers at night. Her bowel motions have been loose. On further examination the surgeon makes a diagnosis of Grave’s disease. List FOUR (4) examination signs noticed by the surgeon specific to Grave’s disease",Bloods: o Thyroid function tests o Thyroid peroxidase antibodies (TPO Abs) o TSH receptor antibodies (TR Abs) Imaging: o Ultrasound (USS) Pathology: o Fine needle aspiration (FNA),o Exophthalmos o Chemosis o Ophthalmoplegia o Thyroid acropachy o Pretibial myxedema
ab96db8ab3bff58ebd1bd693a502f0b13837f6c2d24182d980c96ef88871fb8e,3ae7deced40e38cc018a81d9272ccac3b2e07aadb7ab6a3769af71100bfccc6f,test,test,0.84,0.0,"An adult alcoholic male present with right upper quadrant pain and a low-grade fever for 4 days. On examination he has marked right upper abdominal tenderness extending to the low intercostal spaces. On Ultrasonography a large cystic mass is noted on the right lobe of the liver. List five (5) aetiologic sources, and the route for each source, for pyogenic liver abscesses","An adult alcoholic male present with right upper quadrant pain and a low-grade fever for 4 days. On examination, he has marked right upper abdominal tenderness extending to the low intercostal spaces. On Ultrasonography a large cystic mass is noted on the right lobe of the liver. What specific management would you initiate in managing this patient?","Portal vein from GI, Hepatic artery from septicemia, Biliary tree from cholangitis, Umbilicus from sepsis, Local extension spread chest, diaphragm, abdominal wall","Antibiotics, and Aspiration/Drainage"
5c9b4402737826d84e8cd4899d75ec9ec64d143fcb464ac49863b97d3b9781f7,024456eb66228e57b3fedcd392c51581f9f5bc9d0f18c675a77715e2ad528644,test,test,0.96,0.24,"A 35-year-old lady presented with a six months history of a painful breast lump. The pain was cyclical (premenstrual). She is para 4+0 and she breast fed all her children. The breast lump was in the left upper outer quadrant. It measured 2X2 cm, not tender, mobile, firm, no clear margins and not attached to the skin. Both breasts felt lumpy and granular. The ipsilateral axillary nodes were not palpable. Other systems were normal. Histological evaluation is negative for malignancy Enumerate most likely differential diagnoses in this particular patient","A 35-year-old lady presented with a six months history of a painful breast lump. The pain was cyclical (premenstrual). She is para 4+0 and she breast fed all her children. The breast lump was in the left upper outer quadrant. It measured 2X2 cm, not tender, mobile, firm, no clear margins and not attached to the skin. Both breasts felt lumpy and granular. The ipsilateral axillary nodes were not palpable. Other systems were normal. Histological evaluation is negative for malignancy. a) What is your clinical diagnosis in this particular patient?",- Fibroadenosis. Fibroadenoma. - Galactocele. - Phylloides tumor. - Breast cyst. - Mastitis,Fibroadenosis (Fibrocystic disease).
ed78c366243c4f40550459ae640f8f067a28bfef3cd42bfed4a8f9643f0c373b,1d1ced2d66426c5d47090b6bc9c1225fededd7cace6e7eb4110a398dd4edd35f,test,test,0.66,0.96,"For patients with lung cancer, state four treatment modalities and give an example.",State four treatment options for patients with Lung Cancer,"- Surgery: Pneumonectomy, Lobectomy, Video Assisted Thoracoscopic Surgery (VATS) - Radiotherapy: Inoperable stages, Hemoptysis, Spinal Cord Compression, Mediastinal, Intracranial - Endobronchial treat","Surgery: Pneumonectomy, Lobectomy, Video Assisted Thoracoscopic Surgery (VATS) Radiotherapy: Inoperable stages, Haemoptysis, Spinal Cord Compression, Mediastinal, Intracranial Endobronchial treatment:"
cec0808f1c96301308d4a551efd8a3ef85758dc3fd90287d7a2ebd7028c74bd8,fea7baee6ca2134055f8c017e99c0b6e2d4c8fc239c856d4bf97ba95c3c53665,test,test,0.87,0.93,Name FIVE (5) symptoms and for each symptom indicate the associated mechanism(s) in patients with mediastinal tumors,Name five(5)symptoms and for each symptom indicate the associated mechanism (s) in patients with mediastinal tumours?,"- Cough: Airway narrowing, Compression - Chest Pain: Chest wall and nerve invasion - Dyspnea: Airway compromise, pleural effusion, pericardial tamponade, pulmonary stenosis, heart failure - Hemoptysis","Cough: Airway narrowing, Compression Chest Pain: Chest wall and nerve invasion Dyspnoe: Airway compromise, pleural effusion, pericardial tamponade, pulmonary stenosis, heart failure Haemoptysis: Airwa"
4b8f6a0598824a2464ba4fa07f64b739b6e4eebde82751fea64c69997edfba53,693a71721aeb2ee7001eecc371c5f74b830066d55dc29f49a1deaeefa8bdc10b,test,test,0.87,0.0,A 34-year-old patient presents to the emergency department with a history of rectal bleeding that is bright red and only noticed on wiping. The patient was complaining of constipation with no history of weight loss. The patient is hemodynamically stable with normal blood results. Outline measures to manage constipation in this patient.,A 34-year-old patient presents to the emergency department with a history of rectal bleeding that is bright red and only noticed on wiping. The patient was complaining of constipation with no history of weight loss. The patient is hemodynamically stable with normal blood results. List TWO investigations/procedures that will confirm the diagnosis.,To increase their fiber intake and ensure good oral hydration. Oral laxatives or stool softeners.,Proctoscopy Sigmoidoscopy. Colonoscopy
4b8f6a0598824a2464ba4fa07f64b739b6e4eebde82751fea64c69997edfba53,a0974733152f8a2e046774929f644553e1a7ad609850c631a40634558977d444,test,test,0.91,0.0,A 34-year-old patient presents to the emergency department with a history of rectal bleeding that is bright red and only noticed on wiping. The patient was complaining of constipation with no history of weight loss. The patient is hemodynamically stable with normal blood results. Outline measures to manage constipation in this patient.,A 34-year-old patient presents to the emergency department with a history of rectal bleeding that is bright red and only noticed on wiping. The patient was complaining of constipation with no history of weight loss. The patient is hemodynamically stable with normal blood results. List FOUR possible causes of the bleeding?,To increase their fiber intake and ensure good oral hydration. Oral laxatives or stool softeners.,Bleeding hemorrhoids. Anal fissure Rectal polyp Rectal/anal carcinoma Ulcerative colitis Diverticular disease
693a71721aeb2ee7001eecc371c5f74b830066d55dc29f49a1deaeefa8bdc10b,a0974733152f8a2e046774929f644553e1a7ad609850c631a40634558977d444,test,test,0.89,0.0,A 34-year-old patient presents to the emergency department with a history of rectal bleeding that is bright red and only noticed on wiping. The patient was complaining of constipation with no history of weight loss. The patient is hemodynamically stable with normal blood results. List TWO investigations/procedures that will confirm the diagnosis.,A 34-year-old patient presents to the emergency department with a history of rectal bleeding that is bright red and only noticed on wiping. The patient was complaining of constipation with no history of weight loss. The patient is hemodynamically stable with normal blood results. List FOUR possible causes of the bleeding?,Proctoscopy Sigmoidoscopy. Colonoscopy,Bleeding hemorrhoids. Anal fissure Rectal polyp Rectal/anal carcinoma Ulcerative colitis Diverticular disease
c66f1a049b28c9f3f54888bc84a59542042fb635713d3845816cdfacda287226,b372091e59155e789a4334e14fd1b67ff26f6d7a37cc8399a55a545123257b11,test,test,0.85,0.84,List THREE (3) contraindications for liver resection in a patient with HCC.,List four contraindications for liver resection in a patient with HCC,"Large tumour size (> 4cm), Multifocal disease (>3 nodules), extrahepatic metastasis, vascular /portal vein invasion, Poor performance status (ECOG score)","Large tumour size (> 4cm), Multifocal disease (>3 nodules), extrahepatic metastasis, vascular /portal vein invasion, Poor performance status (ECOG score), Uncontrolled viral hepatitis, Uncontrolled al"
cd88f81af5e136d8e0a0623bceed7f5102178ba724ed0ac29b34ca0fba0968fc,e857fcebbce8f37bc6d4a1c1262f0eb2dc3ff0376e30d97b1b008cb1b5006af6,test,test,0.68,1.0,Which imaging characteristics would increase your suspicion that the mass is most likely a HCC?,A 60-year male presents with a palpable right upper quadrant mass suspicious of a hepatocellular carcinoma. He is scheduled for a liver resection surgery. Which imaging characteristics would increase your suspicion that the mass is most likely a HCC?,"Heterogenous single or multiple mass, Rapid contrast arterial enhancement with a delayed portal venous washout","Heterogenous single or multiple mass, Rapid contrast arterial enhancement with a delayed portal venous washout"
f7d4a78a8e7667d3bde0021cb9c75271fb9eea598b6b114e9eea5eff946e3958,58e4ca6b9bd3b0cfe087ba9302a7c840b4e6b85ce2b1a5d6f167fddce2a89e0e,test,test,0.87,1.0,A 60-year male presents with a palpable right upper quadrant mass suspicious of a hepatocellular carcinoma (HCC). He is scheduled for a liver resection surgery. List FOUR (4) modifiable etiological factors for HCC.,A 60-year male presents with a palpable right upper quadrant mass suspicious of a hepatocellular carcinoma. He is scheduled for a liver resection surgery. List 4 important modifiable aetiological factors for HCC.,"Control alcohol abuse, Hepatitis B,C transmission reduction , (screen blood transfusion,, unsafe sex , IV drug use) , screening and treatment of hepatitis carriers ( antiviral drugs), limit Aflatoxins","Control alcohol abuse, hepatitis B,C transmission reduction , (screen blood transfusion,, unsafe sex , IV drug use) , screening and treatment of hepatitis carriers ( antiviral drugs), limit Aflatoxins"
9c0fc03fad4e3f2eb056342caf3faa62b2da330137a69cd9c13e9d2db3516685,a81bbe276a48cfd92ccc4d232c2d00158d3043fe523929e456aa762a4db03c3e,test,test,0.84,0.96,Enumerate three (3) physiological advantages of enteral feeding over parenteral feeding.,What are the advantages of enteral feeding over parenteral feeding?,Maintains integrity of gastrointestinal tract- Reduces translocation of gut bacteria that may lead to infection. Reduces the levels of pro-inflammatory cytokines generated by the gut that contribute t,Maintains integrity of gastrointestinal tract Reduces translocation of gut bacteria that may lead to infection. Reduces the levels of pro-inflammatory cytokines generated by the gut that contribute to
b602de36c7b3b3dc9607eb8be419e36bb2c8d7fefcc47e26a2ec769de7f2429f,326dc9788c09c251c6b3738ee9c6b6d0760b898d61a400f241006e15dc5d726b,test,test,0.83,0.79,List FOUR (4) contraindications to enteral feeding?,What are the contraindications to enteral feeding?,Bowel obstruction Prolonged ileus Severe pancreatitis High-output enterocutaneous fistula Short gut syndrome Bowel ischemia,Bowel obstruction Prolonged ileus Unable to obtain enteral access Severe pancreatitis High-output enterocutaneous fistula Short gut syndrome
68a220d01d24e43ffaa0035b102469c753dccd48565a3ffa1b1b5886b5215c74,296506107955212aa0d3f9b18e1e6d4e94dc0952365cd7e6a0887ad3c71f0431,test,test,0.81,0.34,"A 30-year-old male, weighing 70kg, develops a high output anastomotic leak 5 days after undergoing resection and anastomosis for adhesive small bowel obstruction. Total parenteral nutrition is planned. Estimate the caloric requirements of this patient.",A 30-year-old male develops an anastomotic leak 5 days after undergoing resection and anastomosis for adhesive small bowel obstruction. Total parenteral nutrition is planned.,25(20-30) kcal/kg/day – 1400-2100kcalories,Rough estimate: • 25 kcal/kg/day (35 kcal/kg/day for a critically ill or stressed patient) Calculation of basal energy expenditure (BEE) using the Harris-Benedict equation: Calculation of BEE using in
93aa2f7a8d47f68a5c8b5be1ca7d9908583a24ad38218a6d85263343b68fc39e,63ca9c71b52fabf92263c881663efa1a98fcfb19c8bdb1d793b64129267268e9,test,test,0.97,0.03,"A 65-year-old female, weighing 100kg, with a history of hypertension underwent surgery for cancer of the right colon. The estimated blood loss was 800 mL and intra-operative urine output was 150 ml. A central venous catheter was inserted. The patient received 1,000 mL of normal saline and 1 unit of packed red blood cells during surgery. Admission to the ICU was requested because the patient was slow to awaken from anesthesia. He arrived in the ICU on mechanical ventilation. Vital signs in the first hour included BP 110/50, HR 120, urine output of 25 mL for the hour, and a temperature of 35.4°C. What is the next step in the management of this patient?","A 65-year-old female, weighing 100kg, with a history of hypertension underwent surgery for cancer of the right colon. The estimated blood loss was 800 mL and intra-operative urine output was 150 ml. A central venous catheter was inserted. The patient received 1,000 mL of normal saline and 1 unit of packed red blood cells during surgery. Admission to the ICU was requested because the patient was slow to awaken from anesthesia. He arrived in the ICU on mechanical ventilation. Vital signs in the first hour included BP 110/50, HR 120, urine output of 25 mL for the hour, and a temperature of 35.4°C. List the investigation you would request in this patient?","Continuous hemodynamic monitoring Pain management/sedation A fluid and diuretic challenge. At least 0.5 to 1 mL/kg of urine per hour Restoring a normal temperature - external warming, devices, warm IV",Chest X-ray is needed to evaluate the placement of the central venous catheter (CVC) and endotracheal tube (ETT) An arterial blood gas (ABG) to assess ventilation/oxygenation A complete blood count Ur
93aa2f7a8d47f68a5c8b5be1ca7d9908583a24ad38218a6d85263343b68fc39e,3e95cc3d32d28cba71e6f872dc908a5c9b32a0c76641d62f69d0ee0d5d13ba1b,test,test,0.97,0.67,"A 65-year-old female, weighing 100kg, with a history of hypertension underwent surgery for cancer of the right colon. The estimated blood loss was 800 mL and intra-operative urine output was 150 ml. A central venous catheter was inserted. The patient received 1,000 mL of normal saline and 1 unit of packed red blood cells during surgery. Admission to the ICU was requested because the patient was slow to awaken from anesthesia. He arrived in the ICU on mechanical ventilation. Vital signs in the first hour included BP 110/50, HR 120, urine output of 25 mL for the hour, and a temperature of 35.4°C. What is the next step in the management of this patient?","A 65-year-old female with a history of hypertension underwent surgery for cancer of the right colon. The estimated blood loss was 800 mL and intra-operative urine output was 150 mL. A central venous catheter was inserted. The patient received 3,000 mL of normal saline and 1 unit of packed red blood cells during surgery. Admission to the ICU was requested because the patient was slow to awaken from anesthesia. He arrived in the ICU on mechanical ventilation. Vital signs in the first hour included BP 110/50, HR 120, urine output of 25 mL for the hour, and a temperature of 35.4°C. The patient is not moving. What are the next steps in management?","Continuous hemodynamic monitoring Pain management/sedation A fluid and diuretic challenge. At least 0.5 to 1 mL/kg of urine per hour Restoring a normal temperature - external warming, devices, warm IV",Continuous hemodynamic monitoring Pain management/sedation Chest X-ray is needed to evaluate the placement of the central venous catheter (CVC) and endotracheal tube (ETT) An arterial blood gas (ABG) 
63ca9c71b52fabf92263c881663efa1a98fcfb19c8bdb1d793b64129267268e9,3e95cc3d32d28cba71e6f872dc908a5c9b32a0c76641d62f69d0ee0d5d13ba1b,test,test,0.95,0.62,"A 65-year-old female, weighing 100kg, with a history of hypertension underwent surgery for cancer of the right colon. The estimated blood loss was 800 mL and intra-operative urine output was 150 ml. A central venous catheter was inserted. The patient received 1,000 mL of normal saline and 1 unit of packed red blood cells during surgery. Admission to the ICU was requested because the patient was slow to awaken from anesthesia. He arrived in the ICU on mechanical ventilation. Vital signs in the first hour included BP 110/50, HR 120, urine output of 25 mL for the hour, and a temperature of 35.4°C. List the investigation you would request in this patient?","A 65-year-old female with a history of hypertension underwent surgery for cancer of the right colon. The estimated blood loss was 800 mL and intra-operative urine output was 150 mL. A central venous catheter was inserted. The patient received 3,000 mL of normal saline and 1 unit of packed red blood cells during surgery. Admission to the ICU was requested because the patient was slow to awaken from anesthesia. He arrived in the ICU on mechanical ventilation. Vital signs in the first hour included BP 110/50, HR 120, urine output of 25 mL for the hour, and a temperature of 35.4°C. The patient is not moving. What are the next steps in management?",Chest X-ray is needed to evaluate the placement of the central venous catheter (CVC) and endotracheal tube (ETT) An arterial blood gas (ABG) to assess ventilation/oxygenation A complete blood count Ur,Continuous hemodynamic monitoring Pain management/sedation Chest X-ray is needed to evaluate the placement of the central venous catheter (CVC) and endotracheal tube (ETT) An arterial blood gas (ABG) 
34c6e8f4d84b19dadcef8856e9b4aa6675075227ab4602f82d4c6eca0468251c,6080345d0370cdcde0bdb7e36805cd7ceea6fd1881ee46e58be8b82976f608c5,test,test,0.82,0.1,Complications of sigmoid volvulus,Management of Sigmoid volvulus,a) Gangrene of the colon b) Peritonitis c) Acute renal failure due to dehydration d) Respiratory embarrassment,• Supportive a) Fluid resuscitation to correct fluid losses and electrolyte imbalances b) Pain management c) Ng tube decompression if vomiting • Definitive: Non-surgical a) Endoscopic decompression/re
d8c008b2899f971ec394d9b276d1c1a57bfc39f4bf3b2d0d15f5d1eb96bcf3a6,8e5de70861676d18671aadefa400a5930872595e10edc77fc7664ca71df1e70d,test,test,0.85,0.11,Write short notes on surgical site infections under the following subheadings: Prevention of SSIs,Write short notes on surgical site infections under the following subheadings: Management,"• Preoperatively a) Prophylactic antibiotics b) Avoid shaving hair routinely c) Patient to stop smoking, d) Advice patient on good nutrition • Intra-operatively a) Proper skin washing b) Change gloves","a) Remove any sutures, and clips and let the wound open for pus drainage. b) Debride any necrotic tissues c) Empirical Broad-spectrum Antibiotics d) Pain management e) Clean dressing of the wound"
d8c008b2899f971ec394d9b276d1c1a57bfc39f4bf3b2d0d15f5d1eb96bcf3a6,6c08bfc02eeb11eb86dc7d71d8c3f9aafdcb8f3158051995eea71e7a58abb156,test,test,0.81,0.11,Write short notes on surgical site infections under the following subheadings: Prevention of SSIs,Write short notes on surgical site infections under the following subheadings: Risk factors,"• Preoperatively a) Prophylactic antibiotics b) Avoid shaving hair routinely c) Patient to stop smoking, d) Advice patient on good nutrition • Intra-operatively a) Proper skin washing b) Change gloves",• Patient factors a) Increasing age b) Poor glucose control c) Obesity d) Smoking e) Renal Failure f) Immunosuppression • Operative factors a) Preoperative shaving b) Length of operation c) Use of ant
8e5de70861676d18671aadefa400a5930872595e10edc77fc7664ca71df1e70d,a7eb1cffc711af966e506b8d63632616e340cf18218c6ade3e6d9c44f9d70ef2,test,test,0.85,0.01,Write short notes on surgical site infections under the following subheadings: Management,Write short notes on surgical site infections under the following subheadings: Investigations for SSI,"a) Remove any sutures, and clips and let the wound open for pus drainage. b) Debride any necrotic tissues c) Empirical Broad-spectrum Antibiotics d) Pain management e) Clean dressing of the wound","• Laboratory a) Swab for MCS b) Inflammatory markers ESR, CRP c) DNA PCR d) ELISA • Imaging a) US b) MRI"
8e5de70861676d18671aadefa400a5930872595e10edc77fc7664ca71df1e70d,6c08bfc02eeb11eb86dc7d71d8c3f9aafdcb8f3158051995eea71e7a58abb156,test,test,0.91,0.01,Write short notes on surgical site infections under the following subheadings: Management,Write short notes on surgical site infections under the following subheadings: Risk factors,"a) Remove any sutures, and clips and let the wound open for pus drainage. b) Debride any necrotic tissues c) Empirical Broad-spectrum Antibiotics d) Pain management e) Clean dressing of the wound",• Patient factors a) Increasing age b) Poor glucose control c) Obesity d) Smoking e) Renal Failure f) Immunosuppression • Operative factors a) Preoperative shaving b) Length of operation c) Use of ant
8e5de70861676d18671aadefa400a5930872595e10edc77fc7664ca71df1e70d,0a92d38f0a47ec90adbfc5a4914d9e2f41d127657f8455abb7676c528dcfb9ed,test,test,0.84,0.08,Write short notes on surgical site infections under the following subheadings: Management,Write short notes on surgical site infections under the following subheadings: Definition and classification,"a) Remove any sutures, and clips and let the wound open for pus drainage. b) Debride any necrotic tissues c) Empirical Broad-spectrum Antibiotics d) Pain management e) Clean dressing of the wound",These are infections caused by microbial invasion of wounds created by an invasive surgical procedure Classification: • Incisional • Superficial: Skin and subcutaneous layer • Deep: Involving the musc
a7eb1cffc711af966e506b8d63632616e340cf18218c6ade3e6d9c44f9d70ef2,6c08bfc02eeb11eb86dc7d71d8c3f9aafdcb8f3158051995eea71e7a58abb156,test,test,0.81,0.0,Write short notes on surgical site infections under the following subheadings: Investigations for SSI,Write short notes on surgical site infections under the following subheadings: Risk factors,"• Laboratory a) Swab for MCS b) Inflammatory markers ESR, CRP c) DNA PCR d) ELISA • Imaging a) US b) MRI",• Patient factors a) Increasing age b) Poor glucose control c) Obesity d) Smoking e) Renal Failure f) Immunosuppression • Operative factors a) Preoperative shaving b) Length of operation c) Use of ant
6c08bfc02eeb11eb86dc7d71d8c3f9aafdcb8f3158051995eea71e7a58abb156,0a92d38f0a47ec90adbfc5a4914d9e2f41d127657f8455abb7676c528dcfb9ed,test,test,0.8,0.06,Write short notes on surgical site infections under the following subheadings: Risk factors,Write short notes on surgical site infections under the following subheadings: Definition and classification,• Patient factors a) Increasing age b) Poor glucose control c) Obesity d) Smoking e) Renal Failure f) Immunosuppression • Operative factors a) Preoperative shaving b) Length of operation c) Use of ant,These are infections caused by microbial invasion of wounds created by an invasive surgical procedure Classification: • Incisional • Superficial: Skin and subcutaneous layer • Deep: Involving the musc
6082f8e283e14f523c8524214f91850d0d3ac72408c248b7f7556979d027b103,992da88134a38cdfe050af2a1145d6d25494973b882ee3a944537cfca292fca3,test,test,0.93,0.03,Write short notes on Acute pancreatitis under the following subheadings: Complications,Write short notes on Acute pancreatitis under the following subheadings: Management,Local • Necrosis • Gangrene of transverse mesocolon • Splenic artery thrombosis • Pseudocysts • Chronic pancreatitis • Pancreatic abscesses • Pancreatic fistulas Systemic • ARDS • Pleural effusion • D,1. Management is supportive 2. Fluid therapy to correct dehydration. Use isotonic crystalloids. Consider comorbidities like CCF when administering fluids to prevent complications associated with fluid
6082f8e283e14f523c8524214f91850d0d3ac72408c248b7f7556979d027b103,1a9aa9c29f1238f6f9c30878f2747bb22d6f45989bf9c4a1d3df6f03dd31aca0,test,test,0.9,0.17,Write short notes on Acute pancreatitis under the following subheadings: Complications,Write short notes on Acute pancreatitis under the following subheadings: Investigations,Local • Necrosis • Gangrene of transverse mesocolon • Splenic artery thrombosis • Pseudocysts • Chronic pancreatitis • Pancreatic abscesses • Pancreatic fistulas Systemic • ARDS • Pleural effusion • D,"1. Laboratory • Pancreatic function tests- serum amylase and lipase elevated • Lipase more specific. • Complete blood count and differential white cell count • UECs to check for kidney function, elect"
6082f8e283e14f523c8524214f91850d0d3ac72408c248b7f7556979d027b103,83a63f0ef94998c398e30a8273e4fadd0a832584c1517441e22554ce14a5d92a,test,test,0.88,0.0,Write short notes on Acute pancreatitis under the following subheadings: Complications,Write short notes on Acute pancreatitis under the following subheadings: Risk factors,Local • Necrosis • Gangrene of transverse mesocolon • Splenic artery thrombosis • Pseudocysts • Chronic pancreatitis • Pancreatic abscesses • Pancreatic fistulas Systemic • ARDS • Pleural effusion • D,1. G -gallstones 2. E- ethanol 3. T- trauma 4. S – Steroids (prolonged use of steroids) 5. M - Mumps 6. A - Autoimmune 7. S – Scorpion sting 8. H – Hyperlipidemia/hypercalcemia 9. E - ERCP 10. D – Dru
992da88134a38cdfe050af2a1145d6d25494973b882ee3a944537cfca292fca3,1a9aa9c29f1238f6f9c30878f2747bb22d6f45989bf9c4a1d3df6f03dd31aca0,test,test,0.92,0.04,Write short notes on Acute pancreatitis under the following subheadings: Management,Write short notes on Acute pancreatitis under the following subheadings: Investigations,1. Management is supportive 2. Fluid therapy to correct dehydration. Use isotonic crystalloids. Consider comorbidities like CCF when administering fluids to prevent complications associated with fluid,"1. Laboratory • Pancreatic function tests- serum amylase and lipase elevated • Lipase more specific. • Complete blood count and differential white cell count • UECs to check for kidney function, elect"
992da88134a38cdfe050af2a1145d6d25494973b882ee3a944537cfca292fca3,83a63f0ef94998c398e30a8273e4fadd0a832584c1517441e22554ce14a5d92a,test,test,0.9,0.01,Write short notes on Acute pancreatitis under the following subheadings: Management,Write short notes on Acute pancreatitis under the following subheadings: Risk factors,1. Management is supportive 2. Fluid therapy to correct dehydration. Use isotonic crystalloids. Consider comorbidities like CCF when administering fluids to prevent complications associated with fluid,1. G -gallstones 2. E- ethanol 3. T- trauma 4. S – Steroids (prolonged use of steroids) 5. M - Mumps 6. A - Autoimmune 7. S – Scorpion sting 8. H – Hyperlipidemia/hypercalcemia 9. E - ERCP 10. D – Dru
1a9aa9c29f1238f6f9c30878f2747bb22d6f45989bf9c4a1d3df6f03dd31aca0,83a63f0ef94998c398e30a8273e4fadd0a832584c1517441e22554ce14a5d92a,test,test,0.88,0.03,Write short notes on Acute pancreatitis under the following subheadings: Investigations,Write short notes on Acute pancreatitis under the following subheadings: Risk factors,"1. Laboratory • Pancreatic function tests- serum amylase and lipase elevated • Lipase more specific. • Complete blood count and differential white cell count • UECs to check for kidney function, elect",1. G -gallstones 2. E- ethanol 3. T- trauma 4. S – Steroids (prolonged use of steroids) 5. M - Mumps 6. A - Autoimmune 7. S – Scorpion sting 8. H – Hyperlipidemia/hypercalcemia 9. E - ERCP 10. D – Dru
a19d34aa74e72e7f3a51848683525316ca70230aa461f66c6f8da9d83542efa7,c11d52068fd4805c78ec38782d1d63ad92708cb46a89f9a4d21d0cf7115871fe,test,test,0.88,0.0,4 weeks old male presented with projectile non-bilious vomiting for 2 days. A diagnosis of Duodenal atresia was made. What is the management?,4 weeks old male presented with projectile non-bilious vomiting for 2 days. A diagnosis of Duodenal atresia was made. How would you confirm the diagnosis?,"1. Supportive Management: Administer IV fluids, prepare the child for surgery 2. Definitive Management: Treated surgically through duodenoduodenostomy; a new connection between the upper duodenum and ",Abdominal Ultrasound
a19d34aa74e72e7f3a51848683525316ca70230aa461f66c6f8da9d83542efa7,affd0ea5d765d0f545f812de2a79ad57365a061cd6dab498a6b729e07f825dfa,test,test,0.84,0.04,4 weeks old male presented with projectile non-bilious vomiting for 2 days. A diagnosis of Duodenal atresia was made. What is the management?,4 weeks old male presented with projectile non-bilious vomiting for 2 days. A diagnosis of Duodenal atresia was made. List 4 metabolic derangements of the condition above,"1. Supportive Management: Administer IV fluids, prepare the child for surgery 2. Definitive Management: Treated surgically through duodenoduodenostomy; a new connection between the upper duodenum and ",i. Hypokalemia ii. Hypochloremia iii. Hypernatremia iv. Metabolic alkalosis
046e94d4db755c826683924f020faae37bef631254cb55817cc07df064688e2d,4b920a8bcc75d6a95110efd3321ee42034333bd0ab85ff63baf4acabb6d1d998,test,test,0.9,0.06,Discuss the following inheritance patterns and recurrence risks associated with it. Give at least one example. mitochondrial inheritance,Discuss the following inheritance patterns and recurrence risks associated with it. Give at least one example. X-linked dominant inheritance,"All mitochondria are inherited from the mother, affected mother passes the gene to all her children, and affected father to none of his children, e.g. certain myopathies, Leber’s optic neuropathy","Gene on X chromosome but dominant (as opposed to XLR), differs from AD in that no male to male inheritance occurs, e.g. Vit D resistant ricketts"
046e94d4db755c826683924f020faae37bef631254cb55817cc07df064688e2d,5444cd94c83e85742d19df5a913cf7e1b36c676b51c269ecd15053f69b594ffa,test,test,0.9,0.13,Discuss the following inheritance patterns and recurrence risks associated with it. Give at least one example. mitochondrial inheritance,Discuss the following inheritance patterns and recurrence risks associated with it. Give at least one example. X-linked recessive inheritance,"All mitochondria are inherited from the mother, affected mother passes the gene to all her children, and affected father to none of his children, e.g. certain myopathies, Leber’s optic neuropathy","Gene on X chromosome, will only express in absence of dominant gene (= only boys), Carrier mother (asymptomatic) has a 50% chance of affected son and 50% chance of carrier daughter, e.g. Haemophylia, "
046e94d4db755c826683924f020faae37bef631254cb55817cc07df064688e2d,2e8d91d1dfb0aab2df96318fd67abf91bbb876ee5e657e53a7d66d52f767cf47,test,test,0.89,0.03,Discuss the following inheritance patterns and recurrence risks associated with it. Give at least one example. mitochondrial inheritance,Discuss the following inheritance patterns and recurrence risks associated with it. Give at least one example. autosomal recessive inheritance,"All mitochondria are inherited from the mother, affected mother passes the gene to all her children, and affected father to none of his children, e.g. certain myopathies, Leber’s optic neuropathy","Both genes in a pair must be disease causing before disease is manifested, genes on autosome, no sex preference, if both parents heterozygous then 25% chance of affected (homozygous) child, e.g. Cysti"
046e94d4db755c826683924f020faae37bef631254cb55817cc07df064688e2d,023de7f01b9dae9c263dc46df07d2a255888b0d922f5d4152e87f2eb4ad98313,test,test,0.89,0.08,Discuss the following inheritance patterns and recurrence risks associated with it. Give at least one example. mitochondrial inheritance,Discuss the following inheritance patterns and recurrence risks associated with it. Give at least one example. autosomal dominant inheritance,"All mitochondria are inherited from the mother, affected mother passes the gene to all her children, and affected father to none of his children, e.g. certain myopathies, Leber’s optic neuropathy","Presence of 1 dominant disease causing gene in a pair on autosome, no sex preference, heterozygous parent has 50% risk of having an affected child, e.g. Neurofibromatosis, Achondroplasia, Huntington’s"
4b920a8bcc75d6a95110efd3321ee42034333bd0ab85ff63baf4acabb6d1d998,5444cd94c83e85742d19df5a913cf7e1b36c676b51c269ecd15053f69b594ffa,test,test,0.92,0.16,Discuss the following inheritance patterns and recurrence risks associated with it. Give at least one example. X-linked dominant inheritance,Discuss the following inheritance patterns and recurrence risks associated with it. Give at least one example. X-linked recessive inheritance,"Gene on X chromosome but dominant (as opposed to XLR), differs from AD in that no male to male inheritance occurs, e.g. Vit D resistant ricketts","Gene on X chromosome, will only express in absence of dominant gene (= only boys), Carrier mother (asymptomatic) has a 50% chance of affected son and 50% chance of carrier daughter, e.g. Haemophylia, "
4b920a8bcc75d6a95110efd3321ee42034333bd0ab85ff63baf4acabb6d1d998,2e8d91d1dfb0aab2df96318fd67abf91bbb876ee5e657e53a7d66d52f767cf47,test,test,0.86,0.04,Discuss the following inheritance patterns and recurrence risks associated with it. Give at least one example. X-linked dominant inheritance,Discuss the following inheritance patterns and recurrence risks associated with it. Give at least one example. autosomal recessive inheritance,"Gene on X chromosome but dominant (as opposed to XLR), differs from AD in that no male to male inheritance occurs, e.g. Vit D resistant ricketts","Both genes in a pair must be disease causing before disease is manifested, genes on autosome, no sex preference, if both parents heterozygous then 25% chance of affected (homozygous) child, e.g. Cysti"
4b920a8bcc75d6a95110efd3321ee42034333bd0ab85ff63baf4acabb6d1d998,023de7f01b9dae9c263dc46df07d2a255888b0d922f5d4152e87f2eb4ad98313,test,test,0.93,0.14,Discuss the following inheritance patterns and recurrence risks associated with it. Give at least one example. X-linked dominant inheritance,Discuss the following inheritance patterns and recurrence risks associated with it. Give at least one example. autosomal dominant inheritance,"Gene on X chromosome but dominant (as opposed to XLR), differs from AD in that no male to male inheritance occurs, e.g. Vit D resistant ricketts","Presence of 1 dominant disease causing gene in a pair on autosome, no sex preference, heterozygous parent has 50% risk of having an affected child, e.g. Neurofibromatosis, Achondroplasia, Huntington’s"
5444cd94c83e85742d19df5a913cf7e1b36c676b51c269ecd15053f69b594ffa,2e8d91d1dfb0aab2df96318fd67abf91bbb876ee5e657e53a7d66d52f767cf47,test,test,0.93,0.08,Discuss the following inheritance patterns and recurrence risks associated with it. Give at least one example. X-linked recessive inheritance,Discuss the following inheritance patterns and recurrence risks associated with it. Give at least one example. autosomal recessive inheritance,"Gene on X chromosome, will only express in absence of dominant gene (= only boys), Carrier mother (asymptomatic) has a 50% chance of affected son and 50% chance of carrier daughter, e.g. Haemophylia, ","Both genes in a pair must be disease causing before disease is manifested, genes on autosome, no sex preference, if both parents heterozygous then 25% chance of affected (homozygous) child, e.g. Cysti"
5444cd94c83e85742d19df5a913cf7e1b36c676b51c269ecd15053f69b594ffa,023de7f01b9dae9c263dc46df07d2a255888b0d922f5d4152e87f2eb4ad98313,test,test,0.86,0.22,Discuss the following inheritance patterns and recurrence risks associated with it. Give at least one example. X-linked recessive inheritance,Discuss the following inheritance patterns and recurrence risks associated with it. Give at least one example. autosomal dominant inheritance,"Gene on X chromosome, will only express in absence of dominant gene (= only boys), Carrier mother (asymptomatic) has a 50% chance of affected son and 50% chance of carrier daughter, e.g. Haemophylia, ","Presence of 1 dominant disease causing gene in a pair on autosome, no sex preference, heterozygous parent has 50% risk of having an affected child, e.g. Neurofibromatosis, Achondroplasia, Huntington’s"
2e8d91d1dfb0aab2df96318fd67abf91bbb876ee5e657e53a7d66d52f767cf47,023de7f01b9dae9c263dc46df07d2a255888b0d922f5d4152e87f2eb4ad98313,test,test,0.92,0.33,Discuss the following inheritance patterns and recurrence risks associated with it. Give at least one example. autosomal recessive inheritance,Discuss the following inheritance patterns and recurrence risks associated with it. Give at least one example. autosomal dominant inheritance,"Both genes in a pair must be disease causing before disease is manifested, genes on autosome, no sex preference, if both parents heterozygous then 25% chance of affected (homozygous) child, e.g. Cysti","Presence of 1 dominant disease causing gene in a pair on autosome, no sex preference, heterozygous parent has 50% risk of having an affected child, e.g. Neurofibromatosis, Achondroplasia, Huntington’s"
a16d719ada5fb90f3ea8ce803128d1560db9e7d52ce454f6f37f4b0312f1c019,7eb4c6dea35578cb88a25f3e2b79d65cf246b3867e0e86d8e3297b3cb2955a47,test,test,0.45,0.9,Features of hyperkalemia include,Mention two ECG features of hyperkalemia,-Flattened p waves -Broad QRS complexes -Peaked t waves,a. Peaked T waves b. Broad QRS complexes c. Small p waves
